clip,frame_idx,predicted_state,state_conf,top_k_states,dominant_components,reason_flags,state_origin,base_state_origin,base_state_name,oracle_step_hints,frame_name,source_label_frame_idx
10_assy_0_1,0,background,1.0,"[[""background"", 1.0]]",[],"[""observed_label""]",observed_label,observed_label,background,[],000000.jpg,0
10_assy_0_1,1,background,1.0,"[[""background"", 1.0]]",[],"[""observed_label""]",observed_label,observed_label,background,[],000001.jpg,1
10_assy_0_1,2,background,1.0,"[[""background"", 1.0]]",[],"[""observed_label""]",observed_label,observed_label,background,[],000002.jpg,2
10_assy_0_1,3,background,1.0,"[[""background"", 1.0]]",[],"[""observed_label""]",observed_label,observed_label,background,[],000003.jpg,3
10_assy_0_1,4,background,1.0,"[[""background"", 1.0]]",[],"[""observed_label""]",observed_label,observed_label,background,[],000004.jpg,4
10_assy_0_1,5,background,1.0,"[[""background"", 1.0]]",[],"[""observed_label""]",observed_label,observed_label,background,[],000005.jpg,5
10_assy_0_1,6,background,1.0,"[[""background"", 1.0]]",[],"[""observed_label""]",observed_label,observed_label,background,[],000006.jpg,6
10_assy_0_1,7,background,1.0,"[[""background"", 1.0]]",[],"[""observed_label""]",observed_label,observed_label,background,[],000007.jpg,7
10_assy_0_1,8,background,1.0,"[[""background"", 1.0]]",[],"[""observed_label""]",observed_label,observed_label,background,[],000008.jpg,8
10_assy_0_1,9,background,1.0,"[[""background"", 1.0]]",[],"[""observed_label""]",observed_label,observed_label,background,[],000009.jpg,9
10_assy_0_1,10,background,1.0,"[[""background"", 1.0]]",[],"[""observed_label""]",observed_label,observed_label,background,[],000010.jpg,10
10_assy_0_1,11,background,1.0,"[[""background"", 1.0]]",[],"[""observed_label""]",observed_label,observed_label,background,[],000011.jpg,11
10_assy_0_1,12,background,1.0,"[[""background"", 1.0]]",[],"[""observed_label""]",observed_label,observed_label,background,[],000012.jpg,12
10_assy_0_1,13,background,1.0,"[[""background"", 1.0]]",[],"[""observed_label""]",observed_label,observed_label,background,[],000013.jpg,13
10_assy_0_1,14,background,1.0,"[[""background"", 1.0]]",[],"[""observed_label""]",observed_label,observed_label,background,[],000014.jpg,14
10_assy_0_1,15,background,1.0,"[[""background"", 1.0]]",[],"[""observed_label""]",observed_label,observed_label,background,[],000015.jpg,15
10_assy_0_1,16,background,1.0,"[[""background"", 1.0]]",[],"[""observed_label""]",observed_label,observed_label,background,[],000016.jpg,16
10_assy_0_1,17,background,1.0,"[[""background"", 1.0]]",[],"[""observed_label""]",observed_label,observed_label,background,[],000017.jpg,17
10_assy_0_1,18,background,1.0,"[[""background"", 1.0]]",[],"[""observed_label""]",observed_label,observed_label,background,[],000018.jpg,18
10_assy_0_1,19,background,1.0,"[[""background"", 1.0]]",[],"[""observed_label""]",observed_label,observed_label,background,[],000019.jpg,19
10_assy_0_1,20,background,1.0,"[[""background"", 1.0]]",[],"[""observed_label""]",observed_label,observed_label,background,[],000020.jpg,20
10_assy_0_1,21,background,1.0,"[[""background"", 1.0]]",[],"[""observed_label""]",observed_label,observed_label,background,[],000021.jpg,21
10_assy_0_1,22,background,1.0,"[[""background"", 1.0]]",[],"[""observed_label""]",observed_label,observed_label,background,[],000022.jpg,22
10_assy_0_1,23,background,0.9,"[[""background"", 0.9]]",[],"[""seeded_initial_state""]",seeded_initial_state,seeded_initial_state,background,[],000023.jpg,
10_assy_0_1,24,background,0.9,"[[""background"", 0.9]]",[],"[""seeded_initial_state""]",seeded_initial_state,seeded_initial_state,background,[],000024.jpg,
10_assy_0_1,25,background,0.9,"[[""background"", 0.9]]",[],"[""seeded_initial_state""]",seeded_initial_state,seeded_initial_state,background,[],000025.jpg,
10_assy_0_1,26,background,0.9,"[[""background"", 0.9]]",[],"[""seeded_initial_state""]",seeded_initial_state,seeded_initial_state,background,[],000026.jpg,
10_assy_0_1,27,background,0.9,"[[""background"", 0.9]]",[],"[""seeded_initial_state""]",seeded_initial_state,seeded_initial_state,background,[],000027.jpg,
10_assy_0_1,28,background,0.9,"[[""background"", 0.9]]",[],"[""seeded_initial_state""]",seeded_initial_state,seeded_initial_state,background,[],000028.jpg,
10_assy_0_1,29,background,0.9,"[[""background"", 0.9]]",[],"[""seeded_initial_state""]",seeded_initial_state,seeded_initial_state,background,[],000029.jpg,
10_assy_0_1,30,background,0.9,"[[""background"", 0.9]]",[],"[""seeded_initial_state""]",seeded_initial_state,seeded_initial_state,background,[],000030.jpg,
10_assy_0_1,31,background,0.9,"[[""background"", 0.9]]",[],"[""seeded_initial_state""]",seeded_initial_state,seeded_initial_state,background,[],000031.jpg,
10_assy_0_1,32,background,0.9,"[[""background"", 0.9]]",[],"[""seeded_initial_state""]",seeded_initial_state,seeded_initial_state,background,[],000032.jpg,
10_assy_0_1,33,background,0.9,"[[""background"", 0.9]]",[],"[""seeded_initial_state""]",seeded_initial_state,seeded_initial_state,background,[],000033.jpg,
10_assy_0_1,34,background,0.9,"[[""background"", 0.9]]",[],"[""seeded_initial_state""]",seeded_initial_state,seeded_initial_state,background,[],000034.jpg,
10_assy_0_1,35,background,0.9,"[[""background"", 0.9]]",[],"[""seeded_initial_state""]",seeded_initial_state,seeded_initial_state,background,[],000035.jpg,
10_assy_0_1,36,background,0.9,"[[""background"", 0.9]]",[],"[""seeded_initial_state""]",seeded_initial_state,seeded_initial_state,background,[],000036.jpg,
10_assy_0_1,37,background,0.9,"[[""background"", 0.9]]",[],"[""seeded_initial_state""]",seeded_initial_state,seeded_initial_state,background,[],000037.jpg,
10_assy_0_1,38,background,0.9,"[[""background"", 0.9]]",[],"[""seeded_initial_state""]",seeded_initial_state,seeded_initial_state,background,[],000038.jpg,
10_assy_0_1,39,background,0.9,"[[""background"", 0.9]]",[],"[""seeded_initial_state""]",seeded_initial_state,seeded_initial_state,background,[],000039.jpg,
10_assy_0_1,40,background,0.9,"[[""background"", 0.9]]",[],"[""seeded_initial_state""]",seeded_initial_state,seeded_initial_state,background,[],000040.jpg,
10_assy_0_1,41,background,0.9,"[[""background"", 0.9]]",[],"[""seeded_initial_state""]",seeded_initial_state,seeded_initial_state,background,[],000041.jpg,
10_assy_0_1,42,background,0.9,"[[""background"", 0.9]]",[],"[""seeded_initial_state""]",seeded_initial_state,seeded_initial_state,background,[],000042.jpg,
10_assy_0_1,43,background,0.9,"[[""background"", 0.9]]",[],"[""seeded_initial_state""]",seeded_initial_state,seeded_initial_state,background,[],000043.jpg,
10_assy_0_1,44,background,0.9,"[[""background"", 0.9]]",[],"[""seeded_initial_state""]",seeded_initial_state,seeded_initial_state,background,[],000044.jpg,
10_assy_0_1,45,background,0.9,"[[""background"", 0.9]]",[],"[""seeded_initial_state""]",seeded_initial_state,seeded_initial_state,background,[],000045.jpg,
10_assy_0_1,46,background,0.9,"[[""background"", 0.9]]",[],"[""seeded_initial_state""]",seeded_initial_state,seeded_initial_state,background,[],000046.jpg,
10_assy_0_1,47,background,0.9,"[[""background"", 0.9]]",[],"[""seeded_initial_state""]",seeded_initial_state,seeded_initial_state,background,[],000047.jpg,
10_assy_0_1,48,background,0.9,"[[""background"", 0.9]]",[],"[""seeded_initial_state""]",seeded_initial_state,seeded_initial_state,background,[],000048.jpg,
10_assy_0_1,49,background,0.9,"[[""background"", 0.9]]",[],"[""seeded_initial_state""]",seeded_initial_state,seeded_initial_state,background,[],000049.jpg,
10_assy_0_1,50,background,0.9,"[[""background"", 0.9]]",[],"[""seeded_initial_state""]",seeded_initial_state,seeded_initial_state,background,[],000050.jpg,
10_assy_0_1,51,background,0.9,"[[""background"", 0.9]]",[],"[""seeded_initial_state""]",seeded_initial_state,seeded_initial_state,background,[],000051.jpg,
10_assy_0_1,52,background,0.9,"[[""background"", 0.9]]",[],"[""seeded_initial_state""]",seeded_initial_state,seeded_initial_state,background,[],000052.jpg,
10_assy_0_1,53,background,0.9,"[[""background"", 0.9]]",[],"[""seeded_initial_state""]",seeded_initial_state,seeded_initial_state,background,[],000053.jpg,
10_assy_0_1,54,background,0.9,"[[""background"", 0.9]]",[],"[""seeded_initial_state""]",seeded_initial_state,seeded_initial_state,background,[],000054.jpg,
10_assy_0_1,55,background,0.9,"[[""background"", 0.9]]",[],"[""seeded_initial_state""]",seeded_initial_state,seeded_initial_state,background,[],000055.jpg,
10_assy_0_1,56,background,0.9,"[[""background"", 0.9]]",[],"[""seeded_initial_state""]",seeded_initial_state,seeded_initial_state,background,[],000056.jpg,
10_assy_0_1,57,background,0.9,"[[""background"", 0.9]]",[],"[""seeded_initial_state""]",seeded_initial_state,seeded_initial_state,background,[],000057.jpg,
10_assy_0_1,58,background,0.9,"[[""background"", 0.9]]",[],"[""seeded_initial_state""]",seeded_initial_state,seeded_initial_state,background,[],000058.jpg,
10_assy_0_1,59,background,0.9,"[[""background"", 0.9]]",[],"[""seeded_initial_state""]",seeded_initial_state,seeded_initial_state,background,[],000059.jpg,
10_assy_0_1,60,background,0.9,"[[""background"", 0.9]]",[],"[""seeded_initial_state""]",seeded_initial_state,seeded_initial_state,background,[],000060.jpg,
10_assy_0_1,61,background,0.9,"[[""background"", 0.9]]",[],"[""seeded_initial_state""]",seeded_initial_state,seeded_initial_state,background,[],000061.jpg,
10_assy_0_1,62,background,0.9,"[[""background"", 0.9]]",[],"[""seeded_initial_state""]",seeded_initial_state,seeded_initial_state,background,[],000062.jpg,
10_assy_0_1,63,background,0.9,"[[""background"", 0.9]]",[],"[""seeded_initial_state""]",seeded_initial_state,seeded_initial_state,background,[],000063.jpg,
10_assy_0_1,64,background,0.9,"[[""background"", 0.9]]",[],"[""seeded_initial_state""]",seeded_initial_state,seeded_initial_state,background,[],000064.jpg,
10_assy_0_1,65,background,0.9,"[[""background"", 0.9]]",[],"[""seeded_initial_state""]",seeded_initial_state,seeded_initial_state,background,[],000065.jpg,
10_assy_0_1,66,background,0.9,"[[""background"", 0.9]]",[],"[""seeded_initial_state""]",seeded_initial_state,seeded_initial_state,background,[],000066.jpg,
10_assy_0_1,67,background,0.9,"[[""background"", 0.9]]",[],"[""seeded_initial_state""]",seeded_initial_state,seeded_initial_state,background,[],000067.jpg,
10_assy_0_1,68,background,0.9,"[[""background"", 0.9]]",[],"[""seeded_initial_state""]",seeded_initial_state,seeded_initial_state,background,[],000068.jpg,
10_assy_0_1,69,background,0.9,"[[""background"", 0.9]]",[],"[""seeded_initial_state""]",seeded_initial_state,seeded_initial_state,background,[],000069.jpg,
10_assy_0_1,70,background,0.9,"[[""background"", 0.9]]",[],"[""seeded_initial_state""]",seeded_initial_state,seeded_initial_state,background,[],000070.jpg,
10_assy_0_1,71,background,0.9,"[[""background"", 0.9]]",[],"[""seeded_initial_state""]",seeded_initial_state,seeded_initial_state,background,[],000071.jpg,
10_assy_0_1,72,background,0.9,"[[""background"", 0.9]]",[],"[""seeded_initial_state""]",seeded_initial_state,seeded_initial_state,background,[],000072.jpg,
10_assy_0_1,73,background,0.9,"[[""background"", 0.9]]",[],"[""seeded_initial_state""]",seeded_initial_state,seeded_initial_state,background,[],000073.jpg,
10_assy_0_1,74,background,0.9,"[[""background"", 0.9]]",[],"[""seeded_initial_state""]",seeded_initial_state,seeded_initial_state,background,[],000074.jpg,
10_assy_0_1,75,background,0.9,"[[""background"", 0.9]]",[],"[""seeded_initial_state""]",seeded_initial_state,seeded_initial_state,background,[],000075.jpg,
10_assy_0_1,76,background,0.9,"[[""background"", 0.9]]",[],"[""seeded_initial_state""]",seeded_initial_state,seeded_initial_state,background,[],000076.jpg,
10_assy_0_1,77,background,0.9,"[[""background"", 0.9]]",[],"[""seeded_initial_state""]",seeded_initial_state,seeded_initial_state,background,[],000077.jpg,
10_assy_0_1,78,background,0.9,"[[""background"", 0.9]]",[],"[""seeded_initial_state""]",seeded_initial_state,seeded_initial_state,background,[],000078.jpg,
10_assy_0_1,79,background,0.9,"[[""background"", 0.9]]",[],"[""seeded_initial_state""]",seeded_initial_state,seeded_initial_state,background,[],000079.jpg,
10_assy_0_1,80,background,0.9,"[[""background"", 0.9]]",[],"[""seeded_initial_state""]",seeded_initial_state,seeded_initial_state,background,[],000080.jpg,
10_assy_0_1,81,background,0.9,"[[""background"", 0.9]]",[],"[""seeded_initial_state""]",seeded_initial_state,seeded_initial_state,background,[],000081.jpg,
10_assy_0_1,82,background,0.9,"[[""background"", 0.9]]",[],"[""seeded_initial_state""]",seeded_initial_state,seeded_initial_state,background,[],000082.jpg,
10_assy_0_1,83,background,0.9,"[[""background"", 0.9]]",[],"[""seeded_initial_state""]",seeded_initial_state,seeded_initial_state,background,[],000083.jpg,
10_assy_0_1,84,background,0.9,"[[""background"", 0.9]]",[],"[""seeded_initial_state""]",seeded_initial_state,seeded_initial_state,background,[],000084.jpg,
10_assy_0_1,85,background,0.9,"[[""background"", 0.9]]",[],"[""seeded_initial_state""]",seeded_initial_state,seeded_initial_state,background,[],000085.jpg,
10_assy_0_1,86,background,0.9,"[[""background"", 0.9]]",[],"[""seeded_initial_state""]",seeded_initial_state,seeded_initial_state,background,[],000086.jpg,
10_assy_0_1,87,background,0.9,"[[""background"", 0.9]]",[],"[""seeded_initial_state""]",seeded_initial_state,seeded_initial_state,background,[],000087.jpg,
10_assy_0_1,88,background,0.9,"[[""background"", 0.9]]",[],"[""seeded_initial_state""]",seeded_initial_state,seeded_initial_state,background,[],000088.jpg,
10_assy_0_1,89,background,0.9,"[[""background"", 0.9]]",[],"[""seeded_initial_state""]",seeded_initial_state,seeded_initial_state,background,[],000089.jpg,
10_assy_0_1,90,background,0.9,"[[""background"", 0.9]]",[],"[""seeded_initial_state""]",seeded_initial_state,seeded_initial_state,background,[],000090.jpg,
10_assy_0_1,91,background,0.9,"[[""background"", 0.9]]",[],"[""seeded_initial_state""]",seeded_initial_state,seeded_initial_state,background,[],000091.jpg,
10_assy_0_1,92,background,0.9,"[[""background"", 0.9]]",[],"[""seeded_initial_state""]",seeded_initial_state,seeded_initial_state,background,[],000092.jpg,
10_assy_0_1,93,background,0.9,"[[""background"", 0.9]]",[],"[""seeded_initial_state""]",seeded_initial_state,seeded_initial_state,background,[],000093.jpg,
10_assy_0_1,94,background,0.9,"[[""background"", 0.9]]",[],"[""seeded_initial_state""]",seeded_initial_state,seeded_initial_state,background,[],000094.jpg,
10_assy_0_1,95,background,0.9,"[[""background"", 0.9]]",[],"[""seeded_initial_state""]",seeded_initial_state,seeded_initial_state,background,[],000095.jpg,
10_assy_0_1,96,background,0.9,"[[""background"", 0.9]]",[],"[""seeded_initial_state""]",seeded_initial_state,seeded_initial_state,background,[],000096.jpg,
10_assy_0_1,97,background,0.9,"[[""background"", 0.9]]",[],"[""seeded_initial_state""]",seeded_initial_state,seeded_initial_state,background,[],000097.jpg,
10_assy_0_1,98,background,0.9,"[[""background"", 0.9]]",[],"[""seeded_initial_state""]",seeded_initial_state,seeded_initial_state,background,[],000098.jpg,
10_assy_0_1,99,background,0.9,"[[""background"", 0.9]]",[],"[""seeded_initial_state""]",seeded_initial_state,seeded_initial_state,background,[],000099.jpg,
10_assy_0_1,100,background,0.9,"[[""background"", 0.9]]",[],"[""seeded_initial_state""]",seeded_initial_state,seeded_initial_state,background,[],000100.jpg,
10_assy_0_1,101,background,0.9,"[[""background"", 0.9]]",[],"[""seeded_initial_state""]",seeded_initial_state,seeded_initial_state,background,[],000101.jpg,
10_assy_0_1,102,background,0.9,"[[""background"", 0.9]]",[],"[""seeded_initial_state""]",seeded_initial_state,seeded_initial_state,background,[],000102.jpg,
10_assy_0_1,103,background,0.9,"[[""background"", 0.9]]",[],"[""seeded_initial_state""]",seeded_initial_state,seeded_initial_state,background,[],000103.jpg,
10_assy_0_1,104,background,0.9,"[[""background"", 0.9]]",[],"[""seeded_initial_state""]",seeded_initial_state,seeded_initial_state,background,[],000104.jpg,
10_assy_0_1,105,background,0.9,"[[""background"", 0.9]]",[],"[""seeded_initial_state""]",seeded_initial_state,seeded_initial_state,background,[],000105.jpg,
10_assy_0_1,106,background,0.9,"[[""background"", 0.9]]",[],"[""seeded_initial_state""]",seeded_initial_state,seeded_initial_state,background,[],000106.jpg,
10_assy_0_1,107,background,0.9,"[[""background"", 0.9]]",[],"[""seeded_initial_state""]",seeded_initial_state,seeded_initial_state,background,[],000107.jpg,
10_assy_0_1,108,background,0.9,"[[""background"", 0.9]]",[],"[""seeded_initial_state""]",seeded_initial_state,seeded_initial_state,background,[],000108.jpg,
10_assy_0_1,109,background,0.9,"[[""background"", 0.9]]",[],"[""seeded_initial_state""]",seeded_initial_state,seeded_initial_state,background,[],000109.jpg,
10_assy_0_1,110,background,0.9,"[[""background"", 0.9]]",[],"[""seeded_initial_state""]",seeded_initial_state,seeded_initial_state,background,[],000110.jpg,
10_assy_0_1,111,background,0.9,"[[""background"", 0.9]]",[],"[""seeded_initial_state""]",seeded_initial_state,seeded_initial_state,background,[],000111.jpg,
10_assy_0_1,112,background,0.9,"[[""background"", 0.9]]",[],"[""seeded_initial_state""]",seeded_initial_state,seeded_initial_state,background,[],000112.jpg,
10_assy_0_1,113,background,0.9,"[[""background"", 0.9]]",[],"[""seeded_initial_state""]",seeded_initial_state,seeded_initial_state,background,[],000113.jpg,
10_assy_0_1,114,background,0.9,"[[""background"", 0.9]]",[],"[""seeded_initial_state""]",seeded_initial_state,seeded_initial_state,background,[],000114.jpg,
10_assy_0_1,115,background,0.9,"[[""background"", 0.9]]",[],"[""seeded_initial_state""]",seeded_initial_state,seeded_initial_state,background,[],000115.jpg,
10_assy_0_1,116,background,0.9,"[[""background"", 0.9]]",[],"[""seeded_initial_state""]",seeded_initial_state,seeded_initial_state,background,[],000116.jpg,
10_assy_0_1,117,background,0.9,"[[""background"", 0.9]]",[],"[""seeded_initial_state""]",seeded_initial_state,seeded_initial_state,background,[],000117.jpg,
10_assy_0_1,118,background,0.9,"[[""background"", 0.9]]",[],"[""seeded_initial_state""]",seeded_initial_state,seeded_initial_state,background,[],000118.jpg,
10_assy_0_1,119,background,0.9,"[[""background"", 0.9]]",[],"[""seeded_initial_state""]",seeded_initial_state,seeded_initial_state,background,[],000119.jpg,
10_assy_0_1,120,background,0.9,"[[""background"", 0.9]]",[],"[""seeded_initial_state""]",seeded_initial_state,seeded_initial_state,background,[],000120.jpg,
10_assy_0_1,121,background,0.9,"[[""background"", 0.9]]",[],"[""seeded_initial_state""]",seeded_initial_state,seeded_initial_state,background,[],000121.jpg,
10_assy_0_1,122,background,0.9,"[[""background"", 0.9]]",[],"[""seeded_initial_state""]",seeded_initial_state,seeded_initial_state,background,[],000122.jpg,
10_assy_0_1,123,background,0.9,"[[""background"", 0.9]]",[],"[""seeded_initial_state""]",seeded_initial_state,seeded_initial_state,background,[],000123.jpg,
10_assy_0_1,124,background,0.9,"[[""background"", 0.9]]",[],"[""seeded_initial_state""]",seeded_initial_state,seeded_initial_state,background,[],000124.jpg,
10_assy_0_1,125,background,0.9,"[[""background"", 0.9]]",[],"[""seeded_initial_state""]",seeded_initial_state,seeded_initial_state,background,[],000125.jpg,
10_assy_0_1,126,background,0.9,"[[""background"", 0.9]]",[],"[""seeded_initial_state""]",seeded_initial_state,seeded_initial_state,background,[],000126.jpg,
10_assy_0_1,127,background,0.9,"[[""background"", 0.9]]",[],"[""seeded_initial_state""]",seeded_initial_state,seeded_initial_state,background,[],000127.jpg,
10_assy_0_1,128,background,0.9,"[[""background"", 0.9]]",[],"[""seeded_initial_state""]",seeded_initial_state,seeded_initial_state,background,[],000128.jpg,
10_assy_0_1,129,background,0.9,"[[""background"", 0.9]]",[],"[""seeded_initial_state""]",seeded_initial_state,seeded_initial_state,background,[],000129.jpg,
10_assy_0_1,130,background,0.9,"[[""background"", 0.9]]",[],"[""seeded_initial_state""]",seeded_initial_state,seeded_initial_state,background,[],000130.jpg,
10_assy_0_1,131,background,0.9,"[[""background"", 0.9]]",[],"[""seeded_initial_state""]",seeded_initial_state,seeded_initial_state,background,[],000131.jpg,
10_assy_0_1,132,background,0.9,"[[""background"", 0.9]]",[],"[""seeded_initial_state""]",seeded_initial_state,seeded_initial_state,background,[],000132.jpg,
10_assy_0_1,133,background,0.9,"[[""background"", 0.9]]",[],"[""seeded_initial_state""]",seeded_initial_state,seeded_initial_state,background,[],000133.jpg,
10_assy_0_1,134,background,0.9,"[[""background"", 0.9]]",[],"[""seeded_initial_state""]",seeded_initial_state,seeded_initial_state,background,[],000134.jpg,
10_assy_0_1,135,background,0.9,"[[""background"", 0.9]]",[],"[""seeded_initial_state""]",seeded_initial_state,seeded_initial_state,background,[],000135.jpg,
10_assy_0_1,136,background,0.9,"[[""background"", 0.9]]",[],"[""seeded_initial_state""]",seeded_initial_state,seeded_initial_state,background,[],000136.jpg,
10_assy_0_1,137,background,0.9,"[[""background"", 0.9]]",[],"[""seeded_initial_state""]",seeded_initial_state,seeded_initial_state,background,[],000137.jpg,
10_assy_0_1,138,background,0.9,"[[""background"", 0.9]]",[],"[""seeded_initial_state""]",seeded_initial_state,seeded_initial_state,background,[],000138.jpg,
10_assy_0_1,139,background,0.9,"[[""background"", 0.9]]",[],"[""seeded_initial_state""]",seeded_initial_state,seeded_initial_state,background,[],000139.jpg,
10_assy_0_1,140,background,0.9,"[[""background"", 0.9]]",[],"[""seeded_initial_state""]",seeded_initial_state,seeded_initial_state,background,[],000140.jpg,
10_assy_0_1,141,background,0.9,"[[""background"", 0.9]]",[],"[""seeded_initial_state""]",seeded_initial_state,seeded_initial_state,background,[],000141.jpg,
10_assy_0_1,142,background,0.9,"[[""background"", 0.9]]",[],"[""seeded_initial_state""]",seeded_initial_state,seeded_initial_state,background,[],000142.jpg,
10_assy_0_1,143,background,0.9,"[[""background"", 0.9]]",[],"[""seeded_initial_state""]",seeded_initial_state,seeded_initial_state,background,[],000143.jpg,
10_assy_0_1,144,background,0.9,"[[""background"", 0.9]]",[],"[""seeded_initial_state""]",seeded_initial_state,seeded_initial_state,background,[],000144.jpg,
10_assy_0_1,145,background,0.9,"[[""background"", 0.9]]",[],"[""seeded_initial_state""]",seeded_initial_state,seeded_initial_state,background,[],000145.jpg,
10_assy_0_1,146,background,0.9,"[[""background"", 0.9]]",[],"[""seeded_initial_state""]",seeded_initial_state,seeded_initial_state,background,[],000146.jpg,
10_assy_0_1,147,background,0.9,"[[""background"", 0.9]]",[],"[""seeded_initial_state""]",seeded_initial_state,seeded_initial_state,background,[],000147.jpg,
10_assy_0_1,148,background,0.9,"[[""background"", 0.9]]",[],"[""seeded_initial_state""]",seeded_initial_state,seeded_initial_state,background,[],000148.jpg,
10_assy_0_1,149,background,0.9,"[[""background"", 0.9]]",[],"[""seeded_initial_state""]",seeded_initial_state,seeded_initial_state,background,[],000149.jpg,
10_assy_0_1,150,background,0.9,"[[""background"", 0.9]]",[],"[""seeded_initial_state""]",seeded_initial_state,seeded_initial_state,background,[],000150.jpg,
10_assy_0_1,151,background,0.9,"[[""background"", 0.9]]",[],"[""seeded_initial_state""]",seeded_initial_state,seeded_initial_state,background,[],000151.jpg,
10_assy_0_1,152,background,0.9,"[[""background"", 0.9]]",[],"[""seeded_initial_state""]",seeded_initial_state,seeded_initial_state,background,[],000152.jpg,
10_assy_0_1,153,background,0.9,"[[""background"", 0.9]]",[],"[""seeded_initial_state""]",seeded_initial_state,seeded_initial_state,background,[],000153.jpg,
10_assy_0_1,154,background,0.9,"[[""background"", 0.9]]",[],"[""seeded_initial_state""]",seeded_initial_state,seeded_initial_state,background,[],000154.jpg,
10_assy_0_1,155,background,0.9,"[[""background"", 0.9]]",[],"[""seeded_initial_state""]",seeded_initial_state,seeded_initial_state,background,[],000155.jpg,
10_assy_0_1,156,background,0.9,"[[""background"", 0.9]]",[],"[""seeded_initial_state""]",seeded_initial_state,seeded_initial_state,background,[],000156.jpg,
10_assy_0_1,157,background,0.9,"[[""background"", 0.9]]",[],"[""seeded_initial_state""]",seeded_initial_state,seeded_initial_state,background,[],000157.jpg,
10_assy_0_1,158,background,0.9,"[[""background"", 0.9]]",[],"[""seeded_initial_state""]",seeded_initial_state,seeded_initial_state,background,[],000158.jpg,
10_assy_0_1,159,background,0.9,"[[""background"", 0.9]]",[],"[""seeded_initial_state""]",seeded_initial_state,seeded_initial_state,background,[],000159.jpg,
10_assy_0_1,160,background,0.9,"[[""background"", 0.9]]",[],"[""seeded_initial_state""]",seeded_initial_state,seeded_initial_state,background,[],000160.jpg,
10_assy_0_1,161,background,0.9,"[[""background"", 0.9]]",[],"[""seeded_initial_state""]",seeded_initial_state,seeded_initial_state,background,[],000161.jpg,
10_assy_0_1,162,background,0.9,"[[""background"", 0.9]]",[],"[""seeded_initial_state""]",seeded_initial_state,seeded_initial_state,background,[],000162.jpg,
10_assy_0_1,163,background,0.9,"[[""background"", 0.9]]",[],"[""seeded_initial_state""]",seeded_initial_state,seeded_initial_state,background,[],000163.jpg,
10_assy_0_1,164,background,0.9,"[[""background"", 0.9]]",[],"[""seeded_initial_state""]",seeded_initial_state,seeded_initial_state,background,[],000164.jpg,
10_assy_0_1,165,background,0.9,"[[""background"", 0.9]]",[],"[""seeded_initial_state""]",seeded_initial_state,seeded_initial_state,background,[],000165.jpg,
10_assy_0_1,166,background,0.9,"[[""background"", 0.9]]",[],"[""seeded_initial_state""]",seeded_initial_state,seeded_initial_state,background,[],000166.jpg,
10_assy_0_1,167,background,0.9,"[[""background"", 0.9]]",[],"[""seeded_initial_state""]",seeded_initial_state,seeded_initial_state,background,[],000167.jpg,
10_assy_0_1,168,background,0.9,"[[""background"", 0.9]]",[],"[""seeded_initial_state""]",seeded_initial_state,seeded_initial_state,background,[],000168.jpg,
10_assy_0_1,169,background,0.9,"[[""background"", 0.9]]",[],"[""seeded_initial_state""]",seeded_initial_state,seeded_initial_state,background,[],000169.jpg,
10_assy_0_1,170,background,0.9,"[[""background"", 0.9]]",[],"[""seeded_initial_state""]",seeded_initial_state,seeded_initial_state,background,[],000170.jpg,
10_assy_0_1,171,background,0.9,"[[""background"", 0.9]]",[],"[""seeded_initial_state""]",seeded_initial_state,seeded_initial_state,background,[],000171.jpg,
10_assy_0_1,172,background,0.9,"[[""background"", 0.9]]",[],"[""seeded_initial_state""]",seeded_initial_state,seeded_initial_state,background,[],000172.jpg,
10_assy_0_1,173,background,0.9,"[[""background"", 0.9]]",[],"[""seeded_initial_state""]",seeded_initial_state,seeded_initial_state,background,[],000173.jpg,
10_assy_0_1,174,background,0.9,"[[""background"", 0.9]]",[],"[""seeded_initial_state""]",seeded_initial_state,seeded_initial_state,background,[],000174.jpg,
10_assy_0_1,175,background,0.9,"[[""background"", 0.9]]",[],"[""seeded_initial_state""]",seeded_initial_state,seeded_initial_state,background,[],000175.jpg,
10_assy_0_1,176,background,0.9,"[[""background"", 0.9]]",[],"[""seeded_initial_state""]",seeded_initial_state,seeded_initial_state,background,[],000176.jpg,
10_assy_0_1,177,background,0.9,"[[""background"", 0.9]]",[],"[""seeded_initial_state""]",seeded_initial_state,seeded_initial_state,background,[],000177.jpg,
10_assy_0_1,178,background,0.9,"[[""background"", 0.9]]",[],"[""seeded_initial_state""]",seeded_initial_state,seeded_initial_state,background,[],000178.jpg,
10_assy_0_1,179,background,0.9,"[[""background"", 0.9]]",[],"[""seeded_initial_state""]",seeded_initial_state,seeded_initial_state,background,[],000179.jpg,
10_assy_0_1,180,background,0.9,"[[""background"", 0.9]]",[],"[""seeded_initial_state""]",seeded_initial_state,seeded_initial_state,background,[],000180.jpg,
10_assy_0_1,181,background,0.9,"[[""background"", 0.9]]",[],"[""seeded_initial_state""]",seeded_initial_state,seeded_initial_state,background,[],000181.jpg,
10_assy_0_1,182,background,0.9,"[[""background"", 0.9]]",[],"[""seeded_initial_state""]",seeded_initial_state,seeded_initial_state,background,[],000182.jpg,
10_assy_0_1,183,background,0.9,"[[""background"", 0.9]]",[],"[""seeded_initial_state""]",seeded_initial_state,seeded_initial_state,background,[],000183.jpg,
10_assy_0_1,184,background,0.9,"[[""background"", 0.9]]",[],"[""seeded_initial_state""]",seeded_initial_state,seeded_initial_state,background,[],000184.jpg,
10_assy_0_1,185,background,0.9,"[[""background"", 0.9]]",[],"[""seeded_initial_state""]",seeded_initial_state,seeded_initial_state,background,[],000185.jpg,
10_assy_0_1,186,background,0.9,"[[""background"", 0.9]]",[],"[""seeded_initial_state""]",seeded_initial_state,seeded_initial_state,background,[],000186.jpg,
10_assy_0_1,187,background,0.9,"[[""background"", 0.9]]",[],"[""seeded_initial_state""]",seeded_initial_state,seeded_initial_state,background,[],000187.jpg,
10_assy_0_1,188,background,0.9,"[[""background"", 0.9]]",[],"[""seeded_initial_state""]",seeded_initial_state,seeded_initial_state,background,[],000188.jpg,
10_assy_0_1,189,background,0.9,"[[""background"", 0.9]]",[],"[""seeded_initial_state""]",seeded_initial_state,seeded_initial_state,background,[],000189.jpg,
10_assy_0_1,190,background,0.9,"[[""background"", 0.9]]",[],"[""seeded_initial_state""]",seeded_initial_state,seeded_initial_state,background,[],000190.jpg,
10_assy_0_1,191,background,0.9,"[[""background"", 0.9]]",[],"[""seeded_initial_state""]",seeded_initial_state,seeded_initial_state,background,[],000191.jpg,
10_assy_0_1,192,background,0.9,"[[""background"", 0.9]]",[],"[""seeded_initial_state""]",seeded_initial_state,seeded_initial_state,background,[],000192.jpg,
10_assy_0_1,193,background,0.9,"[[""background"", 0.9]]",[],"[""seeded_initial_state""]",seeded_initial_state,seeded_initial_state,background,[],000193.jpg,
10_assy_0_1,194,background,0.9,"[[""background"", 0.9]]",[],"[""seeded_initial_state""]",seeded_initial_state,seeded_initial_state,background,[],000194.jpg,
10_assy_0_1,195,background,0.9,"[[""background"", 0.9]]",[],"[""seeded_initial_state""]",seeded_initial_state,seeded_initial_state,background,[],000195.jpg,
10_assy_0_1,196,background,0.9,"[[""background"", 0.9]]",[],"[""seeded_initial_state""]",seeded_initial_state,seeded_initial_state,background,[],000196.jpg,
10_assy_0_1,197,background,0.9,"[[""background"", 0.9]]",[],"[""seeded_initial_state""]",seeded_initial_state,seeded_initial_state,background,[],000197.jpg,
10_assy_0_1,198,background,0.9,"[[""background"", 0.9]]",[],"[""seeded_initial_state""]",seeded_initial_state,seeded_initial_state,background,[],000198.jpg,
10_assy_0_1,199,background,0.9,"[[""background"", 0.9]]",[],"[""seeded_initial_state""]",seeded_initial_state,seeded_initial_state,background,[],000199.jpg,
10_assy_0_1,200,background,0.9,"[[""background"", 0.9]]",[],"[""seeded_initial_state""]",seeded_initial_state,seeded_initial_state,background,[],000200.jpg,
10_assy_0_1,201,background,0.9,"[[""background"", 0.9]]",[],"[""seeded_initial_state""]",seeded_initial_state,seeded_initial_state,background,[],000201.jpg,
10_assy_0_1,202,background,0.9,"[[""background"", 0.9]]",[],"[""seeded_initial_state""]",seeded_initial_state,seeded_initial_state,background,[],000202.jpg,
10_assy_0_1,203,background,0.9,"[[""background"", 0.9]]",[],"[""seeded_initial_state""]",seeded_initial_state,seeded_initial_state,background,[],000203.jpg,
10_assy_0_1,204,background,0.9,"[[""background"", 0.9]]",[],"[""seeded_initial_state""]",seeded_initial_state,seeded_initial_state,background,[],000204.jpg,
10_assy_0_1,205,background,0.9,"[[""background"", 0.9]]",[],"[""seeded_initial_state""]",seeded_initial_state,seeded_initial_state,background,[],000205.jpg,
10_assy_0_1,206,background,0.9,"[[""background"", 0.9]]",[],"[""seeded_initial_state""]",seeded_initial_state,seeded_initial_state,background,[],000206.jpg,
10_assy_0_1,207,background,0.9,"[[""background"", 0.9]]",[],"[""seeded_initial_state""]",seeded_initial_state,seeded_initial_state,background,[],000207.jpg,
10_assy_0_1,208,background,0.9,"[[""background"", 0.9]]",[],"[""seeded_initial_state""]",seeded_initial_state,seeded_initial_state,background,[],000208.jpg,
10_assy_0_1,209,background,0.9,"[[""background"", 0.9]]",[],"[""seeded_initial_state""]",seeded_initial_state,seeded_initial_state,background,[],000209.jpg,
10_assy_0_1,210,background,0.9,"[[""background"", 0.9]]",[],"[""seeded_initial_state""]",seeded_initial_state,seeded_initial_state,background,[],000210.jpg,
10_assy_0_1,211,background,0.9,"[[""background"", 0.9]]",[],"[""seeded_initial_state""]",seeded_initial_state,seeded_initial_state,background,[],000211.jpg,
10_assy_0_1,212,background,0.9,"[[""background"", 0.9]]",[],"[""seeded_initial_state""]",seeded_initial_state,seeded_initial_state,background,[],000212.jpg,
10_assy_0_1,213,background,0.9,"[[""background"", 0.9]]",[],"[""seeded_initial_state""]",seeded_initial_state,seeded_initial_state,background,[],000213.jpg,
10_assy_0_1,214,background,0.9,"[[""background"", 0.9]]",[],"[""seeded_initial_state""]",seeded_initial_state,seeded_initial_state,background,[],000214.jpg,
10_assy_0_1,215,background,0.9,"[[""background"", 0.9]]",[],"[""seeded_initial_state""]",seeded_initial_state,seeded_initial_state,background,[],000215.jpg,
10_assy_0_1,216,background,0.9,"[[""background"", 0.9]]",[],"[""seeded_initial_state""]",seeded_initial_state,seeded_initial_state,background,[],000216.jpg,
10_assy_0_1,217,background,0.9,"[[""background"", 0.9]]",[],"[""seeded_initial_state""]",seeded_initial_state,seeded_initial_state,background,[],000217.jpg,
10_assy_0_1,218,background,0.9,"[[""background"", 0.9]]",[],"[""seeded_initial_state""]",seeded_initial_state,seeded_initial_state,background,[],000218.jpg,
10_assy_0_1,219,background,0.9,"[[""background"", 0.9]]",[],"[""seeded_initial_state""]",seeded_initial_state,seeded_initial_state,background,[],000219.jpg,
10_assy_0_1,220,background,0.9,"[[""background"", 0.9]]",[],"[""seeded_initial_state""]",seeded_initial_state,seeded_initial_state,background,[],000220.jpg,
10_assy_0_1,221,background,0.9,"[[""background"", 0.9]]",[],"[""seeded_initial_state""]",seeded_initial_state,seeded_initial_state,background,[],000221.jpg,
10_assy_0_1,222,background,0.9,"[[""background"", 0.9]]",[],"[""seeded_initial_state""]",seeded_initial_state,seeded_initial_state,background,[],000222.jpg,
10_assy_0_1,223,background,0.9,"[[""background"", 0.9]]",[],"[""seeded_initial_state""]",seeded_initial_state,seeded_initial_state,background,[],000223.jpg,
10_assy_0_1,224,background,0.9,"[[""background"", 0.9]]",[],"[""seeded_initial_state""]",seeded_initial_state,seeded_initial_state,background,[],000224.jpg,
10_assy_0_1,225,background,0.9,"[[""background"", 0.9]]",[],"[""seeded_initial_state""]",seeded_initial_state,seeded_initial_state,background,[],000225.jpg,
10_assy_0_1,226,background,0.9,"[[""background"", 0.9]]",[],"[""seeded_initial_state""]",seeded_initial_state,seeded_initial_state,background,[],000226.jpg,
10_assy_0_1,227,background,0.9,"[[""background"", 0.9]]",[],"[""seeded_initial_state""]",seeded_initial_state,seeded_initial_state,background,[],000227.jpg,
10_assy_0_1,228,background,0.9,"[[""background"", 0.9]]",[],"[""seeded_initial_state""]",seeded_initial_state,seeded_initial_state,background,[],000228.jpg,
10_assy_0_1,229,background,0.9,"[[""background"", 0.9]]",[],"[""seeded_initial_state""]",seeded_initial_state,seeded_initial_state,background,[],000229.jpg,
10_assy_0_1,230,background,0.9,"[[""background"", 0.9]]",[],"[""seeded_initial_state""]",seeded_initial_state,seeded_initial_state,background,[],000230.jpg,
10_assy_0_1,231,background,0.9,"[[""background"", 0.9]]",[],"[""seeded_initial_state""]",seeded_initial_state,seeded_initial_state,background,[],000231.jpg,
10_assy_0_1,232,background,0.9,"[[""background"", 0.9]]",[],"[""seeded_initial_state""]",seeded_initial_state,seeded_initial_state,background,[],000232.jpg,
10_assy_0_1,233,background,0.9,"[[""background"", 0.9]]",[],"[""seeded_initial_state""]",seeded_initial_state,seeded_initial_state,background,[],000233.jpg,
10_assy_0_1,234,background,0.9,"[[""background"", 0.9]]",[],"[""seeded_initial_state""]",seeded_initial_state,seeded_initial_state,background,[],000234.jpg,
10_assy_0_1,235,background,0.9,"[[""background"", 0.9]]",[],"[""seeded_initial_state""]",seeded_initial_state,seeded_initial_state,background,[],000235.jpg,
10_assy_0_1,236,background,0.9,"[[""background"", 0.9]]",[],"[""seeded_initial_state""]",seeded_initial_state,seeded_initial_state,background,[],000236.jpg,
10_assy_0_1,237,background,0.9,"[[""background"", 0.9]]",[],"[""seeded_initial_state""]",seeded_initial_state,seeded_initial_state,background,[],000237.jpg,
10_assy_0_1,238,background,0.9,"[[""background"", 0.9]]",[],"[""seeded_initial_state""]",seeded_initial_state,seeded_initial_state,background,[],000238.jpg,
10_assy_0_1,239,background,0.9,"[[""background"", 0.9]]",[],"[""seeded_initial_state""]",seeded_initial_state,seeded_initial_state,background,[],000239.jpg,
10_assy_0_1,240,background,0.9,"[[""background"", 0.9]]",[],"[""seeded_initial_state""]",seeded_initial_state,seeded_initial_state,background,[],000240.jpg,
10_assy_0_1,241,background,0.9,"[[""background"", 0.9]]",[],"[""seeded_initial_state""]",seeded_initial_state,seeded_initial_state,background,[],000241.jpg,
10_assy_0_1,242,background,0.9,"[[""background"", 0.9]]",[],"[""seeded_initial_state""]",seeded_initial_state,seeded_initial_state,background,[],000242.jpg,
10_assy_0_1,243,background,0.9,"[[""background"", 0.9]]",[],"[""seeded_initial_state""]",seeded_initial_state,seeded_initial_state,background,[],000243.jpg,
10_assy_0_1,244,background,0.9,"[[""background"", 0.9]]",[],"[""seeded_initial_state""]",seeded_initial_state,seeded_initial_state,background,[],000244.jpg,
10_assy_0_1,245,background,0.9,"[[""background"", 0.9]]",[],"[""seeded_initial_state""]",seeded_initial_state,seeded_initial_state,background,[],000245.jpg,
10_assy_0_1,246,background,0.9,"[[""background"", 0.9]]",[],"[""seeded_initial_state""]",seeded_initial_state,seeded_initial_state,background,[],000246.jpg,
10_assy_0_1,247,background,0.9,"[[""background"", 0.9]]",[],"[""seeded_initial_state""]",seeded_initial_state,seeded_initial_state,background,[],000247.jpg,
10_assy_0_1,248,background,0.9,"[[""background"", 0.9]]",[],"[""seeded_initial_state""]",seeded_initial_state,seeded_initial_state,background,[],000248.jpg,
10_assy_0_1,249,background,0.9,"[[""background"", 0.9]]",[],"[""seeded_initial_state""]",seeded_initial_state,seeded_initial_state,background,[],000249.jpg,
10_assy_0_1,250,background,0.9,"[[""background"", 0.9]]",[],"[""seeded_initial_state""]",seeded_initial_state,seeded_initial_state,background,[],000250.jpg,
10_assy_0_1,251,background,0.9,"[[""background"", 0.9]]",[],"[""seeded_initial_state""]",seeded_initial_state,seeded_initial_state,background,[],000251.jpg,
10_assy_0_1,252,background,0.9,"[[""background"", 0.9]]",[],"[""seeded_initial_state""]",seeded_initial_state,seeded_initial_state,background,[],000252.jpg,
10_assy_0_1,253,background,0.9,"[[""background"", 0.9]]",[],"[""seeded_initial_state""]",seeded_initial_state,seeded_initial_state,background,[],000253.jpg,
10_assy_0_1,254,background,0.9,"[[""background"", 0.9]]",[],"[""seeded_initial_state""]",seeded_initial_state,seeded_initial_state,background,[],000254.jpg,
10_assy_0_1,255,background,0.9,"[[""background"", 0.9]]",[],"[""seeded_initial_state""]",seeded_initial_state,seeded_initial_state,background,[],000255.jpg,
10_assy_0_1,256,background,0.9,"[[""background"", 0.9]]",[],"[""seeded_initial_state""]",seeded_initial_state,seeded_initial_state,background,[],000256.jpg,
10_assy_0_1,257,background,0.9,"[[""background"", 0.9]]",[],"[""seeded_initial_state""]",seeded_initial_state,seeded_initial_state,background,[],000257.jpg,
10_assy_0_1,258,background,0.9,"[[""background"", 0.9]]",[],"[""seeded_initial_state""]",seeded_initial_state,seeded_initial_state,background,[],000258.jpg,
10_assy_0_1,259,background,0.9,"[[""background"", 0.9]]",[],"[""seeded_initial_state""]",seeded_initial_state,seeded_initial_state,background,[],000259.jpg,
10_assy_0_1,260,background,0.9,"[[""background"", 0.9]]",[],"[""seeded_initial_state""]",seeded_initial_state,seeded_initial_state,background,[],000260.jpg,
10_assy_0_1,261,background,0.9,"[[""background"", 0.9]]",[],"[""seeded_initial_state""]",seeded_initial_state,seeded_initial_state,background,[],000261.jpg,
10_assy_0_1,262,background,0.9,"[[""background"", 0.9]]",[],"[""seeded_initial_state""]",seeded_initial_state,seeded_initial_state,background,[],000262.jpg,
10_assy_0_1,263,background,0.9,"[[""background"", 0.9]]",[],"[""seeded_initial_state""]",seeded_initial_state,seeded_initial_state,background,[],000263.jpg,
10_assy_0_1,264,background,0.9,"[[""background"", 0.9]]",[],"[""seeded_initial_state""]",seeded_initial_state,seeded_initial_state,background,[],000264.jpg,
10_assy_0_1,265,background,0.9,"[[""background"", 0.9]]",[],"[""seeded_initial_state""]",seeded_initial_state,seeded_initial_state,background,[],000265.jpg,
10_assy_0_1,266,background,0.9,"[[""background"", 0.9]]",[],"[""seeded_initial_state""]",seeded_initial_state,seeded_initial_state,background,[],000266.jpg,
10_assy_0_1,267,background,0.9,"[[""background"", 0.9]]",[],"[""seeded_initial_state""]",seeded_initial_state,seeded_initial_state,background,[],000267.jpg,
10_assy_0_1,268,background,0.9,"[[""background"", 0.9]]",[],"[""seeded_initial_state""]",seeded_initial_state,seeded_initial_state,background,[],000268.jpg,
10_assy_0_1,269,background,0.9,"[[""background"", 0.9]]",[],"[""seeded_initial_state""]",seeded_initial_state,seeded_initial_state,background,[],000269.jpg,
10_assy_0_1,270,background,0.9,"[[""background"", 0.9]]",[],"[""seeded_initial_state""]",seeded_initial_state,seeded_initial_state,background,[],000270.jpg,
10_assy_0_1,271,background,0.9,"[[""background"", 0.9]]",[],"[""seeded_initial_state""]",seeded_initial_state,seeded_initial_state,background,[],000271.jpg,
10_assy_0_1,272,background,0.9,"[[""background"", 0.9]]",[],"[""seeded_initial_state""]",seeded_initial_state,seeded_initial_state,background,[],000272.jpg,
10_assy_0_1,273,background,0.9,"[[""background"", 0.9]]",[],"[""seeded_initial_state""]",seeded_initial_state,seeded_initial_state,background,[],000273.jpg,
10_assy_0_1,274,background,0.9,"[[""background"", 0.9]]",[],"[""seeded_initial_state""]",seeded_initial_state,seeded_initial_state,background,[],000274.jpg,
10_assy_0_1,275,background,0.9,"[[""background"", 0.9]]",[],"[""seeded_initial_state""]",seeded_initial_state,seeded_initial_state,background,[],000275.jpg,
10_assy_0_1,276,background,0.9,"[[""background"", 0.9]]",[],"[""seeded_initial_state""]",seeded_initial_state,seeded_initial_state,background,[],000276.jpg,
10_assy_0_1,277,background,0.9,"[[""background"", 0.9]]",[],"[""seeded_initial_state""]",seeded_initial_state,seeded_initial_state,background,[],000277.jpg,
10_assy_0_1,278,background,0.9,"[[""background"", 0.9]]",[],"[""seeded_initial_state""]",seeded_initial_state,seeded_initial_state,background,[],000278.jpg,
10_assy_0_1,279,background,0.9,"[[""background"", 0.9]]",[],"[""seeded_initial_state""]",seeded_initial_state,seeded_initial_state,background,[],000279.jpg,
10_assy_0_1,280,background,0.9,"[[""background"", 0.9]]",[],"[""seeded_initial_state""]",seeded_initial_state,seeded_initial_state,background,[],000280.jpg,
10_assy_0_1,281,background,0.9,"[[""background"", 0.9]]",[],"[""seeded_initial_state""]",seeded_initial_state,seeded_initial_state,background,[],000281.jpg,
10_assy_0_1,282,background,0.9,"[[""background"", 0.9]]",[],"[""seeded_initial_state""]",seeded_initial_state,seeded_initial_state,background,[],000282.jpg,
10_assy_0_1,283,background,0.9,"[[""background"", 0.9]]",[],"[""seeded_initial_state""]",seeded_initial_state,seeded_initial_state,background,[],000283.jpg,
10_assy_0_1,284,background,0.9,"[[""background"", 0.9]]",[],"[""seeded_initial_state""]",seeded_initial_state,seeded_initial_state,background,[],000284.jpg,
10_assy_0_1,285,background,0.9,"[[""background"", 0.9]]",[],"[""seeded_initial_state""]",seeded_initial_state,seeded_initial_state,background,[],000285.jpg,
10_assy_0_1,286,background,0.9,"[[""background"", 0.9]]",[],"[""seeded_initial_state""]",seeded_initial_state,seeded_initial_state,background,[],000286.jpg,
10_assy_0_1,287,background,0.9,"[[""background"", 0.9]]",[],"[""seeded_initial_state""]",seeded_initial_state,seeded_initial_state,background,[],000287.jpg,
10_assy_0_1,288,background,0.9,"[[""background"", 0.9]]",[],"[""seeded_initial_state""]",seeded_initial_state,seeded_initial_state,background,[],000288.jpg,
10_assy_0_1,289,background,0.9,"[[""background"", 0.9]]",[],"[""seeded_initial_state""]",seeded_initial_state,seeded_initial_state,background,[],000289.jpg,
10_assy_0_1,290,background,0.9,"[[""background"", 0.9]]",[],"[""seeded_initial_state""]",seeded_initial_state,seeded_initial_state,background,[],000290.jpg,
10_assy_0_1,291,background,0.9,"[[""background"", 0.9]]",[],"[""seeded_initial_state""]",seeded_initial_state,seeded_initial_state,background,[],000291.jpg,
10_assy_0_1,292,background,0.9,"[[""background"", 0.9]]",[],"[""seeded_initial_state""]",seeded_initial_state,seeded_initial_state,background,[],000292.jpg,
10_assy_0_1,293,background,0.9,"[[""background"", 0.9]]",[],"[""seeded_initial_state""]",seeded_initial_state,seeded_initial_state,background,[],000293.jpg,
10_assy_0_1,294,background,0.9,"[[""background"", 0.9]]",[],"[""seeded_initial_state""]",seeded_initial_state,seeded_initial_state,background,[],000294.jpg,
10_assy_0_1,295,background,0.9,"[[""background"", 0.9]]",[],"[""seeded_initial_state""]",seeded_initial_state,seeded_initial_state,background,[],000295.jpg,
10_assy_0_1,296,background,0.9,"[[""background"", 0.9]]",[],"[""seeded_initial_state""]",seeded_initial_state,seeded_initial_state,background,[],000296.jpg,
10_assy_0_1,297,background,0.9,"[[""background"", 0.9]]",[],"[""seeded_initial_state""]",seeded_initial_state,seeded_initial_state,background,[],000297.jpg,
10_assy_0_1,298,background,0.9,"[[""background"", 0.9]]",[],"[""seeded_initial_state""]",seeded_initial_state,seeded_initial_state,background,[],000298.jpg,
10_assy_0_1,299,background,0.9,"[[""background"", 0.9]]",[],"[""seeded_initial_state""]",seeded_initial_state,seeded_initial_state,background,[],000299.jpg,
10_assy_0_1,300,background,0.9,"[[""background"", 0.9]]",[],"[""seeded_initial_state""]",seeded_initial_state,seeded_initial_state,background,[],000300.jpg,
10_assy_0_1,301,background,0.9,"[[""background"", 0.9]]",[],"[""seeded_initial_state""]",seeded_initial_state,seeded_initial_state,background,[],000301.jpg,
10_assy_0_1,302,background,0.9,"[[""background"", 0.9]]",[],"[""seeded_initial_state""]",seeded_initial_state,seeded_initial_state,background,[],000302.jpg,
10_assy_0_1,303,background,0.9,"[[""background"", 0.9]]",[],"[""seeded_initial_state""]",seeded_initial_state,seeded_initial_state,background,[],000303.jpg,
10_assy_0_1,304,background,0.9,"[[""background"", 0.9]]",[],"[""seeded_initial_state""]",seeded_initial_state,seeded_initial_state,background,[],000304.jpg,
10_assy_0_1,305,background,0.9,"[[""background"", 0.9]]",[],"[""seeded_initial_state""]",seeded_initial_state,seeded_initial_state,background,[],000305.jpg,
10_assy_0_1,306,background,0.9,"[[""background"", 0.9]]",[],"[""seeded_initial_state""]",seeded_initial_state,seeded_initial_state,background,[],000306.jpg,
10_assy_0_1,307,background,0.9,"[[""background"", 0.9]]",[],"[""seeded_initial_state""]",seeded_initial_state,seeded_initial_state,background,[],000307.jpg,
10_assy_0_1,308,background,0.9,"[[""background"", 0.9]]",[],"[""seeded_initial_state""]",seeded_initial_state,seeded_initial_state,background,[],000308.jpg,
10_assy_0_1,309,background,0.9,"[[""background"", 0.9]]",[],"[""seeded_initial_state""]",seeded_initial_state,seeded_initial_state,background,[],000309.jpg,
10_assy_0_1,310,background,0.9,"[[""background"", 0.9]]",[],"[""seeded_initial_state""]",seeded_initial_state,seeded_initial_state,background,[],000310.jpg,
10_assy_0_1,311,background,0.9,"[[""background"", 0.9]]",[],"[""seeded_initial_state""]",seeded_initial_state,seeded_initial_state,background,[],000311.jpg,
10_assy_0_1,312,background,0.9,"[[""background"", 0.9]]",[],"[""seeded_initial_state""]",seeded_initial_state,seeded_initial_state,background,[],000312.jpg,
10_assy_0_1,313,background,0.9,"[[""background"", 0.9]]",[],"[""seeded_initial_state""]",seeded_initial_state,seeded_initial_state,background,[],000313.jpg,
10_assy_0_1,314,background,0.9,"[[""background"", 0.9]]",[],"[""seeded_initial_state""]",seeded_initial_state,seeded_initial_state,background,[],000314.jpg,
10_assy_0_1,315,background,0.9,"[[""background"", 0.9]]",[],"[""seeded_initial_state""]",seeded_initial_state,seeded_initial_state,background,[],000315.jpg,
10_assy_0_1,316,background,0.9,"[[""background"", 0.9]]",[],"[""seeded_initial_state""]",seeded_initial_state,seeded_initial_state,background,[],000316.jpg,
10_assy_0_1,317,background,0.9,"[[""background"", 0.9]]",[],"[""seeded_initial_state""]",seeded_initial_state,seeded_initial_state,background,[],000317.jpg,
10_assy_0_1,318,background,0.9,"[[""background"", 0.9]]",[],"[""seeded_initial_state""]",seeded_initial_state,seeded_initial_state,background,[],000318.jpg,
10_assy_0_1,319,background,0.9,"[[""background"", 0.9]]",[],"[""seeded_initial_state""]",seeded_initial_state,seeded_initial_state,background,[],000319.jpg,
10_assy_0_1,320,background,0.9,"[[""background"", 0.9]]",[],"[""seeded_initial_state""]",seeded_initial_state,seeded_initial_state,background,[],000320.jpg,
10_assy_0_1,321,background,0.9,"[[""background"", 0.9]]",[],"[""seeded_initial_state""]",seeded_initial_state,seeded_initial_state,background,[],000321.jpg,
10_assy_0_1,322,background,0.9,"[[""background"", 0.9]]",[],"[""seeded_initial_state""]",seeded_initial_state,seeded_initial_state,background,[],000322.jpg,
10_assy_0_1,323,background,0.9,"[[""background"", 0.9]]",[],"[""seeded_initial_state""]",seeded_initial_state,seeded_initial_state,background,[],000323.jpg,
10_assy_0_1,324,10010110000,1.0,"[[""10010110000"", 1.0]]","[""base"", ""rear_chassis"", ""front_rear_chassis_pin"", ""rear_rear_chassis_pin""]","[""observed_label""]",observed_label,observed_label,10010110000,[],000324.jpg,324
10_assy_0_1,325,10010110000,1.0,"[[""10010110000"", 1.0]]","[""base"", ""rear_chassis"", ""front_rear_chassis_pin"", ""rear_rear_chassis_pin""]","[""observed_label""]",observed_label,observed_label,10010110000,[],000325.jpg,325
10_assy_0_1,326,10010110000,1.0,"[[""10010110000"", 1.0]]","[""base"", ""rear_chassis"", ""front_rear_chassis_pin"", ""rear_rear_chassis_pin""]","[""observed_label""]",observed_label,observed_label,10010110000,[],000326.jpg,326
10_assy_0_1,327,10010110000,1.0,"[[""10010110000"", 1.0]]","[""base"", ""rear_chassis"", ""front_rear_chassis_pin"", ""rear_rear_chassis_pin""]","[""observed_label""]",observed_label,observed_label,10010110000,[],000327.jpg,327
10_assy_0_1,328,10010110000,1.0,"[[""10010110000"", 1.0]]","[""base"", ""rear_chassis"", ""front_rear_chassis_pin"", ""rear_rear_chassis_pin""]","[""observed_label""]",observed_label,observed_label,10010110000,[],000328.jpg,328
10_assy_0_1,329,10010110000,0.97,"[[""10010110000"", 0.97]]","[""base"", ""rear_chassis"", ""front_rear_chassis_pin"", ""rear_rear_chassis_pin""]","[""carried_forward_state""]",carried_forward_state,carried_forward_state,10010110000,[],000329.jpg,
10_assy_0_1,330,10010110000,0.97,"[[""10010110000"", 0.97]]","[""base"", ""rear_chassis"", ""front_rear_chassis_pin"", ""rear_rear_chassis_pin""]","[""carried_forward_state""]",carried_forward_state,carried_forward_state,10010110000,[],000330.jpg,
10_assy_0_1,331,10010110000,0.97,"[[""10010110000"", 0.97]]","[""base"", ""rear_chassis"", ""front_rear_chassis_pin"", ""rear_rear_chassis_pin""]","[""carried_forward_state""]",carried_forward_state,carried_forward_state,10010110000,[],000331.jpg,
10_assy_0_1,332,10010110000,0.97,"[[""10010110000"", 0.97]]","[""base"", ""rear_chassis"", ""front_rear_chassis_pin"", ""rear_rear_chassis_pin""]","[""carried_forward_state""]",carried_forward_state,carried_forward_state,10010110000,[],000332.jpg,
10_assy_0_1,333,10010110000,0.97,"[[""10010110000"", 0.97]]","[""base"", ""rear_chassis"", ""front_rear_chassis_pin"", ""rear_rear_chassis_pin""]","[""carried_forward_state""]",carried_forward_state,carried_forward_state,10010110000,[],000333.jpg,
10_assy_0_1,334,10010110000,0.97,"[[""10010110000"", 0.97]]","[""base"", ""rear_chassis"", ""front_rear_chassis_pin"", ""rear_rear_chassis_pin""]","[""carried_forward_state""]",carried_forward_state,carried_forward_state,10010110000,[],000334.jpg,
10_assy_0_1,335,10010110000,0.97,"[[""10010110000"", 0.97]]","[""base"", ""rear_chassis"", ""front_rear_chassis_pin"", ""rear_rear_chassis_pin""]","[""carried_forward_state""]",carried_forward_state,carried_forward_state,10010110000,[],000335.jpg,
10_assy_0_1,336,10010110000,0.97,"[[""10010110000"", 0.97]]","[""base"", ""rear_chassis"", ""front_rear_chassis_pin"", ""rear_rear_chassis_pin""]","[""carried_forward_state""]",carried_forward_state,carried_forward_state,10010110000,[],000336.jpg,
10_assy_0_1,337,10010110000,0.97,"[[""10010110000"", 0.97]]","[""base"", ""rear_chassis"", ""front_rear_chassis_pin"", ""rear_rear_chassis_pin""]","[""carried_forward_state""]",carried_forward_state,carried_forward_state,10010110000,[],000337.jpg,
10_assy_0_1,338,10010110000,0.97,"[[""10010110000"", 0.97]]","[""base"", ""rear_chassis"", ""front_rear_chassis_pin"", ""rear_rear_chassis_pin""]","[""carried_forward_state""]",carried_forward_state,carried_forward_state,10010110000,[],000338.jpg,
10_assy_0_1,339,10010110000,0.97,"[[""10010110000"", 0.97]]","[""base"", ""rear_chassis"", ""front_rear_chassis_pin"", ""rear_rear_chassis_pin""]","[""carried_forward_state""]",carried_forward_state,carried_forward_state,10010110000,[],000339.jpg,
10_assy_0_1,340,10010110000,0.97,"[[""10010110000"", 0.97]]","[""base"", ""rear_chassis"", ""front_rear_chassis_pin"", ""rear_rear_chassis_pin""]","[""carried_forward_state""]",carried_forward_state,carried_forward_state,10010110000,[],000340.jpg,
10_assy_0_1,341,10010110000,0.97,"[[""10010110000"", 0.97]]","[""base"", ""rear_chassis"", ""front_rear_chassis_pin"", ""rear_rear_chassis_pin""]","[""carried_forward_state""]",carried_forward_state,carried_forward_state,10010110000,[],000341.jpg,
10_assy_0_1,342,10010110000,0.97,"[[""10010110000"", 0.97]]","[""base"", ""rear_chassis"", ""front_rear_chassis_pin"", ""rear_rear_chassis_pin""]","[""carried_forward_state""]",carried_forward_state,carried_forward_state,10010110000,[],000342.jpg,
10_assy_0_1,343,10010110000,0.97,"[[""10010110000"", 0.97]]","[""base"", ""rear_chassis"", ""front_rear_chassis_pin"", ""rear_rear_chassis_pin""]","[""carried_forward_state""]",carried_forward_state,carried_forward_state,10010110000,[],000343.jpg,
10_assy_0_1,344,10010110000,0.97,"[[""10010110000"", 0.97]]","[""base"", ""rear_chassis"", ""front_rear_chassis_pin"", ""rear_rear_chassis_pin""]","[""carried_forward_state""]",carried_forward_state,carried_forward_state,10010110000,[],000344.jpg,
10_assy_0_1,345,10010110000,1.0,"[[""10010110000"", 1.0]]","[""base"", ""rear_chassis"", ""front_rear_chassis_pin"", ""rear_rear_chassis_pin""]","[""observed_label""]",observed_label,observed_label,10010110000,[],000345.jpg,345
10_assy_0_1,346,10010110000,1.0,"[[""10010110000"", 1.0]]","[""base"", ""rear_chassis"", ""front_rear_chassis_pin"", ""rear_rear_chassis_pin""]","[""observed_label""]",observed_label,observed_label,10010110000,[],000346.jpg,346
10_assy_0_1,347,10010110000,1.0,"[[""10010110000"", 1.0]]","[""base"", ""rear_chassis"", ""front_rear_chassis_pin"", ""rear_rear_chassis_pin""]","[""observed_label""]",observed_label,observed_label,10010110000,[],000347.jpg,347
10_assy_0_1,348,10010110000,1.0,"[[""10010110000"", 1.0]]","[""base"", ""rear_chassis"", ""front_rear_chassis_pin"", ""rear_rear_chassis_pin""]","[""observed_label""]",observed_label,observed_label,10010110000,[],000348.jpg,348
10_assy_0_1,349,10010110000,1.0,"[[""10010110000"", 1.0]]","[""base"", ""rear_chassis"", ""front_rear_chassis_pin"", ""rear_rear_chassis_pin""]","[""observed_label""]",observed_label,observed_label,10010110000,[],000349.jpg,349
10_assy_0_1,350,10010110000,0.97,"[[""10010110000"", 0.97]]","[""base"", ""rear_chassis"", ""front_rear_chassis_pin"", ""rear_rear_chassis_pin""]","[""carried_forward_state""]",carried_forward_state,carried_forward_state,10010110000,[],000350.jpg,
10_assy_0_1,351,10010110000,0.97,"[[""10010110000"", 0.97]]","[""base"", ""rear_chassis"", ""front_rear_chassis_pin"", ""rear_rear_chassis_pin""]","[""carried_forward_state""]",carried_forward_state,carried_forward_state,10010110000,[],000351.jpg,
10_assy_0_1,352,10010110000,0.97,"[[""10010110000"", 0.97]]","[""base"", ""rear_chassis"", ""front_rear_chassis_pin"", ""rear_rear_chassis_pin""]","[""carried_forward_state""]",carried_forward_state,carried_forward_state,10010110000,[],000352.jpg,
10_assy_0_1,353,10010110000,0.97,"[[""10010110000"", 0.97]]","[""base"", ""rear_chassis"", ""front_rear_chassis_pin"", ""rear_rear_chassis_pin""]","[""carried_forward_state""]",carried_forward_state,carried_forward_state,10010110000,[],000353.jpg,
10_assy_0_1,354,10010110000,0.97,"[[""10010110000"", 0.97]]","[""base"", ""rear_chassis"", ""front_rear_chassis_pin"", ""rear_rear_chassis_pin""]","[""carried_forward_state""]",carried_forward_state,carried_forward_state,10010110000,[],000354.jpg,
10_assy_0_1,355,10010110000,0.97,"[[""10010110000"", 0.97]]","[""base"", ""rear_chassis"", ""front_rear_chassis_pin"", ""rear_rear_chassis_pin""]","[""carried_forward_state""]",carried_forward_state,carried_forward_state,10010110000,[],000355.jpg,
10_assy_0_1,356,10010110000,0.97,"[[""10010110000"", 0.97]]","[""base"", ""rear_chassis"", ""front_rear_chassis_pin"", ""rear_rear_chassis_pin""]","[""carried_forward_state""]",carried_forward_state,carried_forward_state,10010110000,[],000356.jpg,
10_assy_0_1,357,10010110000,0.97,"[[""10010110000"", 0.97]]","[""base"", ""rear_chassis"", ""front_rear_chassis_pin"", ""rear_rear_chassis_pin""]","[""carried_forward_state""]",carried_forward_state,carried_forward_state,10010110000,[],000357.jpg,
10_assy_0_1,358,10010110000,1.0,"[[""10010110000"", 1.0]]","[""base"", ""rear_chassis"", ""front_rear_chassis_pin"", ""rear_rear_chassis_pin""]","[""observed_label""]",observed_label,observed_label,10010110000,[],000358.jpg,358
10_assy_0_1,359,10010110000,1.0,"[[""10010110000"", 1.0]]","[""base"", ""rear_chassis"", ""front_rear_chassis_pin"", ""rear_rear_chassis_pin""]","[""observed_label""]",observed_label,observed_label,10010110000,[],000359.jpg,359
10_assy_0_1,360,10010110000,1.0,"[[""10010110000"", 1.0]]","[""base"", ""rear_chassis"", ""front_rear_chassis_pin"", ""rear_rear_chassis_pin""]","[""observed_label""]",observed_label,observed_label,10010110000,[],000360.jpg,360
10_assy_0_1,361,10010110000,1.0,"[[""10010110000"", 1.0]]","[""base"", ""rear_chassis"", ""front_rear_chassis_pin"", ""rear_rear_chassis_pin""]","[""observed_label""]",observed_label,observed_label,10010110000,[],000361.jpg,361
10_assy_0_1,362,10010110000,1.0,"[[""10010110000"", 1.0]]","[""base"", ""rear_chassis"", ""front_rear_chassis_pin"", ""rear_rear_chassis_pin""]","[""observed_label""]",observed_label,observed_label,10010110000,[],000362.jpg,362
10_assy_0_1,363,10010110000,1.0,"[[""10010110000"", 1.0]]","[""base"", ""rear_chassis"", ""front_rear_chassis_pin"", ""rear_rear_chassis_pin""]","[""observed_label""]",observed_label,observed_label,10010110000,[],000363.jpg,363
10_assy_0_1,364,10010110000,1.0,"[[""10010110000"", 1.0]]","[""base"", ""rear_chassis"", ""front_rear_chassis_pin"", ""rear_rear_chassis_pin""]","[""observed_label""]",observed_label,observed_label,10010110000,[],000364.jpg,364
10_assy_0_1,365,10010110000,1.0,"[[""10010110000"", 1.0]]","[""base"", ""rear_chassis"", ""front_rear_chassis_pin"", ""rear_rear_chassis_pin""]","[""observed_label""]",observed_label,observed_label,10010110000,[],000365.jpg,365
10_assy_0_1,366,10010110000,1.0,"[[""10010110000"", 1.0]]","[""base"", ""rear_chassis"", ""front_rear_chassis_pin"", ""rear_rear_chassis_pin""]","[""observed_label""]",observed_label,observed_label,10010110000,[],000366.jpg,366
10_assy_0_1,367,10010110000,1.0,"[[""10010110000"", 1.0]]","[""base"", ""rear_chassis"", ""front_rear_chassis_pin"", ""rear_rear_chassis_pin""]","[""observed_label""]",observed_label,observed_label,10010110000,[],000367.jpg,367
10_assy_0_1,368,10010110000,1.0,"[[""10010110000"", 1.0]]","[""base"", ""rear_chassis"", ""front_rear_chassis_pin"", ""rear_rear_chassis_pin""]","[""observed_label""]",observed_label,observed_label,10010110000,[],000368.jpg,368
10_assy_0_1,369,10010110000,1.0,"[[""10010110000"", 1.0]]","[""base"", ""rear_chassis"", ""front_rear_chassis_pin"", ""rear_rear_chassis_pin""]","[""observed_label""]",observed_label,observed_label,10010110000,[],000369.jpg,369
10_assy_0_1,370,10010110000,1.0,"[[""10010110000"", 1.0]]","[""base"", ""rear_chassis"", ""front_rear_chassis_pin"", ""rear_rear_chassis_pin""]","[""observed_label""]",observed_label,observed_label,10010110000,[],000370.jpg,370
10_assy_0_1,371,10010110000,1.0,"[[""10010110000"", 1.0]]","[""base"", ""rear_chassis"", ""front_rear_chassis_pin"", ""rear_rear_chassis_pin""]","[""observed_label""]",observed_label,observed_label,10010110000,[],000371.jpg,371
10_assy_0_1,372,10010110000,1.0,"[[""10010110000"", 1.0]]","[""base"", ""rear_chassis"", ""front_rear_chassis_pin"", ""rear_rear_chassis_pin""]","[""observed_label""]",observed_label,observed_label,10010110000,[],000372.jpg,372
10_assy_0_1,373,10010110000,1.0,"[[""10010110000"", 1.0]]","[""base"", ""rear_chassis"", ""front_rear_chassis_pin"", ""rear_rear_chassis_pin""]","[""observed_label""]",observed_label,observed_label,10010110000,[],000373.jpg,373
10_assy_0_1,374,10010110000,1.0,"[[""10010110000"", 1.0]]","[""base"", ""rear_chassis"", ""front_rear_chassis_pin"", ""rear_rear_chassis_pin""]","[""observed_label""]",observed_label,observed_label,10010110000,[],000374.jpg,374
10_assy_0_1,375,10010110000,1.0,"[[""10010110000"", 1.0]]","[""base"", ""rear_chassis"", ""front_rear_chassis_pin"", ""rear_rear_chassis_pin""]","[""observed_label""]",observed_label,observed_label,10010110000,[],000375.jpg,375
10_assy_0_1,376,10010110000,1.0,"[[""10010110000"", 1.0]]","[""base"", ""rear_chassis"", ""front_rear_chassis_pin"", ""rear_rear_chassis_pin""]","[""observed_label""]",observed_label,observed_label,10010110000,[],000376.jpg,376
10_assy_0_1,377,10010110000,1.0,"[[""10010110000"", 1.0]]","[""base"", ""rear_chassis"", ""front_rear_chassis_pin"", ""rear_rear_chassis_pin""]","[""observed_label""]",observed_label,observed_label,10010110000,[],000377.jpg,377
10_assy_0_1,378,10010110000,1.0,"[[""10010110000"", 1.0]]","[""base"", ""rear_chassis"", ""front_rear_chassis_pin"", ""rear_rear_chassis_pin""]","[""observed_label""]",observed_label,observed_label,10010110000,[],000378.jpg,378
10_assy_0_1,379,10010110000,1.0,"[[""10010110000"", 1.0]]","[""base"", ""rear_chassis"", ""front_rear_chassis_pin"", ""rear_rear_chassis_pin""]","[""observed_label""]",observed_label,observed_label,10010110000,[],000379.jpg,379
10_assy_0_1,380,10010110000,1.0,"[[""10010110000"", 1.0]]","[""base"", ""rear_chassis"", ""front_rear_chassis_pin"", ""rear_rear_chassis_pin""]","[""observed_label""]",observed_label,observed_label,10010110000,[],000380.jpg,380
10_assy_0_1,381,10010110000,1.0,"[[""10010110000"", 1.0]]","[""base"", ""rear_chassis"", ""front_rear_chassis_pin"", ""rear_rear_chassis_pin""]","[""observed_label""]",observed_label,observed_label,10010110000,[],000381.jpg,381
10_assy_0_1,382,10010110000,1.0,"[[""10010110000"", 1.0]]","[""base"", ""rear_chassis"", ""front_rear_chassis_pin"", ""rear_rear_chassis_pin""]","[""observed_label""]",observed_label,observed_label,10010110000,[],000382.jpg,382
10_assy_0_1,383,10010110000,1.0,"[[""10010110000"", 1.0]]","[""base"", ""rear_chassis"", ""front_rear_chassis_pin"", ""rear_rear_chassis_pin""]","[""observed_label""]",observed_label,observed_label,10010110000,[],000383.jpg,383
10_assy_0_1,384,10010110000,1.0,"[[""10010110000"", 1.0]]","[""base"", ""rear_chassis"", ""front_rear_chassis_pin"", ""rear_rear_chassis_pin""]","[""observed_label""]",observed_label,observed_label,10010110000,[],000384.jpg,384
10_assy_0_1,385,10010110000,1.0,"[[""10010110000"", 1.0]]","[""base"", ""rear_chassis"", ""front_rear_chassis_pin"", ""rear_rear_chassis_pin""]","[""observed_label""]",observed_label,observed_label,10010110000,[],000385.jpg,385
10_assy_0_1,386,10010110000,1.0,"[[""10010110000"", 1.0]]","[""base"", ""rear_chassis"", ""front_rear_chassis_pin"", ""rear_rear_chassis_pin""]","[""observed_label""]",observed_label,observed_label,10010110000,[],000386.jpg,386
10_assy_0_1,387,10010110000,1.0,"[[""10010110000"", 1.0]]","[""base"", ""rear_chassis"", ""front_rear_chassis_pin"", ""rear_rear_chassis_pin""]","[""observed_label""]",observed_label,observed_label,10010110000,[],000387.jpg,387
10_assy_0_1,388,10010110000,1.0,"[[""10010110000"", 1.0]]","[""base"", ""rear_chassis"", ""front_rear_chassis_pin"", ""rear_rear_chassis_pin""]","[""observed_label""]",observed_label,observed_label,10010110000,[],000388.jpg,388
10_assy_0_1,389,10010110000,1.0,"[[""10010110000"", 1.0]]","[""base"", ""rear_chassis"", ""front_rear_chassis_pin"", ""rear_rear_chassis_pin""]","[""observed_label""]",observed_label,observed_label,10010110000,[],000389.jpg,389
10_assy_0_1,390,10010110000,1.0,"[[""10010110000"", 1.0]]","[""base"", ""rear_chassis"", ""front_rear_chassis_pin"", ""rear_rear_chassis_pin""]","[""observed_label""]",observed_label,observed_label,10010110000,[],000390.jpg,390
10_assy_0_1,391,10010110000,1.0,"[[""10010110000"", 1.0]]","[""base"", ""rear_chassis"", ""front_rear_chassis_pin"", ""rear_rear_chassis_pin""]","[""observed_label""]",observed_label,observed_label,10010110000,[],000391.jpg,391
10_assy_0_1,392,10010110000,1.0,"[[""10010110000"", 1.0]]","[""base"", ""rear_chassis"", ""front_rear_chassis_pin"", ""rear_rear_chassis_pin""]","[""observed_label""]",observed_label,observed_label,10010110000,[],000392.jpg,392
10_assy_0_1,393,10010110000,1.0,"[[""10010110000"", 1.0]]","[""base"", ""rear_chassis"", ""front_rear_chassis_pin"", ""rear_rear_chassis_pin""]","[""observed_label""]",observed_label,observed_label,10010110000,[],000393.jpg,393
10_assy_0_1,394,10010110000,1.0,"[[""10010110000"", 1.0]]","[""base"", ""rear_chassis"", ""front_rear_chassis_pin"", ""rear_rear_chassis_pin""]","[""observed_label""]",observed_label,observed_label,10010110000,[],000394.jpg,394
10_assy_0_1,395,10010110000,1.0,"[[""10010110000"", 1.0]]","[""base"", ""rear_chassis"", ""front_rear_chassis_pin"", ""rear_rear_chassis_pin""]","[""observed_label""]",observed_label,observed_label,10010110000,[],000395.jpg,395
10_assy_0_1,396,10010110000,1.0,"[[""10010110000"", 1.0]]","[""base"", ""rear_chassis"", ""front_rear_chassis_pin"", ""rear_rear_chassis_pin""]","[""observed_label""]",observed_label,observed_label,10010110000,[],000396.jpg,396
10_assy_0_1,397,10010110000,1.0,"[[""10010110000"", 1.0]]","[""base"", ""rear_chassis"", ""front_rear_chassis_pin"", ""rear_rear_chassis_pin""]","[""observed_label""]",observed_label,observed_label,10010110000,[],000397.jpg,397
10_assy_0_1,398,10010110000,1.0,"[[""10010110000"", 1.0]]","[""base"", ""rear_chassis"", ""front_rear_chassis_pin"", ""rear_rear_chassis_pin""]","[""observed_label""]",observed_label,observed_label,10010110000,[],000398.jpg,398
10_assy_0_1,399,10010110000,1.0,"[[""10010110000"", 1.0]]","[""base"", ""rear_chassis"", ""front_rear_chassis_pin"", ""rear_rear_chassis_pin""]","[""observed_label""]",observed_label,observed_label,10010110000,[],000399.jpg,399
10_assy_0_1,400,10010110000,0.97,"[[""10010110000"", 0.97]]","[""base"", ""rear_chassis"", ""front_rear_chassis_pin"", ""rear_rear_chassis_pin""]","[""carried_forward_state""]",carried_forward_state,carried_forward_state,10010110000,[],000400.jpg,
10_assy_0_1,401,10010110000,0.97,"[[""10010110000"", 0.97]]","[""base"", ""rear_chassis"", ""front_rear_chassis_pin"", ""rear_rear_chassis_pin""]","[""carried_forward_state""]",carried_forward_state,carried_forward_state,10010110000,[],000401.jpg,
10_assy_0_1,402,10010110000,0.97,"[[""10010110000"", 0.97]]","[""base"", ""rear_chassis"", ""front_rear_chassis_pin"", ""rear_rear_chassis_pin""]","[""carried_forward_state""]",carried_forward_state,carried_forward_state,10010110000,[],000402.jpg,
10_assy_0_1,403,10010110000,0.97,"[[""10010110000"", 0.97]]","[""base"", ""rear_chassis"", ""front_rear_chassis_pin"", ""rear_rear_chassis_pin""]","[""carried_forward_state""]",carried_forward_state,carried_forward_state,10010110000,[],000403.jpg,
10_assy_0_1,404,10010110000,0.97,"[[""10010110000"", 0.97]]","[""base"", ""rear_chassis"", ""front_rear_chassis_pin"", ""rear_rear_chassis_pin""]","[""carried_forward_state""]",carried_forward_state,carried_forward_state,10010110000,[],000404.jpg,
10_assy_0_1,405,10010110000,0.97,"[[""10010110000"", 0.97]]","[""base"", ""rear_chassis"", ""front_rear_chassis_pin"", ""rear_rear_chassis_pin""]","[""carried_forward_state""]",carried_forward_state,carried_forward_state,10010110000,[],000405.jpg,
10_assy_0_1,406,10010110000,0.97,"[[""10010110000"", 0.97]]","[""base"", ""rear_chassis"", ""front_rear_chassis_pin"", ""rear_rear_chassis_pin""]","[""carried_forward_state""]",carried_forward_state,carried_forward_state,10010110000,[],000406.jpg,
10_assy_0_1,407,10010110000,0.97,"[[""10010110000"", 0.97]]","[""base"", ""rear_chassis"", ""front_rear_chassis_pin"", ""rear_rear_chassis_pin""]","[""carried_forward_state""]",carried_forward_state,carried_forward_state,10010110000,[],000407.jpg,
10_assy_0_1,408,10010110000,0.97,"[[""10010110000"", 0.97]]","[""base"", ""rear_chassis"", ""front_rear_chassis_pin"", ""rear_rear_chassis_pin""]","[""carried_forward_state""]",carried_forward_state,carried_forward_state,10010110000,[],000408.jpg,
10_assy_0_1,409,10010110000,0.97,"[[""10010110000"", 0.97]]","[""base"", ""rear_chassis"", ""front_rear_chassis_pin"", ""rear_rear_chassis_pin""]","[""carried_forward_state""]",carried_forward_state,carried_forward_state,10010110000,[],000409.jpg,
10_assy_0_1,410,10010110000,0.97,"[[""10010110000"", 0.97]]","[""base"", ""rear_chassis"", ""front_rear_chassis_pin"", ""rear_rear_chassis_pin""]","[""carried_forward_state""]",carried_forward_state,carried_forward_state,10010110000,[],000410.jpg,
10_assy_0_1,411,10010110000,0.97,"[[""10010110000"", 0.97]]","[""base"", ""rear_chassis"", ""front_rear_chassis_pin"", ""rear_rear_chassis_pin""]","[""carried_forward_state""]",carried_forward_state,carried_forward_state,10010110000,[],000411.jpg,
10_assy_0_1,412,10010110000,0.97,"[[""10010110000"", 0.97]]","[""base"", ""rear_chassis"", ""front_rear_chassis_pin"", ""rear_rear_chassis_pin""]","[""carried_forward_state""]",carried_forward_state,carried_forward_state,10010110000,[],000412.jpg,
10_assy_0_1,413,10010110000,0.97,"[[""10010110000"", 0.97]]","[""base"", ""rear_chassis"", ""front_rear_chassis_pin"", ""rear_rear_chassis_pin""]","[""carried_forward_state""]",carried_forward_state,carried_forward_state,10010110000,[],000413.jpg,
10_assy_0_1,414,10010110000,0.97,"[[""10010110000"", 0.97]]","[""base"", ""rear_chassis"", ""front_rear_chassis_pin"", ""rear_rear_chassis_pin""]","[""carried_forward_state""]",carried_forward_state,carried_forward_state,10010110000,[],000414.jpg,
10_assy_0_1,415,10010110000,0.97,"[[""10010110000"", 0.97]]","[""base"", ""rear_chassis"", ""front_rear_chassis_pin"", ""rear_rear_chassis_pin""]","[""carried_forward_state""]",carried_forward_state,carried_forward_state,10010110000,[],000415.jpg,
10_assy_0_1,416,10010110000,0.97,"[[""10010110000"", 0.97]]","[""base"", ""rear_chassis"", ""front_rear_chassis_pin"", ""rear_rear_chassis_pin""]","[""carried_forward_state""]",carried_forward_state,carried_forward_state,10010110000,[],000416.jpg,
10_assy_0_1,417,10010110000,0.97,"[[""10010110000"", 0.97]]","[""base"", ""rear_chassis"", ""front_rear_chassis_pin"", ""rear_rear_chassis_pin""]","[""carried_forward_state""]",carried_forward_state,carried_forward_state,10010110000,[],000417.jpg,
10_assy_0_1,418,10010110000,0.97,"[[""10010110000"", 0.97]]","[""base"", ""rear_chassis"", ""front_rear_chassis_pin"", ""rear_rear_chassis_pin""]","[""carried_forward_state""]",carried_forward_state,carried_forward_state,10010110000,[],000418.jpg,
10_assy_0_1,419,10010110000,0.97,"[[""10010110000"", 0.97]]","[""base"", ""rear_chassis"", ""front_rear_chassis_pin"", ""rear_rear_chassis_pin""]","[""carried_forward_state""]",carried_forward_state,carried_forward_state,10010110000,[],000419.jpg,
10_assy_0_1,420,10010110000,0.97,"[[""10010110000"", 0.97]]","[""base"", ""rear_chassis"", ""front_rear_chassis_pin"", ""rear_rear_chassis_pin""]","[""carried_forward_state""]",carried_forward_state,carried_forward_state,10010110000,[],000420.jpg,
10_assy_0_1,421,10010110000,0.97,"[[""10010110000"", 0.97]]","[""base"", ""rear_chassis"", ""front_rear_chassis_pin"", ""rear_rear_chassis_pin""]","[""carried_forward_state""]",carried_forward_state,carried_forward_state,10010110000,[],000421.jpg,
10_assy_0_1,422,10010110000,0.97,"[[""10010110000"", 0.97]]","[""base"", ""rear_chassis"", ""front_rear_chassis_pin"", ""rear_rear_chassis_pin""]","[""carried_forward_state""]",carried_forward_state,carried_forward_state,10010110000,[],000422.jpg,
10_assy_0_1,423,10010110000,0.97,"[[""10010110000"", 0.97]]","[""base"", ""rear_chassis"", ""front_rear_chassis_pin"", ""rear_rear_chassis_pin""]","[""carried_forward_state""]",carried_forward_state,carried_forward_state,10010110000,[],000423.jpg,
10_assy_0_1,424,10010110000,0.97,"[[""10010110000"", 0.97]]","[""base"", ""rear_chassis"", ""front_rear_chassis_pin"", ""rear_rear_chassis_pin""]","[""carried_forward_state""]",carried_forward_state,carried_forward_state,10010110000,[],000424.jpg,
10_assy_0_1,425,10010110000,0.97,"[[""10010110000"", 0.97]]","[""base"", ""rear_chassis"", ""front_rear_chassis_pin"", ""rear_rear_chassis_pin""]","[""carried_forward_state""]",carried_forward_state,carried_forward_state,10010110000,[],000425.jpg,
10_assy_0_1,426,10010110000,0.97,"[[""10010110000"", 0.97]]","[""base"", ""rear_chassis"", ""front_rear_chassis_pin"", ""rear_rear_chassis_pin""]","[""carried_forward_state""]",carried_forward_state,carried_forward_state,10010110000,[],000426.jpg,
10_assy_0_1,427,10010110000,0.97,"[[""10010110000"", 0.97]]","[""base"", ""rear_chassis"", ""front_rear_chassis_pin"", ""rear_rear_chassis_pin""]","[""carried_forward_state""]",carried_forward_state,carried_forward_state,10010110000,[],000427.jpg,
10_assy_0_1,428,10010110000,0.97,"[[""10010110000"", 0.97]]","[""base"", ""rear_chassis"", ""front_rear_chassis_pin"", ""rear_rear_chassis_pin""]","[""carried_forward_state""]",carried_forward_state,carried_forward_state,10010110000,[],000428.jpg,
10_assy_0_1,429,10010110000,0.97,"[[""10010110000"", 0.97]]","[""base"", ""rear_chassis"", ""front_rear_chassis_pin"", ""rear_rear_chassis_pin""]","[""carried_forward_state""]",carried_forward_state,carried_forward_state,10010110000,[],000429.jpg,
10_assy_0_1,430,10010110000,0.97,"[[""10010110000"", 0.97]]","[""base"", ""rear_chassis"", ""front_rear_chassis_pin"", ""rear_rear_chassis_pin""]","[""carried_forward_state""]",carried_forward_state,carried_forward_state,10010110000,[],000430.jpg,
10_assy_0_1,431,10010110000,0.97,"[[""10010110000"", 0.97]]","[""base"", ""rear_chassis"", ""front_rear_chassis_pin"", ""rear_rear_chassis_pin""]","[""carried_forward_state""]",carried_forward_state,carried_forward_state,10010110000,[],000431.jpg,
10_assy_0_1,432,10010110000,0.97,"[[""10010110000"", 0.97]]","[""base"", ""rear_chassis"", ""front_rear_chassis_pin"", ""rear_rear_chassis_pin""]","[""carried_forward_state""]",carried_forward_state,carried_forward_state,10010110000,[],000432.jpg,
10_assy_0_1,433,10010110000,0.97,"[[""10010110000"", 0.97]]","[""base"", ""rear_chassis"", ""front_rear_chassis_pin"", ""rear_rear_chassis_pin""]","[""carried_forward_state""]",carried_forward_state,carried_forward_state,10010110000,[],000433.jpg,
10_assy_0_1,434,10010110000,0.97,"[[""10010110000"", 0.97]]","[""base"", ""rear_chassis"", ""front_rear_chassis_pin"", ""rear_rear_chassis_pin""]","[""carried_forward_state""]",carried_forward_state,carried_forward_state,10010110000,[],000434.jpg,
10_assy_0_1,435,10010110000,0.97,"[[""10010110000"", 0.97]]","[""base"", ""rear_chassis"", ""front_rear_chassis_pin"", ""rear_rear_chassis_pin""]","[""carried_forward_state""]",carried_forward_state,carried_forward_state,10010110000,[],000435.jpg,
10_assy_0_1,436,10010110000,0.97,"[[""10010110000"", 0.97]]","[""base"", ""rear_chassis"", ""front_rear_chassis_pin"", ""rear_rear_chassis_pin""]","[""carried_forward_state""]",carried_forward_state,carried_forward_state,10010110000,[],000436.jpg,
10_assy_0_1,437,10010110000,0.97,"[[""10010110000"", 0.97]]","[""base"", ""rear_chassis"", ""front_rear_chassis_pin"", ""rear_rear_chassis_pin""]","[""carried_forward_state""]",carried_forward_state,carried_forward_state,10010110000,[],000437.jpg,
10_assy_0_1,438,10010110000,0.97,"[[""10010110000"", 0.97]]","[""base"", ""rear_chassis"", ""front_rear_chassis_pin"", ""rear_rear_chassis_pin""]","[""carried_forward_state""]",carried_forward_state,carried_forward_state,10010110000,[],000438.jpg,
10_assy_0_1,439,10010110000,0.97,"[[""10010110000"", 0.97]]","[""base"", ""rear_chassis"", ""front_rear_chassis_pin"", ""rear_rear_chassis_pin""]","[""carried_forward_state""]",carried_forward_state,carried_forward_state,10010110000,[],000439.jpg,
10_assy_0_1,440,10010110000,0.97,"[[""10010110000"", 0.97]]","[""base"", ""rear_chassis"", ""front_rear_chassis_pin"", ""rear_rear_chassis_pin""]","[""carried_forward_state""]",carried_forward_state,carried_forward_state,10010110000,[],000440.jpg,
10_assy_0_1,441,10010110000,0.97,"[[""10010110000"", 0.97]]","[""base"", ""rear_chassis"", ""front_rear_chassis_pin"", ""rear_rear_chassis_pin""]","[""carried_forward_state""]",carried_forward_state,carried_forward_state,10010110000,[],000441.jpg,
10_assy_0_1,442,10010110000,0.97,"[[""10010110000"", 0.97]]","[""base"", ""rear_chassis"", ""front_rear_chassis_pin"", ""rear_rear_chassis_pin""]","[""carried_forward_state""]",carried_forward_state,carried_forward_state,10010110000,[],000442.jpg,
10_assy_0_1,443,10010110000,0.97,"[[""10010110000"", 0.97]]","[""base"", ""rear_chassis"", ""front_rear_chassis_pin"", ""rear_rear_chassis_pin""]","[""carried_forward_state""]",carried_forward_state,carried_forward_state,10010110000,[],000443.jpg,
10_assy_0_1,444,10010110000,0.97,"[[""10010110000"", 0.97]]","[""base"", ""rear_chassis"", ""front_rear_chassis_pin"", ""rear_rear_chassis_pin""]","[""carried_forward_state""]",carried_forward_state,carried_forward_state,10010110000,[],000444.jpg,
10_assy_0_1,445,10010110000,0.97,"[[""10010110000"", 0.97]]","[""base"", ""rear_chassis"", ""front_rear_chassis_pin"", ""rear_rear_chassis_pin""]","[""carried_forward_state""]",carried_forward_state,carried_forward_state,10010110000,[],000445.jpg,
10_assy_0_1,446,10010110000,0.97,"[[""10010110000"", 0.97]]","[""base"", ""rear_chassis"", ""front_rear_chassis_pin"", ""rear_rear_chassis_pin""]","[""carried_forward_state""]",carried_forward_state,carried_forward_state,10010110000,[],000446.jpg,
10_assy_0_1,447,10010110000,0.97,"[[""10010110000"", 0.97]]","[""base"", ""rear_chassis"", ""front_rear_chassis_pin"", ""rear_rear_chassis_pin""]","[""carried_forward_state""]",carried_forward_state,carried_forward_state,10010110000,[],000447.jpg,
10_assy_0_1,448,10010110000,0.97,"[[""10010110000"", 0.97]]","[""base"", ""rear_chassis"", ""front_rear_chassis_pin"", ""rear_rear_chassis_pin""]","[""carried_forward_state""]",carried_forward_state,carried_forward_state,10010110000,[],000448.jpg,
10_assy_0_1,449,10010110000,0.97,"[[""10010110000"", 0.97]]","[""base"", ""rear_chassis"", ""front_rear_chassis_pin"", ""rear_rear_chassis_pin""]","[""carried_forward_state""]",carried_forward_state,carried_forward_state,10010110000,[],000449.jpg,
10_assy_0_1,450,10010110000,0.97,"[[""10010110000"", 0.97]]","[""base"", ""rear_chassis"", ""front_rear_chassis_pin"", ""rear_rear_chassis_pin""]","[""carried_forward_state""]",carried_forward_state,carried_forward_state,10010110000,[],000450.jpg,
10_assy_0_1,451,10010110000,0.97,"[[""10010110000"", 0.97]]","[""base"", ""rear_chassis"", ""front_rear_chassis_pin"", ""rear_rear_chassis_pin""]","[""carried_forward_state""]",carried_forward_state,carried_forward_state,10010110000,[],000451.jpg,
10_assy_0_1,452,10010110000,0.97,"[[""10010110000"", 0.97]]","[""base"", ""rear_chassis"", ""front_rear_chassis_pin"", ""rear_rear_chassis_pin""]","[""carried_forward_state""]",carried_forward_state,carried_forward_state,10010110000,[],000452.jpg,
10_assy_0_1,453,10010110000,0.97,"[[""10010110000"", 0.97]]","[""base"", ""rear_chassis"", ""front_rear_chassis_pin"", ""rear_rear_chassis_pin""]","[""carried_forward_state""]",carried_forward_state,carried_forward_state,10010110000,[],000453.jpg,
10_assy_0_1,454,10010110000,0.97,"[[""10010110000"", 0.97]]","[""base"", ""rear_chassis"", ""front_rear_chassis_pin"", ""rear_rear_chassis_pin""]","[""carried_forward_state""]",carried_forward_state,carried_forward_state,10010110000,[],000454.jpg,
10_assy_0_1,455,10010110000,0.97,"[[""10010110000"", 0.97]]","[""base"", ""rear_chassis"", ""front_rear_chassis_pin"", ""rear_rear_chassis_pin""]","[""carried_forward_state""]",carried_forward_state,carried_forward_state,10010110000,[],000455.jpg,
10_assy_0_1,456,10010110000,0.97,"[[""10010110000"", 0.97]]","[""base"", ""rear_chassis"", ""front_rear_chassis_pin"", ""rear_rear_chassis_pin""]","[""carried_forward_state""]",carried_forward_state,carried_forward_state,10010110000,[],000456.jpg,
10_assy_0_1,457,10010110000,0.97,"[[""10010110000"", 0.97]]","[""base"", ""rear_chassis"", ""front_rear_chassis_pin"", ""rear_rear_chassis_pin""]","[""carried_forward_state""]",carried_forward_state,carried_forward_state,10010110000,[],000457.jpg,
10_assy_0_1,458,10010110000,0.97,"[[""10010110000"", 0.97]]","[""base"", ""rear_chassis"", ""front_rear_chassis_pin"", ""rear_rear_chassis_pin""]","[""carried_forward_state""]",carried_forward_state,carried_forward_state,10010110000,[],000458.jpg,
10_assy_0_1,459,10010110000,0.97,"[[""10010110000"", 0.97]]","[""base"", ""rear_chassis"", ""front_rear_chassis_pin"", ""rear_rear_chassis_pin""]","[""carried_forward_state""]",carried_forward_state,carried_forward_state,10010110000,[],000459.jpg,
10_assy_0_1,460,10010110000,0.97,"[[""10010110000"", 0.97]]","[""base"", ""rear_chassis"", ""front_rear_chassis_pin"", ""rear_rear_chassis_pin""]","[""carried_forward_state""]",carried_forward_state,carried_forward_state,10010110000,[],000460.jpg,
10_assy_0_1,461,10010110000,0.97,"[[""10010110000"", 0.97]]","[""base"", ""rear_chassis"", ""front_rear_chassis_pin"", ""rear_rear_chassis_pin""]","[""carried_forward_state""]",carried_forward_state,carried_forward_state,10010110000,[],000461.jpg,
10_assy_0_1,462,10010110000,0.97,"[[""10010110000"", 0.97]]","[""base"", ""rear_chassis"", ""front_rear_chassis_pin"", ""rear_rear_chassis_pin""]","[""carried_forward_state""]",carried_forward_state,carried_forward_state,10010110000,[],000462.jpg,
10_assy_0_1,463,10010110000,0.97,"[[""10010110000"", 0.97]]","[""base"", ""rear_chassis"", ""front_rear_chassis_pin"", ""rear_rear_chassis_pin""]","[""carried_forward_state""]",carried_forward_state,carried_forward_state,10010110000,[],000463.jpg,
10_assy_0_1,464,10010110000,0.97,"[[""10010110000"", 0.97]]","[""base"", ""rear_chassis"", ""front_rear_chassis_pin"", ""rear_rear_chassis_pin""]","[""carried_forward_state""]",carried_forward_state,carried_forward_state,10010110000,[],000464.jpg,
10_assy_0_1,465,10010110000,0.97,"[[""10010110000"", 0.97]]","[""base"", ""rear_chassis"", ""front_rear_chassis_pin"", ""rear_rear_chassis_pin""]","[""carried_forward_state""]",carried_forward_state,carried_forward_state,10010110000,[],000465.jpg,
10_assy_0_1,466,10010110000,0.97,"[[""10010110000"", 0.97]]","[""base"", ""rear_chassis"", ""front_rear_chassis_pin"", ""rear_rear_chassis_pin""]","[""carried_forward_state""]",carried_forward_state,carried_forward_state,10010110000,[],000466.jpg,
10_assy_0_1,467,10010110000,0.97,"[[""10010110000"", 0.97]]","[""base"", ""rear_chassis"", ""front_rear_chassis_pin"", ""rear_rear_chassis_pin""]","[""carried_forward_state""]",carried_forward_state,carried_forward_state,10010110000,[],000467.jpg,
10_assy_0_1,468,10010110000,0.97,"[[""10010110000"", 0.97]]","[""base"", ""rear_chassis"", ""front_rear_chassis_pin"", ""rear_rear_chassis_pin""]","[""carried_forward_state""]",carried_forward_state,carried_forward_state,10010110000,[],000468.jpg,
10_assy_0_1,469,10010110000,0.97,"[[""10010110000"", 0.97]]","[""base"", ""rear_chassis"", ""front_rear_chassis_pin"", ""rear_rear_chassis_pin""]","[""carried_forward_state""]",carried_forward_state,carried_forward_state,10010110000,[],000469.jpg,
10_assy_0_1,470,10010110000,0.97,"[[""10010110000"", 0.97]]","[""base"", ""rear_chassis"", ""front_rear_chassis_pin"", ""rear_rear_chassis_pin""]","[""carried_forward_state""]",carried_forward_state,carried_forward_state,10010110000,[],000470.jpg,
10_assy_0_1,471,10010110000,0.97,"[[""10010110000"", 0.97]]","[""base"", ""rear_chassis"", ""front_rear_chassis_pin"", ""rear_rear_chassis_pin""]","[""carried_forward_state""]",carried_forward_state,carried_forward_state,10010110000,[],000471.jpg,
10_assy_0_1,472,10010110000,0.97,"[[""10010110000"", 0.97]]","[""base"", ""rear_chassis"", ""front_rear_chassis_pin"", ""rear_rear_chassis_pin""]","[""carried_forward_state""]",carried_forward_state,carried_forward_state,10010110000,[],000472.jpg,
10_assy_0_1,473,10010110000,0.97,"[[""10010110000"", 0.97]]","[""base"", ""rear_chassis"", ""front_rear_chassis_pin"", ""rear_rear_chassis_pin""]","[""carried_forward_state""]",carried_forward_state,carried_forward_state,10010110000,[],000473.jpg,
10_assy_0_1,474,10010110000,0.97,"[[""10010110000"", 0.97]]","[""base"", ""rear_chassis"", ""front_rear_chassis_pin"", ""rear_rear_chassis_pin""]","[""carried_forward_state""]",carried_forward_state,carried_forward_state,10010110000,[],000474.jpg,
10_assy_0_1,475,10010110000,0.97,"[[""10010110000"", 0.97]]","[""base"", ""rear_chassis"", ""front_rear_chassis_pin"", ""rear_rear_chassis_pin""]","[""carried_forward_state""]",carried_forward_state,carried_forward_state,10010110000,[],000475.jpg,
10_assy_0_1,476,10010110000,0.97,"[[""10010110000"", 0.97]]","[""base"", ""rear_chassis"", ""front_rear_chassis_pin"", ""rear_rear_chassis_pin""]","[""carried_forward_state""]",carried_forward_state,carried_forward_state,10010110000,[],000476.jpg,
10_assy_0_1,477,10010110000,0.97,"[[""10010110000"", 0.97]]","[""base"", ""rear_chassis"", ""front_rear_chassis_pin"", ""rear_rear_chassis_pin""]","[""carried_forward_state""]",carried_forward_state,carried_forward_state,10010110000,[],000477.jpg,
10_assy_0_1,478,10010110000,0.97,"[[""10010110000"", 0.97]]","[""base"", ""rear_chassis"", ""front_rear_chassis_pin"", ""rear_rear_chassis_pin""]","[""carried_forward_state""]",carried_forward_state,carried_forward_state,10010110000,[],000478.jpg,
10_assy_0_1,479,10010110000,0.97,"[[""10010110000"", 0.97]]","[""base"", ""rear_chassis"", ""front_rear_chassis_pin"", ""rear_rear_chassis_pin""]","[""carried_forward_state""]",carried_forward_state,carried_forward_state,10010110000,[],000479.jpg,
10_assy_0_1,480,10010110000,0.97,"[[""10010110000"", 0.97]]","[""base"", ""rear_chassis"", ""front_rear_chassis_pin"", ""rear_rear_chassis_pin""]","[""carried_forward_state""]",carried_forward_state,carried_forward_state,10010110000,[],000480.jpg,
10_assy_0_1,481,10010110000,0.97,"[[""10010110000"", 0.97]]","[""base"", ""rear_chassis"", ""front_rear_chassis_pin"", ""rear_rear_chassis_pin""]","[""carried_forward_state""]",carried_forward_state,carried_forward_state,10010110000,[],000481.jpg,
10_assy_0_1,482,10010110000,0.97,"[[""10010110000"", 0.97]]","[""base"", ""rear_chassis"", ""front_rear_chassis_pin"", ""rear_rear_chassis_pin""]","[""carried_forward_state""]",carried_forward_state,carried_forward_state,10010110000,[],000482.jpg,
10_assy_0_1,483,10010110000,0.97,"[[""10010110000"", 0.97]]","[""base"", ""rear_chassis"", ""front_rear_chassis_pin"", ""rear_rear_chassis_pin""]","[""carried_forward_state""]",carried_forward_state,carried_forward_state,10010110000,[],000483.jpg,
10_assy_0_1,484,10010110000,0.97,"[[""10010110000"", 0.97]]","[""base"", ""rear_chassis"", ""front_rear_chassis_pin"", ""rear_rear_chassis_pin""]","[""carried_forward_state""]",carried_forward_state,carried_forward_state,10010110000,[],000484.jpg,
10_assy_0_1,485,10010110000,0.97,"[[""10010110000"", 0.97]]","[""base"", ""rear_chassis"", ""front_rear_chassis_pin"", ""rear_rear_chassis_pin""]","[""carried_forward_state""]",carried_forward_state,carried_forward_state,10010110000,[],000485.jpg,
10_assy_0_1,486,10010110000,0.97,"[[""10010110000"", 0.97]]","[""base"", ""rear_chassis"", ""front_rear_chassis_pin"", ""rear_rear_chassis_pin""]","[""carried_forward_state""]",carried_forward_state,carried_forward_state,10010110000,[],000486.jpg,
10_assy_0_1,487,10010110000,0.97,"[[""10010110000"", 0.97]]","[""base"", ""rear_chassis"", ""front_rear_chassis_pin"", ""rear_rear_chassis_pin""]","[""carried_forward_state""]",carried_forward_state,carried_forward_state,10010110000,[],000487.jpg,
10_assy_0_1,488,10010110000,0.97,"[[""10010110000"", 0.97]]","[""base"", ""rear_chassis"", ""front_rear_chassis_pin"", ""rear_rear_chassis_pin""]","[""carried_forward_state""]",carried_forward_state,carried_forward_state,10010110000,[],000488.jpg,
10_assy_0_1,489,10010110000,0.97,"[[""10010110000"", 0.97]]","[""base"", ""rear_chassis"", ""front_rear_chassis_pin"", ""rear_rear_chassis_pin""]","[""carried_forward_state""]",carried_forward_state,carried_forward_state,10010110000,[],000489.jpg,
10_assy_0_1,490,10010110000,0.97,"[[""10010110000"", 0.97]]","[""base"", ""rear_chassis"", ""front_rear_chassis_pin"", ""rear_rear_chassis_pin""]","[""carried_forward_state""]",carried_forward_state,carried_forward_state,10010110000,[],000490.jpg,
10_assy_0_1,491,10010110000,0.97,"[[""10010110000"", 0.97]]","[""base"", ""rear_chassis"", ""front_rear_chassis_pin"", ""rear_rear_chassis_pin""]","[""carried_forward_state""]",carried_forward_state,carried_forward_state,10010110000,[],000491.jpg,
10_assy_0_1,492,10010110000,0.97,"[[""10010110000"", 0.97]]","[""base"", ""rear_chassis"", ""front_rear_chassis_pin"", ""rear_rear_chassis_pin""]","[""carried_forward_state""]",carried_forward_state,carried_forward_state,10010110000,[],000492.jpg,
10_assy_0_1,493,10010110000,0.97,"[[""10010110000"", 0.97]]","[""base"", ""rear_chassis"", ""front_rear_chassis_pin"", ""rear_rear_chassis_pin""]","[""carried_forward_state""]",carried_forward_state,carried_forward_state,10010110000,[],000493.jpg,
10_assy_0_1,494,10010110000,0.97,"[[""10010110000"", 0.97]]","[""base"", ""rear_chassis"", ""front_rear_chassis_pin"", ""rear_rear_chassis_pin""]","[""carried_forward_state""]",carried_forward_state,carried_forward_state,10010110000,[],000494.jpg,
10_assy_0_1,495,10010110000,0.97,"[[""10010110000"", 0.97]]","[""base"", ""rear_chassis"", ""front_rear_chassis_pin"", ""rear_rear_chassis_pin""]","[""carried_forward_state""]",carried_forward_state,carried_forward_state,10010110000,[],000495.jpg,
10_assy_0_1,496,10010110000,0.97,"[[""10010110000"", 0.97]]","[""base"", ""rear_chassis"", ""front_rear_chassis_pin"", ""rear_rear_chassis_pin""]","[""carried_forward_state""]",carried_forward_state,carried_forward_state,10010110000,[],000496.jpg,
10_assy_0_1,497,10010110000,0.97,"[[""10010110000"", 0.97]]","[""base"", ""rear_chassis"", ""front_rear_chassis_pin"", ""rear_rear_chassis_pin""]","[""carried_forward_state""]",carried_forward_state,carried_forward_state,10010110000,[],000497.jpg,
10_assy_0_1,498,10010110000,0.97,"[[""10010110000"", 0.97]]","[""base"", ""rear_chassis"", ""front_rear_chassis_pin"", ""rear_rear_chassis_pin""]","[""carried_forward_state""]",carried_forward_state,carried_forward_state,10010110000,[],000498.jpg,
10_assy_0_1,499,10010110000,0.97,"[[""10010110000"", 0.97]]","[""base"", ""rear_chassis"", ""front_rear_chassis_pin"", ""rear_rear_chassis_pin""]","[""carried_forward_state""]",carried_forward_state,carried_forward_state,10010110000,[],000499.jpg,
10_assy_0_1,500,10010110000,0.97,"[[""10010110000"", 0.97]]","[""base"", ""rear_chassis"", ""front_rear_chassis_pin"", ""rear_rear_chassis_pin""]","[""carried_forward_state""]",carried_forward_state,carried_forward_state,10010110000,[],000500.jpg,
10_assy_0_1,501,10010110000,0.97,"[[""10010110000"", 0.97]]","[""base"", ""rear_chassis"", ""front_rear_chassis_pin"", ""rear_rear_chassis_pin""]","[""carried_forward_state""]",carried_forward_state,carried_forward_state,10010110000,[],000501.jpg,
10_assy_0_1,502,10010110000,0.97,"[[""10010110000"", 0.97]]","[""base"", ""rear_chassis"", ""front_rear_chassis_pin"", ""rear_rear_chassis_pin""]","[""carried_forward_state""]",carried_forward_state,carried_forward_state,10010110000,[],000502.jpg,
10_assy_0_1,503,10010110000,0.97,"[[""10010110000"", 0.97]]","[""base"", ""rear_chassis"", ""front_rear_chassis_pin"", ""rear_rear_chassis_pin""]","[""carried_forward_state""]",carried_forward_state,carried_forward_state,10010110000,[],000503.jpg,
10_assy_0_1,504,10010110000,0.97,"[[""10010110000"", 0.97]]","[""base"", ""rear_chassis"", ""front_rear_chassis_pin"", ""rear_rear_chassis_pin""]","[""carried_forward_state""]",carried_forward_state,carried_forward_state,10010110000,[],000504.jpg,
10_assy_0_1,505,10010110000,0.97,"[[""10010110000"", 0.97]]","[""base"", ""rear_chassis"", ""front_rear_chassis_pin"", ""rear_rear_chassis_pin""]","[""carried_forward_state""]",carried_forward_state,carried_forward_state,10010110000,[],000505.jpg,
10_assy_0_1,506,10010110000,0.97,"[[""10010110000"", 0.97]]","[""base"", ""rear_chassis"", ""front_rear_chassis_pin"", ""rear_rear_chassis_pin""]","[""carried_forward_state""]",carried_forward_state,carried_forward_state,10010110000,[],000506.jpg,
10_assy_0_1,507,10010110000,0.97,"[[""10010110000"", 0.97]]","[""base"", ""rear_chassis"", ""front_rear_chassis_pin"", ""rear_rear_chassis_pin""]","[""carried_forward_state""]",carried_forward_state,carried_forward_state,10010110000,[],000507.jpg,
10_assy_0_1,508,10010110000,0.97,"[[""10010110000"", 0.97]]","[""base"", ""rear_chassis"", ""front_rear_chassis_pin"", ""rear_rear_chassis_pin""]","[""carried_forward_state""]",carried_forward_state,carried_forward_state,10010110000,[],000508.jpg,
10_assy_0_1,509,10010110000,0.97,"[[""10010110000"", 0.97]]","[""base"", ""rear_chassis"", ""front_rear_chassis_pin"", ""rear_rear_chassis_pin""]","[""carried_forward_state""]",carried_forward_state,carried_forward_state,10010110000,[],000509.jpg,
10_assy_0_1,510,10010110000,0.97,"[[""10010110000"", 0.97]]","[""base"", ""rear_chassis"", ""front_rear_chassis_pin"", ""rear_rear_chassis_pin""]","[""carried_forward_state""]",carried_forward_state,carried_forward_state,10010110000,[],000510.jpg,
10_assy_0_1,511,10010110000,0.97,"[[""10010110000"", 0.97]]","[""base"", ""rear_chassis"", ""front_rear_chassis_pin"", ""rear_rear_chassis_pin""]","[""carried_forward_state""]",carried_forward_state,carried_forward_state,10010110000,[],000511.jpg,
10_assy_0_1,512,10010110000,0.97,"[[""10010110000"", 0.97]]","[""base"", ""rear_chassis"", ""front_rear_chassis_pin"", ""rear_rear_chassis_pin""]","[""carried_forward_state""]",carried_forward_state,carried_forward_state,10010110000,[],000512.jpg,
10_assy_0_1,513,10010110000,0.97,"[[""10010110000"", 0.97]]","[""base"", ""rear_chassis"", ""front_rear_chassis_pin"", ""rear_rear_chassis_pin""]","[""carried_forward_state""]",carried_forward_state,carried_forward_state,10010110000,[],000513.jpg,
10_assy_0_1,514,10010110000,0.97,"[[""10010110000"", 0.97]]","[""base"", ""rear_chassis"", ""front_rear_chassis_pin"", ""rear_rear_chassis_pin""]","[""carried_forward_state""]",carried_forward_state,carried_forward_state,10010110000,[],000514.jpg,
10_assy_0_1,515,10010110000,0.97,"[[""10010110000"", 0.97]]","[""base"", ""rear_chassis"", ""front_rear_chassis_pin"", ""rear_rear_chassis_pin""]","[""carried_forward_state""]",carried_forward_state,carried_forward_state,10010110000,[],000515.jpg,
10_assy_0_1,516,10010110000,0.97,"[[""10010110000"", 0.97]]","[""base"", ""rear_chassis"", ""front_rear_chassis_pin"", ""rear_rear_chassis_pin""]","[""carried_forward_state""]",carried_forward_state,carried_forward_state,10010110000,[],000516.jpg,
10_assy_0_1,517,10010110000,0.97,"[[""10010110000"", 0.97]]","[""base"", ""rear_chassis"", ""front_rear_chassis_pin"", ""rear_rear_chassis_pin""]","[""carried_forward_state""]",carried_forward_state,carried_forward_state,10010110000,[],000517.jpg,
10_assy_0_1,518,10010110000,0.97,"[[""10010110000"", 0.97]]","[""base"", ""rear_chassis"", ""front_rear_chassis_pin"", ""rear_rear_chassis_pin""]","[""carried_forward_state""]",carried_forward_state,carried_forward_state,10010110000,[],000518.jpg,
10_assy_0_1,519,10010110000,0.97,"[[""10010110000"", 0.97]]","[""base"", ""rear_chassis"", ""front_rear_chassis_pin"", ""rear_rear_chassis_pin""]","[""carried_forward_state""]",carried_forward_state,carried_forward_state,10010110000,[],000519.jpg,
10_assy_0_1,520,10010110000,0.97,"[[""10010110000"", 0.97]]","[""base"", ""rear_chassis"", ""front_rear_chassis_pin"", ""rear_rear_chassis_pin""]","[""carried_forward_state""]",carried_forward_state,carried_forward_state,10010110000,[],000520.jpg,
10_assy_0_1,521,10010110000,0.97,"[[""10010110000"", 0.97]]","[""base"", ""rear_chassis"", ""front_rear_chassis_pin"", ""rear_rear_chassis_pin""]","[""carried_forward_state""]",carried_forward_state,carried_forward_state,10010110000,[],000521.jpg,
10_assy_0_1,522,10010110000,0.97,"[[""10010110000"", 0.97]]","[""base"", ""rear_chassis"", ""front_rear_chassis_pin"", ""rear_rear_chassis_pin""]","[""carried_forward_state""]",carried_forward_state,carried_forward_state,10010110000,[],000522.jpg,
10_assy_0_1,523,10010110000,0.97,"[[""10010110000"", 0.97]]","[""base"", ""rear_chassis"", ""front_rear_chassis_pin"", ""rear_rear_chassis_pin""]","[""carried_forward_state""]",carried_forward_state,carried_forward_state,10010110000,[],000523.jpg,
10_assy_0_1,524,10010110000,0.97,"[[""10010110000"", 0.97]]","[""base"", ""rear_chassis"", ""front_rear_chassis_pin"", ""rear_rear_chassis_pin""]","[""carried_forward_state""]",carried_forward_state,carried_forward_state,10010110000,[],000524.jpg,
10_assy_0_1,525,10010110000,0.97,"[[""10010110000"", 0.97]]","[""base"", ""rear_chassis"", ""front_rear_chassis_pin"", ""rear_rear_chassis_pin""]","[""carried_forward_state""]",carried_forward_state,carried_forward_state,10010110000,[],000525.jpg,
10_assy_0_1,526,10010110000,0.97,"[[""10010110000"", 0.97]]","[""base"", ""rear_chassis"", ""front_rear_chassis_pin"", ""rear_rear_chassis_pin""]","[""carried_forward_state""]",carried_forward_state,carried_forward_state,10010110000,[],000526.jpg,
10_assy_0_1,527,10010110000,0.97,"[[""10010110000"", 0.97]]","[""base"", ""rear_chassis"", ""front_rear_chassis_pin"", ""rear_rear_chassis_pin""]","[""carried_forward_state""]",carried_forward_state,carried_forward_state,10010110000,[],000527.jpg,
10_assy_0_1,528,10010110000,0.97,"[[""10010110000"", 0.97]]","[""base"", ""rear_chassis"", ""front_rear_chassis_pin"", ""rear_rear_chassis_pin""]","[""carried_forward_state""]",carried_forward_state,carried_forward_state,10010110000,[],000528.jpg,
10_assy_0_1,529,10010110000,0.97,"[[""10010110000"", 0.97]]","[""base"", ""rear_chassis"", ""front_rear_chassis_pin"", ""rear_rear_chassis_pin""]","[""carried_forward_state""]",carried_forward_state,carried_forward_state,10010110000,[],000529.jpg,
10_assy_0_1,530,10010110000,0.97,"[[""10010110000"", 0.97]]","[""base"", ""rear_chassis"", ""front_rear_chassis_pin"", ""rear_rear_chassis_pin""]","[""carried_forward_state""]",carried_forward_state,carried_forward_state,10010110000,[],000530.jpg,
10_assy_0_1,531,10010110000,0.97,"[[""10010110000"", 0.97]]","[""base"", ""rear_chassis"", ""front_rear_chassis_pin"", ""rear_rear_chassis_pin""]","[""carried_forward_state""]",carried_forward_state,carried_forward_state,10010110000,[],000531.jpg,
10_assy_0_1,532,10010110000,0.97,"[[""10010110000"", 0.97]]","[""base"", ""rear_chassis"", ""front_rear_chassis_pin"", ""rear_rear_chassis_pin""]","[""carried_forward_state""]",carried_forward_state,carried_forward_state,10010110000,[],000532.jpg,
10_assy_0_1,533,10010110000,0.97,"[[""10010110000"", 0.97]]","[""base"", ""rear_chassis"", ""front_rear_chassis_pin"", ""rear_rear_chassis_pin""]","[""carried_forward_state""]",carried_forward_state,carried_forward_state,10010110000,[],000533.jpg,
10_assy_0_1,534,10010110000,0.97,"[[""10010110000"", 0.97]]","[""base"", ""rear_chassis"", ""front_rear_chassis_pin"", ""rear_rear_chassis_pin""]","[""carried_forward_state""]",carried_forward_state,carried_forward_state,10010110000,[],000534.jpg,
10_assy_0_1,535,10010110000,0.97,"[[""10010110000"", 0.97]]","[""base"", ""rear_chassis"", ""front_rear_chassis_pin"", ""rear_rear_chassis_pin""]","[""carried_forward_state""]",carried_forward_state,carried_forward_state,10010110000,[],000535.jpg,
10_assy_0_1,536,10010110000,0.97,"[[""10010110000"", 0.97]]","[""base"", ""rear_chassis"", ""front_rear_chassis_pin"", ""rear_rear_chassis_pin""]","[""carried_forward_state""]",carried_forward_state,carried_forward_state,10010110000,[],000536.jpg,
10_assy_0_1,537,10010110000,0.97,"[[""10010110000"", 0.97]]","[""base"", ""rear_chassis"", ""front_rear_chassis_pin"", ""rear_rear_chassis_pin""]","[""carried_forward_state""]",carried_forward_state,carried_forward_state,10010110000,[],000537.jpg,
10_assy_0_1,538,10010110000,0.97,"[[""10010110000"", 0.97]]","[""base"", ""rear_chassis"", ""front_rear_chassis_pin"", ""rear_rear_chassis_pin""]","[""carried_forward_state""]",carried_forward_state,carried_forward_state,10010110000,[],000538.jpg,
10_assy_0_1,539,10010110000,0.97,"[[""10010110000"", 0.97]]","[""base"", ""rear_chassis"", ""front_rear_chassis_pin"", ""rear_rear_chassis_pin""]","[""carried_forward_state""]",carried_forward_state,carried_forward_state,10010110000,[],000539.jpg,
10_assy_0_1,540,10010110000,0.97,"[[""10010110000"", 0.97]]","[""base"", ""rear_chassis"", ""front_rear_chassis_pin"", ""rear_rear_chassis_pin""]","[""carried_forward_state""]",carried_forward_state,carried_forward_state,10010110000,[],000540.jpg,
10_assy_0_1,541,10010110000,0.97,"[[""10010110000"", 0.97]]","[""base"", ""rear_chassis"", ""front_rear_chassis_pin"", ""rear_rear_chassis_pin""]","[""carried_forward_state""]",carried_forward_state,carried_forward_state,10010110000,[],000541.jpg,
10_assy_0_1,542,10010110000,0.97,"[[""10010110000"", 0.97]]","[""base"", ""rear_chassis"", ""front_rear_chassis_pin"", ""rear_rear_chassis_pin""]","[""carried_forward_state""]",carried_forward_state,carried_forward_state,10010110000,[],000542.jpg,
10_assy_0_1,543,10010110000,0.97,"[[""10010110000"", 0.97]]","[""base"", ""rear_chassis"", ""front_rear_chassis_pin"", ""rear_rear_chassis_pin""]","[""carried_forward_state""]",carried_forward_state,carried_forward_state,10010110000,[],000543.jpg,
10_assy_0_1,544,10010110000,0.97,"[[""10010110000"", 0.97]]","[""base"", ""rear_chassis"", ""front_rear_chassis_pin"", ""rear_rear_chassis_pin""]","[""carried_forward_state""]",carried_forward_state,carried_forward_state,10010110000,[],000544.jpg,
10_assy_0_1,545,10010110000,0.97,"[[""10010110000"", 0.97]]","[""base"", ""rear_chassis"", ""front_rear_chassis_pin"", ""rear_rear_chassis_pin""]","[""carried_forward_state""]",carried_forward_state,carried_forward_state,10010110000,[],000545.jpg,
10_assy_0_1,546,10010110000,0.97,"[[""10010110000"", 0.97]]","[""base"", ""rear_chassis"", ""front_rear_chassis_pin"", ""rear_rear_chassis_pin""]","[""carried_forward_state""]",carried_forward_state,carried_forward_state,10010110000,[],000546.jpg,
10_assy_0_1,547,10010110000,0.97,"[[""10010110000"", 0.97]]","[""base"", ""rear_chassis"", ""front_rear_chassis_pin"", ""rear_rear_chassis_pin""]","[""carried_forward_state""]",carried_forward_state,carried_forward_state,10010110000,[],000547.jpg,
10_assy_0_1,548,10010110000,0.97,"[[""10010110000"", 0.97]]","[""base"", ""rear_chassis"", ""front_rear_chassis_pin"", ""rear_rear_chassis_pin""]","[""carried_forward_state""]",carried_forward_state,carried_forward_state,10010110000,[],000548.jpg,
10_assy_0_1,549,10010110000,0.97,"[[""10010110000"", 0.97]]","[""base"", ""rear_chassis"", ""front_rear_chassis_pin"", ""rear_rear_chassis_pin""]","[""carried_forward_state""]",carried_forward_state,carried_forward_state,10010110000,[],000549.jpg,
10_assy_0_1,550,10010110000,0.97,"[[""10010110000"", 0.97]]","[""base"", ""rear_chassis"", ""front_rear_chassis_pin"", ""rear_rear_chassis_pin""]","[""carried_forward_state""]",carried_forward_state,carried_forward_state,10010110000,[],000550.jpg,
10_assy_0_1,551,10010110000,0.97,"[[""10010110000"", 0.97]]","[""base"", ""rear_chassis"", ""front_rear_chassis_pin"", ""rear_rear_chassis_pin""]","[""carried_forward_state""]",carried_forward_state,carried_forward_state,10010110000,[],000551.jpg,
10_assy_0_1,552,10010110000,0.97,"[[""10010110000"", 0.97]]","[""base"", ""rear_chassis"", ""front_rear_chassis_pin"", ""rear_rear_chassis_pin""]","[""carried_forward_state""]",carried_forward_state,carried_forward_state,10010110000,[],000552.jpg,
10_assy_0_1,553,10010110000,0.97,"[[""10010110000"", 0.97]]","[""base"", ""rear_chassis"", ""front_rear_chassis_pin"", ""rear_rear_chassis_pin""]","[""carried_forward_state""]",carried_forward_state,carried_forward_state,10010110000,[],000553.jpg,
10_assy_0_1,554,10010110000,0.97,"[[""10010110000"", 0.97]]","[""base"", ""rear_chassis"", ""front_rear_chassis_pin"", ""rear_rear_chassis_pin""]","[""carried_forward_state""]",carried_forward_state,carried_forward_state,10010110000,[],000554.jpg,
10_assy_0_1,555,10010110000,0.97,"[[""10010110000"", 0.97]]","[""base"", ""rear_chassis"", ""front_rear_chassis_pin"", ""rear_rear_chassis_pin""]","[""carried_forward_state""]",carried_forward_state,carried_forward_state,10010110000,[],000555.jpg,
10_assy_0_1,556,10010110000,0.97,"[[""10010110000"", 0.97]]","[""base"", ""rear_chassis"", ""front_rear_chassis_pin"", ""rear_rear_chassis_pin""]","[""carried_forward_state""]",carried_forward_state,carried_forward_state,10010110000,[],000556.jpg,
10_assy_0_1,557,10010110000,0.97,"[[""10010110000"", 0.97]]","[""base"", ""rear_chassis"", ""front_rear_chassis_pin"", ""rear_rear_chassis_pin""]","[""carried_forward_state""]",carried_forward_state,carried_forward_state,10010110000,[],000557.jpg,
10_assy_0_1,558,10010110000,0.97,"[[""10010110000"", 0.97]]","[""base"", ""rear_chassis"", ""front_rear_chassis_pin"", ""rear_rear_chassis_pin""]","[""carried_forward_state""]",carried_forward_state,carried_forward_state,10010110000,[],000558.jpg,
10_assy_0_1,559,10010110000,0.97,"[[""10010110000"", 0.97]]","[""base"", ""rear_chassis"", ""front_rear_chassis_pin"", ""rear_rear_chassis_pin""]","[""carried_forward_state""]",carried_forward_state,carried_forward_state,10010110000,[],000559.jpg,
10_assy_0_1,560,10010110000,0.97,"[[""10010110000"", 0.97]]","[""base"", ""rear_chassis"", ""front_rear_chassis_pin"", ""rear_rear_chassis_pin""]","[""carried_forward_state""]",carried_forward_state,carried_forward_state,10010110000,[],000560.jpg,
10_assy_0_1,561,10010110000,0.97,"[[""10010110000"", 0.97]]","[""base"", ""rear_chassis"", ""front_rear_chassis_pin"", ""rear_rear_chassis_pin""]","[""carried_forward_state""]",carried_forward_state,carried_forward_state,10010110000,[],000561.jpg,
10_assy_0_1,562,10010110000,0.97,"[[""10010110000"", 0.97]]","[""base"", ""rear_chassis"", ""front_rear_chassis_pin"", ""rear_rear_chassis_pin""]","[""carried_forward_state""]",carried_forward_state,carried_forward_state,10010110000,[],000562.jpg,
10_assy_0_1,563,10010110000,0.97,"[[""10010110000"", 0.97]]","[""base"", ""rear_chassis"", ""front_rear_chassis_pin"", ""rear_rear_chassis_pin""]","[""carried_forward_state""]",carried_forward_state,carried_forward_state,10010110000,[],000563.jpg,
10_assy_0_1,564,10010110000,0.97,"[[""10010110000"", 0.97]]","[""base"", ""rear_chassis"", ""front_rear_chassis_pin"", ""rear_rear_chassis_pin""]","[""carried_forward_state""]",carried_forward_state,carried_forward_state,10010110000,[],000564.jpg,
10_assy_0_1,565,10010110000,0.97,"[[""10010110000"", 0.97]]","[""base"", ""rear_chassis"", ""front_rear_chassis_pin"", ""rear_rear_chassis_pin""]","[""carried_forward_state""]",carried_forward_state,carried_forward_state,10010110000,[],000565.jpg,
10_assy_0_1,566,10010110000,0.97,"[[""10010110000"", 0.97]]","[""base"", ""rear_chassis"", ""front_rear_chassis_pin"", ""rear_rear_chassis_pin""]","[""carried_forward_state""]",carried_forward_state,carried_forward_state,10010110000,[],000566.jpg,
10_assy_0_1,567,10010110000,0.97,"[[""10010110000"", 0.97]]","[""base"", ""rear_chassis"", ""front_rear_chassis_pin"", ""rear_rear_chassis_pin""]","[""carried_forward_state""]",carried_forward_state,carried_forward_state,10010110000,[],000567.jpg,
10_assy_0_1,568,10010110000,0.97,"[[""10010110000"", 0.97]]","[""base"", ""rear_chassis"", ""front_rear_chassis_pin"", ""rear_rear_chassis_pin""]","[""carried_forward_state""]",carried_forward_state,carried_forward_state,10010110000,[],000568.jpg,
10_assy_0_1,569,10010110000,0.97,"[[""10010110000"", 0.97]]","[""base"", ""rear_chassis"", ""front_rear_chassis_pin"", ""rear_rear_chassis_pin""]","[""carried_forward_state""]",carried_forward_state,carried_forward_state,10010110000,[],000569.jpg,
10_assy_0_1,570,10010110000,0.97,"[[""10010110000"", 0.97]]","[""base"", ""rear_chassis"", ""front_rear_chassis_pin"", ""rear_rear_chassis_pin""]","[""carried_forward_state""]",carried_forward_state,carried_forward_state,10010110000,[],000570.jpg,
10_assy_0_1,571,10010110000,0.97,"[[""10010110000"", 0.97]]","[""base"", ""rear_chassis"", ""front_rear_chassis_pin"", ""rear_rear_chassis_pin""]","[""carried_forward_state""]",carried_forward_state,carried_forward_state,10010110000,[],000571.jpg,
10_assy_0_1,572,10010110000,0.97,"[[""10010110000"", 0.97]]","[""base"", ""rear_chassis"", ""front_rear_chassis_pin"", ""rear_rear_chassis_pin""]","[""carried_forward_state""]",carried_forward_state,carried_forward_state,10010110000,[],000572.jpg,
10_assy_0_1,573,10010110000,0.97,"[[""10010110000"", 0.97]]","[""base"", ""rear_chassis"", ""front_rear_chassis_pin"", ""rear_rear_chassis_pin""]","[""carried_forward_state""]",carried_forward_state,carried_forward_state,10010110000,[],000573.jpg,
10_assy_0_1,574,10010110000,0.97,"[[""10010110000"", 0.97]]","[""base"", ""rear_chassis"", ""front_rear_chassis_pin"", ""rear_rear_chassis_pin""]","[""carried_forward_state""]",carried_forward_state,carried_forward_state,10010110000,[],000574.jpg,
10_assy_0_1,575,10010110000,0.97,"[[""10010110000"", 0.97]]","[""base"", ""rear_chassis"", ""front_rear_chassis_pin"", ""rear_rear_chassis_pin""]","[""carried_forward_state""]",carried_forward_state,carried_forward_state,10010110000,[],000575.jpg,
10_assy_0_1,576,10010110000,0.97,"[[""10010110000"", 0.97]]","[""base"", ""rear_chassis"", ""front_rear_chassis_pin"", ""rear_rear_chassis_pin""]","[""carried_forward_state""]",carried_forward_state,carried_forward_state,10010110000,[],000576.jpg,
10_assy_0_1,577,10010110000,0.97,"[[""10010110000"", 0.97]]","[""base"", ""rear_chassis"", ""front_rear_chassis_pin"", ""rear_rear_chassis_pin""]","[""carried_forward_state""]",carried_forward_state,carried_forward_state,10010110000,[],000577.jpg,
10_assy_0_1,578,10010110000,0.97,"[[""10010110000"", 0.97]]","[""base"", ""rear_chassis"", ""front_rear_chassis_pin"", ""rear_rear_chassis_pin""]","[""carried_forward_state""]",carried_forward_state,carried_forward_state,10010110000,[],000578.jpg,
10_assy_0_1,579,10010110000,0.97,"[[""10010110000"", 0.97]]","[""base"", ""rear_chassis"", ""front_rear_chassis_pin"", ""rear_rear_chassis_pin""]","[""carried_forward_state""]",carried_forward_state,carried_forward_state,10010110000,[],000579.jpg,
10_assy_0_1,580,10010110000,0.97,"[[""10010110000"", 0.97]]","[""base"", ""rear_chassis"", ""front_rear_chassis_pin"", ""rear_rear_chassis_pin""]","[""carried_forward_state""]",carried_forward_state,carried_forward_state,10010110000,[],000580.jpg,
10_assy_0_1,581,10010110000,0.97,"[[""10010110000"", 0.97]]","[""base"", ""rear_chassis"", ""front_rear_chassis_pin"", ""rear_rear_chassis_pin""]","[""carried_forward_state""]",carried_forward_state,carried_forward_state,10010110000,[],000581.jpg,
10_assy_0_1,582,10010110000,0.97,"[[""10010110000"", 0.97]]","[""base"", ""rear_chassis"", ""front_rear_chassis_pin"", ""rear_rear_chassis_pin""]","[""carried_forward_state""]",carried_forward_state,carried_forward_state,10010110000,[],000582.jpg,
10_assy_0_1,583,10010110000,0.97,"[[""10010110000"", 0.97]]","[""base"", ""rear_chassis"", ""front_rear_chassis_pin"", ""rear_rear_chassis_pin""]","[""carried_forward_state""]",carried_forward_state,carried_forward_state,10010110000,[],000583.jpg,
10_assy_0_1,584,10010110000,0.97,"[[""10010110000"", 0.97]]","[""base"", ""rear_chassis"", ""front_rear_chassis_pin"", ""rear_rear_chassis_pin""]","[""carried_forward_state""]",carried_forward_state,carried_forward_state,10010110000,[],000584.jpg,
10_assy_0_1,585,10010110000,0.97,"[[""10010110000"", 0.97]]","[""base"", ""rear_chassis"", ""front_rear_chassis_pin"", ""rear_rear_chassis_pin""]","[""carried_forward_state""]",carried_forward_state,carried_forward_state,10010110000,[],000585.jpg,
10_assy_0_1,586,10010110000,0.97,"[[""10010110000"", 0.97]]","[""base"", ""rear_chassis"", ""front_rear_chassis_pin"", ""rear_rear_chassis_pin""]","[""carried_forward_state""]",carried_forward_state,carried_forward_state,10010110000,[],000586.jpg,
10_assy_0_1,587,10010110000,0.97,"[[""10010110000"", 0.97]]","[""base"", ""rear_chassis"", ""front_rear_chassis_pin"", ""rear_rear_chassis_pin""]","[""carried_forward_state""]",carried_forward_state,carried_forward_state,10010110000,[],000587.jpg,
10_assy_0_1,588,10010110000,0.97,"[[""10010110000"", 0.97]]","[""base"", ""rear_chassis"", ""front_rear_chassis_pin"", ""rear_rear_chassis_pin""]","[""carried_forward_state""]",carried_forward_state,carried_forward_state,10010110000,[],000588.jpg,
10_assy_0_1,589,10010110000,0.97,"[[""10010110000"", 0.97]]","[""base"", ""rear_chassis"", ""front_rear_chassis_pin"", ""rear_rear_chassis_pin""]","[""carried_forward_state""]",carried_forward_state,carried_forward_state,10010110000,[],000589.jpg,
10_assy_0_1,590,10010110000,0.97,"[[""10010110000"", 0.97]]","[""base"", ""rear_chassis"", ""front_rear_chassis_pin"", ""rear_rear_chassis_pin""]","[""carried_forward_state""]",carried_forward_state,carried_forward_state,10010110000,[],000590.jpg,
10_assy_0_1,591,10010110000,0.97,"[[""10010110000"", 0.97]]","[""base"", ""rear_chassis"", ""front_rear_chassis_pin"", ""rear_rear_chassis_pin""]","[""carried_forward_state""]",carried_forward_state,carried_forward_state,10010110000,[],000591.jpg,
10_assy_0_1,592,10010110000,0.97,"[[""10010110000"", 0.97]]","[""base"", ""rear_chassis"", ""front_rear_chassis_pin"", ""rear_rear_chassis_pin""]","[""carried_forward_state""]",carried_forward_state,carried_forward_state,10010110000,[],000592.jpg,
10_assy_0_1,593,10010110000,0.97,"[[""10010110000"", 0.97]]","[""base"", ""rear_chassis"", ""front_rear_chassis_pin"", ""rear_rear_chassis_pin""]","[""carried_forward_state""]",carried_forward_state,carried_forward_state,10010110000,[],000593.jpg,
10_assy_0_1,594,10010110000,0.97,"[[""10010110000"", 0.97]]","[""base"", ""rear_chassis"", ""front_rear_chassis_pin"", ""rear_rear_chassis_pin""]","[""carried_forward_state""]",carried_forward_state,carried_forward_state,10010110000,[],000594.jpg,
10_assy_0_1,595,10010110000,0.97,"[[""10010110000"", 0.97]]","[""base"", ""rear_chassis"", ""front_rear_chassis_pin"", ""rear_rear_chassis_pin""]","[""carried_forward_state""]",carried_forward_state,carried_forward_state,10010110000,[],000595.jpg,
10_assy_0_1,596,10010110000,0.97,"[[""10010110000"", 0.97]]","[""base"", ""rear_chassis"", ""front_rear_chassis_pin"", ""rear_rear_chassis_pin""]","[""carried_forward_state""]",carried_forward_state,carried_forward_state,10010110000,[],000596.jpg,
10_assy_0_1,597,10010110000,0.97,"[[""10010110000"", 0.97]]","[""base"", ""rear_chassis"", ""front_rear_chassis_pin"", ""rear_rear_chassis_pin""]","[""carried_forward_state""]",carried_forward_state,carried_forward_state,10010110000,[],000597.jpg,
10_assy_0_1,598,10010110000,0.97,"[[""10010110000"", 0.97]]","[""base"", ""rear_chassis"", ""front_rear_chassis_pin"", ""rear_rear_chassis_pin""]","[""carried_forward_state""]",carried_forward_state,carried_forward_state,10010110000,[],000598.jpg,
10_assy_0_1,599,10010110000,0.97,"[[""10010110000"", 0.97]]","[""base"", ""rear_chassis"", ""front_rear_chassis_pin"", ""rear_rear_chassis_pin""]","[""carried_forward_state""]",carried_forward_state,carried_forward_state,10010110000,[],000599.jpg,
10_assy_0_1,600,10010110000,0.97,"[[""10010110000"", 0.97]]","[""base"", ""rear_chassis"", ""front_rear_chassis_pin"", ""rear_rear_chassis_pin""]","[""carried_forward_state""]",carried_forward_state,carried_forward_state,10010110000,[],000600.jpg,
10_assy_0_1,601,10010110000,0.97,"[[""10010110000"", 0.97]]","[""base"", ""rear_chassis"", ""front_rear_chassis_pin"", ""rear_rear_chassis_pin""]","[""carried_forward_state""]",carried_forward_state,carried_forward_state,10010110000,[],000601.jpg,
10_assy_0_1,602,10010110000,0.97,"[[""10010110000"", 0.97]]","[""base"", ""rear_chassis"", ""front_rear_chassis_pin"", ""rear_rear_chassis_pin""]","[""carried_forward_state""]",carried_forward_state,carried_forward_state,10010110000,[],000602.jpg,
10_assy_0_1,603,10010110000,0.97,"[[""10010110000"", 0.97]]","[""base"", ""rear_chassis"", ""front_rear_chassis_pin"", ""rear_rear_chassis_pin""]","[""carried_forward_state""]",carried_forward_state,carried_forward_state,10010110000,[],000603.jpg,
10_assy_0_1,604,10010110000,0.97,"[[""10010110000"", 0.97]]","[""base"", ""rear_chassis"", ""front_rear_chassis_pin"", ""rear_rear_chassis_pin""]","[""carried_forward_state""]",carried_forward_state,carried_forward_state,10010110000,[],000604.jpg,
10_assy_0_1,605,10010110000,0.97,"[[""10010110000"", 0.97]]","[""base"", ""rear_chassis"", ""front_rear_chassis_pin"", ""rear_rear_chassis_pin""]","[""carried_forward_state""]",carried_forward_state,carried_forward_state,10010110000,[],000605.jpg,
10_assy_0_1,606,10010110000,0.97,"[[""10010110000"", 0.97]]","[""base"", ""rear_chassis"", ""front_rear_chassis_pin"", ""rear_rear_chassis_pin""]","[""carried_forward_state""]",carried_forward_state,carried_forward_state,10010110000,[],000606.jpg,
10_assy_0_1,607,10010110000,0.97,"[[""10010110000"", 0.97]]","[""base"", ""rear_chassis"", ""front_rear_chassis_pin"", ""rear_rear_chassis_pin""]","[""carried_forward_state""]",carried_forward_state,carried_forward_state,10010110000,[],000607.jpg,
10_assy_0_1,608,10010110000,0.97,"[[""10010110000"", 0.97]]","[""base"", ""rear_chassis"", ""front_rear_chassis_pin"", ""rear_rear_chassis_pin""]","[""carried_forward_state""]",carried_forward_state,carried_forward_state,10010110000,[],000608.jpg,
10_assy_0_1,609,10010110000,0.97,"[[""10010110000"", 0.97]]","[""base"", ""rear_chassis"", ""front_rear_chassis_pin"", ""rear_rear_chassis_pin""]","[""carried_forward_state""]",carried_forward_state,carried_forward_state,10010110000,[],000609.jpg,
10_assy_0_1,610,10010110000,0.97,"[[""10010110000"", 0.97]]","[""base"", ""rear_chassis"", ""front_rear_chassis_pin"", ""rear_rear_chassis_pin""]","[""carried_forward_state""]",carried_forward_state,carried_forward_state,10010110000,[],000610.jpg,
10_assy_0_1,611,10010110000,0.97,"[[""10010110000"", 0.97]]","[""base"", ""rear_chassis"", ""front_rear_chassis_pin"", ""rear_rear_chassis_pin""]","[""carried_forward_state""]",carried_forward_state,carried_forward_state,10010110000,[],000611.jpg,
10_assy_0_1,612,10010110000,0.97,"[[""10010110000"", 0.97]]","[""base"", ""rear_chassis"", ""front_rear_chassis_pin"", ""rear_rear_chassis_pin""]","[""carried_forward_state""]",carried_forward_state,carried_forward_state,10010110000,[],000612.jpg,
10_assy_0_1,613,10010110000,0.97,"[[""10010110000"", 0.97]]","[""base"", ""rear_chassis"", ""front_rear_chassis_pin"", ""rear_rear_chassis_pin""]","[""carried_forward_state""]",carried_forward_state,carried_forward_state,10010110000,[],000613.jpg,
10_assy_0_1,614,10010110000,0.97,"[[""10010110000"", 0.97]]","[""base"", ""rear_chassis"", ""front_rear_chassis_pin"", ""rear_rear_chassis_pin""]","[""carried_forward_state""]",carried_forward_state,carried_forward_state,10010110000,[],000614.jpg,
10_assy_0_1,615,10010110000,0.97,"[[""10010110000"", 0.97]]","[""base"", ""rear_chassis"", ""front_rear_chassis_pin"", ""rear_rear_chassis_pin""]","[""carried_forward_state""]",carried_forward_state,carried_forward_state,10010110000,[],000615.jpg,
10_assy_0_1,616,10010110000,0.97,"[[""10010110000"", 0.97]]","[""base"", ""rear_chassis"", ""front_rear_chassis_pin"", ""rear_rear_chassis_pin""]","[""carried_forward_state""]",carried_forward_state,carried_forward_state,10010110000,[],000616.jpg,
10_assy_0_1,617,10010110000,0.97,"[[""10010110000"", 0.97]]","[""base"", ""rear_chassis"", ""front_rear_chassis_pin"", ""rear_rear_chassis_pin""]","[""carried_forward_state""]",carried_forward_state,carried_forward_state,10010110000,[],000617.jpg,
10_assy_0_1,618,10010110000,0.97,"[[""10010110000"", 0.97]]","[""base"", ""rear_chassis"", ""front_rear_chassis_pin"", ""rear_rear_chassis_pin""]","[""carried_forward_state""]",carried_forward_state,carried_forward_state,10010110000,[],000618.jpg,
10_assy_0_1,619,10010110000,0.97,"[[""10010110000"", 0.97]]","[""base"", ""rear_chassis"", ""front_rear_chassis_pin"", ""rear_rear_chassis_pin""]","[""carried_forward_state""]",carried_forward_state,carried_forward_state,10010110000,[],000619.jpg,
10_assy_0_1,620,10010110000,0.97,"[[""10010110000"", 0.97]]","[""base"", ""rear_chassis"", ""front_rear_chassis_pin"", ""rear_rear_chassis_pin""]","[""carried_forward_state""]",carried_forward_state,carried_forward_state,10010110000,[],000620.jpg,
10_assy_0_1,621,10010110000,0.97,"[[""10010110000"", 0.97]]","[""base"", ""rear_chassis"", ""front_rear_chassis_pin"", ""rear_rear_chassis_pin""]","[""carried_forward_state""]",carried_forward_state,carried_forward_state,10010110000,[],000621.jpg,
10_assy_0_1,622,10010110000,0.97,"[[""10010110000"", 0.97]]","[""base"", ""rear_chassis"", ""front_rear_chassis_pin"", ""rear_rear_chassis_pin""]","[""carried_forward_state""]",carried_forward_state,carried_forward_state,10010110000,[],000622.jpg,
10_assy_0_1,623,10010110000,0.97,"[[""10010110000"", 0.97]]","[""base"", ""rear_chassis"", ""front_rear_chassis_pin"", ""rear_rear_chassis_pin""]","[""carried_forward_state""]",carried_forward_state,carried_forward_state,10010110000,[],000623.jpg,
10_assy_0_1,624,10010110000,0.97,"[[""10010110000"", 0.97]]","[""base"", ""rear_chassis"", ""front_rear_chassis_pin"", ""rear_rear_chassis_pin""]","[""carried_forward_state""]",carried_forward_state,carried_forward_state,10010110000,[],000624.jpg,
10_assy_0_1,625,10010110000,0.97,"[[""10010110000"", 0.97]]","[""base"", ""rear_chassis"", ""front_rear_chassis_pin"", ""rear_rear_chassis_pin""]","[""carried_forward_state""]",carried_forward_state,carried_forward_state,10010110000,[],000625.jpg,
10_assy_0_1,626,10010110000,0.97,"[[""10010110000"", 0.97]]","[""base"", ""rear_chassis"", ""front_rear_chassis_pin"", ""rear_rear_chassis_pin""]","[""carried_forward_state""]",carried_forward_state,carried_forward_state,10010110000,[],000626.jpg,
10_assy_0_1,627,10010110000,0.97,"[[""10010110000"", 0.97]]","[""base"", ""rear_chassis"", ""front_rear_chassis_pin"", ""rear_rear_chassis_pin""]","[""carried_forward_state""]",carried_forward_state,carried_forward_state,10010110000,[],000627.jpg,
10_assy_0_1,628,10010110000,0.97,"[[""10010110000"", 0.97]]","[""base"", ""rear_chassis"", ""front_rear_chassis_pin"", ""rear_rear_chassis_pin""]","[""carried_forward_state""]",carried_forward_state,carried_forward_state,10010110000,[],000628.jpg,
10_assy_0_1,629,10010110000,0.97,"[[""10010110000"", 0.97]]","[""base"", ""rear_chassis"", ""front_rear_chassis_pin"", ""rear_rear_chassis_pin""]","[""carried_forward_state""]",carried_forward_state,carried_forward_state,10010110000,[],000629.jpg,
10_assy_0_1,630,10010110000,0.97,"[[""10010110000"", 0.97]]","[""base"", ""rear_chassis"", ""front_rear_chassis_pin"", ""rear_rear_chassis_pin""]","[""carried_forward_state""]",carried_forward_state,carried_forward_state,10010110000,[],000630.jpg,
10_assy_0_1,631,10010110000,0.97,"[[""10010110000"", 0.97]]","[""base"", ""rear_chassis"", ""front_rear_chassis_pin"", ""rear_rear_chassis_pin""]","[""carried_forward_state""]",carried_forward_state,carried_forward_state,10010110000,[],000631.jpg,
10_assy_0_1,632,10010110000,0.97,"[[""10010110000"", 0.97]]","[""base"", ""rear_chassis"", ""front_rear_chassis_pin"", ""rear_rear_chassis_pin""]","[""carried_forward_state""]",carried_forward_state,carried_forward_state,10010110000,[],000632.jpg,
10_assy_0_1,633,10010110000,0.97,"[[""10010110000"", 0.97]]","[""base"", ""rear_chassis"", ""front_rear_chassis_pin"", ""rear_rear_chassis_pin""]","[""carried_forward_state""]",carried_forward_state,carried_forward_state,10010110000,[],000633.jpg,
10_assy_0_1,634,10010110000,0.97,"[[""10010110000"", 0.97]]","[""base"", ""rear_chassis"", ""front_rear_chassis_pin"", ""rear_rear_chassis_pin""]","[""carried_forward_state""]",carried_forward_state,carried_forward_state,10010110000,[],000634.jpg,
10_assy_0_1,635,10010110000,0.97,"[[""10010110000"", 0.97]]","[""base"", ""rear_chassis"", ""front_rear_chassis_pin"", ""rear_rear_chassis_pin""]","[""carried_forward_state""]",carried_forward_state,carried_forward_state,10010110000,[],000635.jpg,
10_assy_0_1,636,10010110000,0.97,"[[""10010110000"", 0.97]]","[""base"", ""rear_chassis"", ""front_rear_chassis_pin"", ""rear_rear_chassis_pin""]","[""carried_forward_state""]",carried_forward_state,carried_forward_state,10010110000,[],000636.jpg,
10_assy_0_1,637,10010110000,0.97,"[[""10010110000"", 0.97]]","[""base"", ""rear_chassis"", ""front_rear_chassis_pin"", ""rear_rear_chassis_pin""]","[""carried_forward_state""]",carried_forward_state,carried_forward_state,10010110000,[],000637.jpg,
10_assy_0_1,638,10010110000,0.97,"[[""10010110000"", 0.97]]","[""base"", ""rear_chassis"", ""front_rear_chassis_pin"", ""rear_rear_chassis_pin""]","[""carried_forward_state""]",carried_forward_state,carried_forward_state,10010110000,[],000638.jpg,
10_assy_0_1,639,10010110000,0.97,"[[""10010110000"", 0.97]]","[""base"", ""rear_chassis"", ""front_rear_chassis_pin"", ""rear_rear_chassis_pin""]","[""carried_forward_state""]",carried_forward_state,carried_forward_state,10010110000,[],000639.jpg,
10_assy_0_1,640,10010110000,0.97,"[[""10010110000"", 0.97]]","[""base"", ""rear_chassis"", ""front_rear_chassis_pin"", ""rear_rear_chassis_pin""]","[""carried_forward_state""]",carried_forward_state,carried_forward_state,10010110000,[],000640.jpg,
10_assy_0_1,641,10010110000,0.97,"[[""10010110000"", 0.97]]","[""base"", ""rear_chassis"", ""front_rear_chassis_pin"", ""rear_rear_chassis_pin""]","[""carried_forward_state""]",carried_forward_state,carried_forward_state,10010110000,[],000641.jpg,
10_assy_0_1,642,11110010000,1.0,"[[""11110010000"", 1.0]]","[""base"", ""front_chassis"", ""front_chassis_pin"", ""rear_chassis"", ""rear_rear_chassis_pin""]","[""observed_label""]",observed_label,observed_label,11110010000,[],000642.jpg,642
10_assy_0_1,643,11110010000,1.0,"[[""11110010000"", 1.0]]","[""base"", ""front_chassis"", ""front_chassis_pin"", ""rear_chassis"", ""rear_rear_chassis_pin""]","[""observed_label""]",observed_label,observed_label,11110010000,[],000643.jpg,643
10_assy_0_1,644,11110010000,1.0,"[[""11110010000"", 1.0]]","[""base"", ""front_chassis"", ""front_chassis_pin"", ""rear_chassis"", ""rear_rear_chassis_pin""]","[""observed_label""]",observed_label,observed_label,11110010000,[],000644.jpg,644
10_assy_0_1,645,11110010000,1.0,"[[""11110010000"", 1.0]]","[""base"", ""front_chassis"", ""front_chassis_pin"", ""rear_chassis"", ""rear_rear_chassis_pin""]","[""observed_label""]",observed_label,observed_label,11110010000,[],000645.jpg,645
10_assy_0_1,646,11110010000,1.0,"[[""11110010000"", 1.0]]","[""base"", ""front_chassis"", ""front_chassis_pin"", ""rear_chassis"", ""rear_rear_chassis_pin""]","[""observed_label""]",observed_label,observed_label,11110010000,[],000646.jpg,646
10_assy_0_1,647,11110010000,1.0,"[[""11110010000"", 1.0]]","[""base"", ""front_chassis"", ""front_chassis_pin"", ""rear_chassis"", ""rear_rear_chassis_pin""]","[""observed_label""]",observed_label,observed_label,11110010000,[],000647.jpg,647
10_assy_0_1,648,11110010000,1.0,"[[""11110010000"", 1.0]]","[""base"", ""front_chassis"", ""front_chassis_pin"", ""rear_chassis"", ""rear_rear_chassis_pin""]","[""observed_label""]",observed_label,observed_label,11110010000,[],000648.jpg,648
10_assy_0_1,649,11110010000,1.0,"[[""11110010000"", 1.0]]","[""base"", ""front_chassis"", ""front_chassis_pin"", ""rear_chassis"", ""rear_rear_chassis_pin""]","[""observed_label""]",observed_label,observed_label,11110010000,[],000649.jpg,649
10_assy_0_1,650,11110010000,1.0,"[[""11110010000"", 1.0]]","[""base"", ""front_chassis"", ""front_chassis_pin"", ""rear_chassis"", ""rear_rear_chassis_pin""]","[""observed_label""]",observed_label,observed_label,11110010000,[],000650.jpg,650
10_assy_0_1,651,11110010000,1.0,"[[""11110010000"", 1.0]]","[""base"", ""front_chassis"", ""front_chassis_pin"", ""rear_chassis"", ""rear_rear_chassis_pin""]","[""observed_label""]",observed_label,observed_label,11110010000,[],000651.jpg,651
10_assy_0_1,652,11110010000,0.97,"[[""11110010000"", 0.97]]","[""base"", ""front_chassis"", ""front_chassis_pin"", ""rear_chassis"", ""rear_rear_chassis_pin""]","[""carried_forward_state""]",carried_forward_state,carried_forward_state,11110010000,[],000652.jpg,
10_assy_0_1,653,11110010000,0.97,"[[""11110010000"", 0.97]]","[""base"", ""front_chassis"", ""front_chassis_pin"", ""rear_chassis"", ""rear_rear_chassis_pin""]","[""carried_forward_state""]",carried_forward_state,carried_forward_state,11110010000,[],000653.jpg,
10_assy_0_1,654,11110010000,0.97,"[[""11110010000"", 0.97]]","[""base"", ""front_chassis"", ""front_chassis_pin"", ""rear_chassis"", ""rear_rear_chassis_pin""]","[""carried_forward_state""]",carried_forward_state,carried_forward_state,11110010000,[],000654.jpg,
10_assy_0_1,655,11110010000,0.97,"[[""11110010000"", 0.97]]","[""base"", ""front_chassis"", ""front_chassis_pin"", ""rear_chassis"", ""rear_rear_chassis_pin""]","[""carried_forward_state""]",carried_forward_state,carried_forward_state,11110010000,[],000655.jpg,
10_assy_0_1,656,11110010000,0.97,"[[""11110010000"", 0.97]]","[""base"", ""front_chassis"", ""front_chassis_pin"", ""rear_chassis"", ""rear_rear_chassis_pin""]","[""carried_forward_state""]",carried_forward_state,carried_forward_state,11110010000,[],000656.jpg,
10_assy_0_1,657,11110010000,0.97,"[[""11110010000"", 0.97]]","[""base"", ""front_chassis"", ""front_chassis_pin"", ""rear_chassis"", ""rear_rear_chassis_pin""]","[""carried_forward_state""]",carried_forward_state,carried_forward_state,11110010000,[],000657.jpg,
10_assy_0_1,658,11110010000,0.97,"[[""11110010000"", 0.97]]","[""base"", ""front_chassis"", ""front_chassis_pin"", ""rear_chassis"", ""rear_rear_chassis_pin""]","[""carried_forward_state""]",carried_forward_state,carried_forward_state,11110010000,[],000658.jpg,
10_assy_0_1,659,11110010000,0.97,"[[""11110010000"", 0.97]]","[""base"", ""front_chassis"", ""front_chassis_pin"", ""rear_chassis"", ""rear_rear_chassis_pin""]","[""carried_forward_state""]",carried_forward_state,carried_forward_state,11110010000,[],000659.jpg,
10_assy_0_1,660,11110010000,0.97,"[[""11110010000"", 0.97]]","[""base"", ""front_chassis"", ""front_chassis_pin"", ""rear_chassis"", ""rear_rear_chassis_pin""]","[""carried_forward_state""]",carried_forward_state,carried_forward_state,11110010000,[],000660.jpg,
10_assy_0_1,661,11110010000,0.97,"[[""11110010000"", 0.97]]","[""base"", ""front_chassis"", ""front_chassis_pin"", ""rear_chassis"", ""rear_rear_chassis_pin""]","[""carried_forward_state""]",carried_forward_state,carried_forward_state,11110010000,[],000661.jpg,
10_assy_0_1,662,11110010000,0.97,"[[""11110010000"", 0.97]]","[""base"", ""front_chassis"", ""front_chassis_pin"", ""rear_chassis"", ""rear_rear_chassis_pin""]","[""carried_forward_state""]",carried_forward_state,carried_forward_state,11110010000,[],000662.jpg,
10_assy_0_1,663,11110010000,0.97,"[[""11110010000"", 0.97]]","[""base"", ""front_chassis"", ""front_chassis_pin"", ""rear_chassis"", ""rear_rear_chassis_pin""]","[""carried_forward_state""]",carried_forward_state,carried_forward_state,11110010000,[],000663.jpg,
10_assy_0_1,664,11110010000,0.97,"[[""11110010000"", 0.97]]","[""base"", ""front_chassis"", ""front_chassis_pin"", ""rear_chassis"", ""rear_rear_chassis_pin""]","[""carried_forward_state""]",carried_forward_state,carried_forward_state,11110010000,[],000664.jpg,
10_assy_0_1,665,11110010000,0.97,"[[""11110010000"", 0.97]]","[""base"", ""front_chassis"", ""front_chassis_pin"", ""rear_chassis"", ""rear_rear_chassis_pin""]","[""carried_forward_state""]",carried_forward_state,carried_forward_state,11110010000,[],000665.jpg,
10_assy_0_1,666,11110010000,0.97,"[[""11110010000"", 0.97]]","[""base"", ""front_chassis"", ""front_chassis_pin"", ""rear_chassis"", ""rear_rear_chassis_pin""]","[""carried_forward_state""]",carried_forward_state,carried_forward_state,11110010000,[],000666.jpg,
10_assy_0_1,667,11110010000,0.97,"[[""11110010000"", 0.97]]","[""base"", ""front_chassis"", ""front_chassis_pin"", ""rear_chassis"", ""rear_rear_chassis_pin""]","[""carried_forward_state""]",carried_forward_state,carried_forward_state,11110010000,[],000667.jpg,
10_assy_0_1,668,11110010000,0.97,"[[""11110010000"", 0.97]]","[""base"", ""front_chassis"", ""front_chassis_pin"", ""rear_chassis"", ""rear_rear_chassis_pin""]","[""carried_forward_state""]",carried_forward_state,carried_forward_state,11110010000,[],000668.jpg,
10_assy_0_1,669,11110010000,0.97,"[[""11110010000"", 0.97]]","[""base"", ""front_chassis"", ""front_chassis_pin"", ""rear_chassis"", ""rear_rear_chassis_pin""]","[""carried_forward_state""]",carried_forward_state,carried_forward_state,11110010000,[],000669.jpg,
10_assy_0_1,670,11110010000,0.97,"[[""11110010000"", 0.97]]","[""base"", ""front_chassis"", ""front_chassis_pin"", ""rear_chassis"", ""rear_rear_chassis_pin""]","[""carried_forward_state""]",carried_forward_state,carried_forward_state,11110010000,[],000670.jpg,
10_assy_0_1,671,11110010000,0.97,"[[""11110010000"", 0.97]]","[""base"", ""front_chassis"", ""front_chassis_pin"", ""rear_chassis"", ""rear_rear_chassis_pin""]","[""carried_forward_state""]",carried_forward_state,carried_forward_state,11110010000,[],000671.jpg,
10_assy_0_1,672,11110010000,0.97,"[[""11110010000"", 0.97]]","[""base"", ""front_chassis"", ""front_chassis_pin"", ""rear_chassis"", ""rear_rear_chassis_pin""]","[""carried_forward_state""]",carried_forward_state,carried_forward_state,11110010000,[],000672.jpg,
10_assy_0_1,673,11110010000,0.97,"[[""11110010000"", 0.97]]","[""base"", ""front_chassis"", ""front_chassis_pin"", ""rear_chassis"", ""rear_rear_chassis_pin""]","[""carried_forward_state""]",carried_forward_state,carried_forward_state,11110010000,[],000673.jpg,
10_assy_0_1,674,11110010000,0.97,"[[""11110010000"", 0.97]]","[""base"", ""front_chassis"", ""front_chassis_pin"", ""rear_chassis"", ""rear_rear_chassis_pin""]","[""carried_forward_state""]",carried_forward_state,carried_forward_state,11110010000,[],000674.jpg,
10_assy_0_1,675,11110010000,0.97,"[[""11110010000"", 0.97]]","[""base"", ""front_chassis"", ""front_chassis_pin"", ""rear_chassis"", ""rear_rear_chassis_pin""]","[""carried_forward_state""]",carried_forward_state,carried_forward_state,11110010000,[],000675.jpg,
10_assy_0_1,676,11110010000,0.97,"[[""11110010000"", 0.97]]","[""base"", ""front_chassis"", ""front_chassis_pin"", ""rear_chassis"", ""rear_rear_chassis_pin""]","[""carried_forward_state""]",carried_forward_state,carried_forward_state,11110010000,[],000676.jpg,
10_assy_0_1,677,11110010000,0.97,"[[""11110010000"", 0.97]]","[""base"", ""front_chassis"", ""front_chassis_pin"", ""rear_chassis"", ""rear_rear_chassis_pin""]","[""carried_forward_state""]",carried_forward_state,carried_forward_state,11110010000,[],000677.jpg,
10_assy_0_1,678,11110010000,0.97,"[[""11110010000"", 0.97]]","[""base"", ""front_chassis"", ""front_chassis_pin"", ""rear_chassis"", ""rear_rear_chassis_pin""]","[""carried_forward_state""]",carried_forward_state,carried_forward_state,11110010000,[],000678.jpg,
10_assy_0_1,679,11110010000,0.97,"[[""11110010000"", 0.97]]","[""base"", ""front_chassis"", ""front_chassis_pin"", ""rear_chassis"", ""rear_rear_chassis_pin""]","[""carried_forward_state""]",carried_forward_state,carried_forward_state,11110010000,[],000679.jpg,
10_assy_0_1,680,11110010000,0.97,"[[""11110010000"", 0.97]]","[""base"", ""front_chassis"", ""front_chassis_pin"", ""rear_chassis"", ""rear_rear_chassis_pin""]","[""carried_forward_state""]",carried_forward_state,carried_forward_state,11110010000,[],000680.jpg,
10_assy_0_1,681,11110010000,0.97,"[[""11110010000"", 0.97]]","[""base"", ""front_chassis"", ""front_chassis_pin"", ""rear_chassis"", ""rear_rear_chassis_pin""]","[""carried_forward_state""]",carried_forward_state,carried_forward_state,11110010000,[],000681.jpg,
10_assy_0_1,682,11110010000,0.97,"[[""11110010000"", 0.97]]","[""base"", ""front_chassis"", ""front_chassis_pin"", ""rear_chassis"", ""rear_rear_chassis_pin""]","[""carried_forward_state""]",carried_forward_state,carried_forward_state,11110010000,[],000682.jpg,
10_assy_0_1,683,11110010000,0.97,"[[""11110010000"", 0.97]]","[""base"", ""front_chassis"", ""front_chassis_pin"", ""rear_chassis"", ""rear_rear_chassis_pin""]","[""carried_forward_state""]",carried_forward_state,carried_forward_state,11110010000,[],000683.jpg,
10_assy_0_1,684,11110010000,0.97,"[[""11110010000"", 0.97]]","[""base"", ""front_chassis"", ""front_chassis_pin"", ""rear_chassis"", ""rear_rear_chassis_pin""]","[""carried_forward_state""]",carried_forward_state,carried_forward_state,11110010000,[],000684.jpg,
10_assy_0_1,685,11110010000,0.97,"[[""11110010000"", 0.97]]","[""base"", ""front_chassis"", ""front_chassis_pin"", ""rear_chassis"", ""rear_rear_chassis_pin""]","[""carried_forward_state""]",carried_forward_state,carried_forward_state,11110010000,[],000685.jpg,
10_assy_0_1,686,11110010000,0.97,"[[""11110010000"", 0.97]]","[""base"", ""front_chassis"", ""front_chassis_pin"", ""rear_chassis"", ""rear_rear_chassis_pin""]","[""carried_forward_state""]",carried_forward_state,carried_forward_state,11110010000,[],000686.jpg,
10_assy_0_1,687,11110010000,0.97,"[[""11110010000"", 0.97]]","[""base"", ""front_chassis"", ""front_chassis_pin"", ""rear_chassis"", ""rear_rear_chassis_pin""]","[""carried_forward_state""]",carried_forward_state,carried_forward_state,11110010000,[],000687.jpg,
10_assy_0_1,688,11110010000,0.97,"[[""11110010000"", 0.97]]","[""base"", ""front_chassis"", ""front_chassis_pin"", ""rear_chassis"", ""rear_rear_chassis_pin""]","[""carried_forward_state""]",carried_forward_state,carried_forward_state,11110010000,[],000688.jpg,
10_assy_0_1,689,11110010000,0.97,"[[""11110010000"", 0.97]]","[""base"", ""front_chassis"", ""front_chassis_pin"", ""rear_chassis"", ""rear_rear_chassis_pin""]","[""carried_forward_state""]",carried_forward_state,carried_forward_state,11110010000,[],000689.jpg,
10_assy_0_1,690,11110010000,0.97,"[[""11110010000"", 0.97]]","[""base"", ""front_chassis"", ""front_chassis_pin"", ""rear_chassis"", ""rear_rear_chassis_pin""]","[""carried_forward_state""]",carried_forward_state,carried_forward_state,11110010000,[],000690.jpg,
10_assy_0_1,691,11110010000,0.97,"[[""11110010000"", 0.97]]","[""base"", ""front_chassis"", ""front_chassis_pin"", ""rear_chassis"", ""rear_rear_chassis_pin""]","[""carried_forward_state""]",carried_forward_state,carried_forward_state,11110010000,[],000691.jpg,
10_assy_0_1,692,11110010000,0.97,"[[""11110010000"", 0.97]]","[""base"", ""front_chassis"", ""front_chassis_pin"", ""rear_chassis"", ""rear_rear_chassis_pin""]","[""carried_forward_state""]",carried_forward_state,carried_forward_state,11110010000,[],000692.jpg,
10_assy_0_1,693,11110010000,0.97,"[[""11110010000"", 0.97]]","[""base"", ""front_chassis"", ""front_chassis_pin"", ""rear_chassis"", ""rear_rear_chassis_pin""]","[""carried_forward_state""]",carried_forward_state,carried_forward_state,11110010000,[],000693.jpg,
10_assy_0_1,694,11110010000,0.97,"[[""11110010000"", 0.97]]","[""base"", ""front_chassis"", ""front_chassis_pin"", ""rear_chassis"", ""rear_rear_chassis_pin""]","[""carried_forward_state""]",carried_forward_state,carried_forward_state,11110010000,[],000694.jpg,
10_assy_0_1,695,11110010000,0.97,"[[""11110010000"", 0.97]]","[""base"", ""front_chassis"", ""front_chassis_pin"", ""rear_chassis"", ""rear_rear_chassis_pin""]","[""carried_forward_state""]",carried_forward_state,carried_forward_state,11110010000,[],000695.jpg,
10_assy_0_1,696,11110010000,0.97,"[[""11110010000"", 0.97]]","[""base"", ""front_chassis"", ""front_chassis_pin"", ""rear_chassis"", ""rear_rear_chassis_pin""]","[""carried_forward_state""]",carried_forward_state,carried_forward_state,11110010000,[],000696.jpg,
10_assy_0_1,697,11110010000,0.97,"[[""11110010000"", 0.97]]","[""base"", ""front_chassis"", ""front_chassis_pin"", ""rear_chassis"", ""rear_rear_chassis_pin""]","[""carried_forward_state""]",carried_forward_state,carried_forward_state,11110010000,[],000697.jpg,
10_assy_0_1,698,11110010000,0.97,"[[""11110010000"", 0.97]]","[""base"", ""front_chassis"", ""front_chassis_pin"", ""rear_chassis"", ""rear_rear_chassis_pin""]","[""carried_forward_state""]",carried_forward_state,carried_forward_state,11110010000,[],000698.jpg,
10_assy_0_1,699,11110010000,0.97,"[[""11110010000"", 0.97]]","[""base"", ""front_chassis"", ""front_chassis_pin"", ""rear_chassis"", ""rear_rear_chassis_pin""]","[""carried_forward_state""]",carried_forward_state,carried_forward_state,11110010000,[],000699.jpg,
10_assy_0_1,700,11110010000,0.97,"[[""11110010000"", 0.97]]","[""base"", ""front_chassis"", ""front_chassis_pin"", ""rear_chassis"", ""rear_rear_chassis_pin""]","[""carried_forward_state""]",carried_forward_state,carried_forward_state,11110010000,[],000700.jpg,
10_assy_0_1,701,11110010000,0.97,"[[""11110010000"", 0.97]]","[""base"", ""front_chassis"", ""front_chassis_pin"", ""rear_chassis"", ""rear_rear_chassis_pin""]","[""carried_forward_state""]",carried_forward_state,carried_forward_state,11110010000,[],000701.jpg,
10_assy_0_1,702,11110010000,0.97,"[[""11110010000"", 0.97]]","[""base"", ""front_chassis"", ""front_chassis_pin"", ""rear_chassis"", ""rear_rear_chassis_pin""]","[""carried_forward_state""]",carried_forward_state,carried_forward_state,11110010000,[],000702.jpg,
10_assy_0_1,703,11110010000,0.97,"[[""11110010000"", 0.97]]","[""base"", ""front_chassis"", ""front_chassis_pin"", ""rear_chassis"", ""rear_rear_chassis_pin""]","[""carried_forward_state""]",carried_forward_state,carried_forward_state,11110010000,[],000703.jpg,
10_assy_0_1,704,11110010000,0.97,"[[""11110010000"", 0.97]]","[""base"", ""front_chassis"", ""front_chassis_pin"", ""rear_chassis"", ""rear_rear_chassis_pin""]","[""carried_forward_state""]",carried_forward_state,carried_forward_state,11110010000,[],000704.jpg,
10_assy_0_1,705,11110010000,0.97,"[[""11110010000"", 0.97]]","[""base"", ""front_chassis"", ""front_chassis_pin"", ""rear_chassis"", ""rear_rear_chassis_pin""]","[""carried_forward_state""]",carried_forward_state,carried_forward_state,11110010000,[],000705.jpg,
10_assy_0_1,706,11110010000,0.97,"[[""11110010000"", 0.97]]","[""base"", ""front_chassis"", ""front_chassis_pin"", ""rear_chassis"", ""rear_rear_chassis_pin""]","[""carried_forward_state""]",carried_forward_state,carried_forward_state,11110010000,[],000706.jpg,
10_assy_0_1,707,11110010000,0.97,"[[""11110010000"", 0.97]]","[""base"", ""front_chassis"", ""front_chassis_pin"", ""rear_chassis"", ""rear_rear_chassis_pin""]","[""carried_forward_state""]",carried_forward_state,carried_forward_state,11110010000,[],000707.jpg,
10_assy_0_1,708,11110010000,0.97,"[[""11110010000"", 0.97]]","[""base"", ""front_chassis"", ""front_chassis_pin"", ""rear_chassis"", ""rear_rear_chassis_pin""]","[""carried_forward_state""]",carried_forward_state,carried_forward_state,11110010000,[],000708.jpg,
10_assy_0_1,709,11110010000,0.97,"[[""11110010000"", 0.97]]","[""base"", ""front_chassis"", ""front_chassis_pin"", ""rear_chassis"", ""rear_rear_chassis_pin""]","[""carried_forward_state""]",carried_forward_state,carried_forward_state,11110010000,[],000709.jpg,
10_assy_0_1,710,11110010000,0.97,"[[""11110010000"", 0.97]]","[""base"", ""front_chassis"", ""front_chassis_pin"", ""rear_chassis"", ""rear_rear_chassis_pin""]","[""carried_forward_state""]",carried_forward_state,carried_forward_state,11110010000,[],000710.jpg,
10_assy_0_1,711,11110010000,0.97,"[[""11110010000"", 0.97]]","[""base"", ""front_chassis"", ""front_chassis_pin"", ""rear_chassis"", ""rear_rear_chassis_pin""]","[""carried_forward_state""]",carried_forward_state,carried_forward_state,11110010000,[],000711.jpg,
10_assy_0_1,712,11110010000,0.97,"[[""11110010000"", 0.97]]","[""base"", ""front_chassis"", ""front_chassis_pin"", ""rear_chassis"", ""rear_rear_chassis_pin""]","[""carried_forward_state""]",carried_forward_state,carried_forward_state,11110010000,[],000712.jpg,
10_assy_0_1,713,11110010000,0.97,"[[""11110010000"", 0.97]]","[""base"", ""front_chassis"", ""front_chassis_pin"", ""rear_chassis"", ""rear_rear_chassis_pin""]","[""carried_forward_state""]",carried_forward_state,carried_forward_state,11110010000,[],000713.jpg,
10_assy_0_1,714,11110010000,0.97,"[[""11110010000"", 0.97]]","[""base"", ""front_chassis"", ""front_chassis_pin"", ""rear_chassis"", ""rear_rear_chassis_pin""]","[""carried_forward_state""]",carried_forward_state,carried_forward_state,11110010000,[],000714.jpg,
10_assy_0_1,715,11110010000,0.97,"[[""11110010000"", 0.97]]","[""base"", ""front_chassis"", ""front_chassis_pin"", ""rear_chassis"", ""rear_rear_chassis_pin""]","[""carried_forward_state""]",carried_forward_state,carried_forward_state,11110010000,[],000715.jpg,
10_assy_0_1,716,11110010000,0.97,"[[""11110010000"", 0.97]]","[""base"", ""front_chassis"", ""front_chassis_pin"", ""rear_chassis"", ""rear_rear_chassis_pin""]","[""carried_forward_state""]",carried_forward_state,carried_forward_state,11110010000,[],000716.jpg,
10_assy_0_1,717,11110010000,0.97,"[[""11110010000"", 0.97]]","[""base"", ""front_chassis"", ""front_chassis_pin"", ""rear_chassis"", ""rear_rear_chassis_pin""]","[""carried_forward_state""]",carried_forward_state,carried_forward_state,11110010000,[],000717.jpg,
10_assy_0_1,718,11110010000,0.97,"[[""11110010000"", 0.97]]","[""base"", ""front_chassis"", ""front_chassis_pin"", ""rear_chassis"", ""rear_rear_chassis_pin""]","[""carried_forward_state""]",carried_forward_state,carried_forward_state,11110010000,[],000718.jpg,
10_assy_0_1,719,11110010000,0.97,"[[""11110010000"", 0.97]]","[""base"", ""front_chassis"", ""front_chassis_pin"", ""rear_chassis"", ""rear_rear_chassis_pin""]","[""carried_forward_state""]",carried_forward_state,carried_forward_state,11110010000,[],000719.jpg,
10_assy_0_1,720,11110010000,0.97,"[[""11110010000"", 0.97]]","[""base"", ""front_chassis"", ""front_chassis_pin"", ""rear_chassis"", ""rear_rear_chassis_pin""]","[""carried_forward_state""]",carried_forward_state,carried_forward_state,11110010000,[],000720.jpg,
10_assy_0_1,721,11110010000,0.97,"[[""11110010000"", 0.97]]","[""base"", ""front_chassis"", ""front_chassis_pin"", ""rear_chassis"", ""rear_rear_chassis_pin""]","[""carried_forward_state""]",carried_forward_state,carried_forward_state,11110010000,[],000721.jpg,
10_assy_0_1,722,11110010000,0.97,"[[""11110010000"", 0.97]]","[""base"", ""front_chassis"", ""front_chassis_pin"", ""rear_chassis"", ""rear_rear_chassis_pin""]","[""carried_forward_state""]",carried_forward_state,carried_forward_state,11110010000,[],000722.jpg,
10_assy_0_1,723,11110010000,0.97,"[[""11110010000"", 0.97]]","[""base"", ""front_chassis"", ""front_chassis_pin"", ""rear_chassis"", ""rear_rear_chassis_pin""]","[""carried_forward_state""]",carried_forward_state,carried_forward_state,11110010000,[],000723.jpg,
10_assy_0_1,724,11110010000,0.97,"[[""11110010000"", 0.97]]","[""base"", ""front_chassis"", ""front_chassis_pin"", ""rear_chassis"", ""rear_rear_chassis_pin""]","[""carried_forward_state""]",carried_forward_state,carried_forward_state,11110010000,[],000724.jpg,
10_assy_0_1,725,11110010000,0.97,"[[""11110010000"", 0.97]]","[""base"", ""front_chassis"", ""front_chassis_pin"", ""rear_chassis"", ""rear_rear_chassis_pin""]","[""carried_forward_state""]",carried_forward_state,carried_forward_state,11110010000,[],000725.jpg,
10_assy_0_1,726,11110010000,0.97,"[[""11110010000"", 0.97]]","[""base"", ""front_chassis"", ""front_chassis_pin"", ""rear_chassis"", ""rear_rear_chassis_pin""]","[""carried_forward_state""]",carried_forward_state,carried_forward_state,11110010000,[],000726.jpg,
10_assy_0_1,727,11110010000,0.97,"[[""11110010000"", 0.97]]","[""base"", ""front_chassis"", ""front_chassis_pin"", ""rear_chassis"", ""rear_rear_chassis_pin""]","[""carried_forward_state""]",carried_forward_state,carried_forward_state,11110010000,[],000727.jpg,
10_assy_0_1,728,11110010000,0.97,"[[""11110010000"", 0.97]]","[""base"", ""front_chassis"", ""front_chassis_pin"", ""rear_chassis"", ""rear_rear_chassis_pin""]","[""carried_forward_state""]",carried_forward_state,carried_forward_state,11110010000,[],000728.jpg,
10_assy_0_1,729,11110010000,0.97,"[[""11110010000"", 0.97]]","[""base"", ""front_chassis"", ""front_chassis_pin"", ""rear_chassis"", ""rear_rear_chassis_pin""]","[""carried_forward_state""]",carried_forward_state,carried_forward_state,11110010000,[],000729.jpg,
10_assy_0_1,730,11110010000,0.97,"[[""11110010000"", 0.97]]","[""base"", ""front_chassis"", ""front_chassis_pin"", ""rear_chassis"", ""rear_rear_chassis_pin""]","[""carried_forward_state""]",carried_forward_state,carried_forward_state,11110010000,[],000730.jpg,
10_assy_0_1,731,11110010000,0.97,"[[""11110010000"", 0.97]]","[""base"", ""front_chassis"", ""front_chassis_pin"", ""rear_chassis"", ""rear_rear_chassis_pin""]","[""carried_forward_state""]",carried_forward_state,carried_forward_state,11110010000,[],000731.jpg,
10_assy_0_1,732,11110010000,0.97,"[[""11110010000"", 0.97]]","[""base"", ""front_chassis"", ""front_chassis_pin"", ""rear_chassis"", ""rear_rear_chassis_pin""]","[""carried_forward_state""]",carried_forward_state,carried_forward_state,11110010000,[],000732.jpg,
10_assy_0_1,733,11110010000,0.97,"[[""11110010000"", 0.97]]","[""base"", ""front_chassis"", ""front_chassis_pin"", ""rear_chassis"", ""rear_rear_chassis_pin""]","[""carried_forward_state""]",carried_forward_state,carried_forward_state,11110010000,[],000733.jpg,
10_assy_0_1,734,11110010000,0.97,"[[""11110010000"", 0.97]]","[""base"", ""front_chassis"", ""front_chassis_pin"", ""rear_chassis"", ""rear_rear_chassis_pin""]","[""carried_forward_state""]",carried_forward_state,carried_forward_state,11110010000,[],000734.jpg,
10_assy_0_1,735,11110010000,0.97,"[[""11110010000"", 0.97]]","[""base"", ""front_chassis"", ""front_chassis_pin"", ""rear_chassis"", ""rear_rear_chassis_pin""]","[""carried_forward_state""]",carried_forward_state,carried_forward_state,11110010000,[],000735.jpg,
10_assy_0_1,736,11110010000,0.97,"[[""11110010000"", 0.97]]","[""base"", ""front_chassis"", ""front_chassis_pin"", ""rear_chassis"", ""rear_rear_chassis_pin""]","[""carried_forward_state""]",carried_forward_state,carried_forward_state,11110010000,[],000736.jpg,
10_assy_0_1,737,11110010000,0.97,"[[""11110010000"", 0.97]]","[""base"", ""front_chassis"", ""front_chassis_pin"", ""rear_chassis"", ""rear_rear_chassis_pin""]","[""carried_forward_state""]",carried_forward_state,carried_forward_state,11110010000,[],000737.jpg,
10_assy_0_1,738,11110010000,0.97,"[[""11110010000"", 0.97]]","[""base"", ""front_chassis"", ""front_chassis_pin"", ""rear_chassis"", ""rear_rear_chassis_pin""]","[""carried_forward_state""]",carried_forward_state,carried_forward_state,11110010000,[],000738.jpg,
10_assy_0_1,739,11110010000,0.97,"[[""11110010000"", 0.97]]","[""base"", ""front_chassis"", ""front_chassis_pin"", ""rear_chassis"", ""rear_rear_chassis_pin""]","[""carried_forward_state""]",carried_forward_state,carried_forward_state,11110010000,[],000739.jpg,
10_assy_0_1,740,11110010000,0.97,"[[""11110010000"", 0.97]]","[""base"", ""front_chassis"", ""front_chassis_pin"", ""rear_chassis"", ""rear_rear_chassis_pin""]","[""carried_forward_state""]",carried_forward_state,carried_forward_state,11110010000,[],000740.jpg,
10_assy_0_1,741,11110010000,0.97,"[[""11110010000"", 0.97]]","[""base"", ""front_chassis"", ""front_chassis_pin"", ""rear_chassis"", ""rear_rear_chassis_pin""]","[""carried_forward_state""]",carried_forward_state,carried_forward_state,11110010000,[],000741.jpg,
10_assy_0_1,742,11110010000,0.97,"[[""11110010000"", 0.97]]","[""base"", ""front_chassis"", ""front_chassis_pin"", ""rear_chassis"", ""rear_rear_chassis_pin""]","[""carried_forward_state""]",carried_forward_state,carried_forward_state,11110010000,[],000742.jpg,
10_assy_0_1,743,11110010000,0.97,"[[""11110010000"", 0.97]]","[""base"", ""front_chassis"", ""front_chassis_pin"", ""rear_chassis"", ""rear_rear_chassis_pin""]","[""carried_forward_state""]",carried_forward_state,carried_forward_state,11110010000,[],000743.jpg,
10_assy_0_1,744,11110010000,0.97,"[[""11110010000"", 0.97]]","[""base"", ""front_chassis"", ""front_chassis_pin"", ""rear_chassis"", ""rear_rear_chassis_pin""]","[""carried_forward_state""]",carried_forward_state,carried_forward_state,11110010000,[],000744.jpg,
10_assy_0_1,745,11110010000,0.97,"[[""11110010000"", 0.97]]","[""base"", ""front_chassis"", ""front_chassis_pin"", ""rear_chassis"", ""rear_rear_chassis_pin""]","[""carried_forward_state""]",carried_forward_state,carried_forward_state,11110010000,[],000745.jpg,
10_assy_0_1,746,11110010000,0.97,"[[""11110010000"", 0.97]]","[""base"", ""front_chassis"", ""front_chassis_pin"", ""rear_chassis"", ""rear_rear_chassis_pin""]","[""carried_forward_state""]",carried_forward_state,carried_forward_state,11110010000,[],000746.jpg,
10_assy_0_1,747,11110010000,0.97,"[[""11110010000"", 0.97]]","[""base"", ""front_chassis"", ""front_chassis_pin"", ""rear_chassis"", ""rear_rear_chassis_pin""]","[""carried_forward_state""]",carried_forward_state,carried_forward_state,11110010000,[],000747.jpg,
10_assy_0_1,748,11110010000,0.97,"[[""11110010000"", 0.97]]","[""base"", ""front_chassis"", ""front_chassis_pin"", ""rear_chassis"", ""rear_rear_chassis_pin""]","[""carried_forward_state""]",carried_forward_state,carried_forward_state,11110010000,[],000748.jpg,
10_assy_0_1,749,11110010000,0.97,"[[""11110010000"", 0.97]]","[""base"", ""front_chassis"", ""front_chassis_pin"", ""rear_chassis"", ""rear_rear_chassis_pin""]","[""carried_forward_state""]",carried_forward_state,carried_forward_state,11110010000,[],000749.jpg,
10_assy_0_1,750,11110010000,0.97,"[[""11110010000"", 0.97]]","[""base"", ""front_chassis"", ""front_chassis_pin"", ""rear_chassis"", ""rear_rear_chassis_pin""]","[""carried_forward_state""]",carried_forward_state,carried_forward_state,11110010000,[],000750.jpg,
10_assy_0_1,751,11110010000,0.97,"[[""11110010000"", 0.97]]","[""base"", ""front_chassis"", ""front_chassis_pin"", ""rear_chassis"", ""rear_rear_chassis_pin""]","[""carried_forward_state""]",carried_forward_state,carried_forward_state,11110010000,[],000751.jpg,
10_assy_0_1,752,11110010000,0.97,"[[""11110010000"", 0.97]]","[""base"", ""front_chassis"", ""front_chassis_pin"", ""rear_chassis"", ""rear_rear_chassis_pin""]","[""carried_forward_state""]",carried_forward_state,carried_forward_state,11110010000,[],000752.jpg,
10_assy_0_1,753,11110010000,0.97,"[[""11110010000"", 0.97]]","[""base"", ""front_chassis"", ""front_chassis_pin"", ""rear_chassis"", ""rear_rear_chassis_pin""]","[""carried_forward_state""]",carried_forward_state,carried_forward_state,11110010000,[],000753.jpg,
10_assy_0_1,754,11110010000,0.97,"[[""11110010000"", 0.97]]","[""base"", ""front_chassis"", ""front_chassis_pin"", ""rear_chassis"", ""rear_rear_chassis_pin""]","[""carried_forward_state""]",carried_forward_state,carried_forward_state,11110010000,[],000754.jpg,
10_assy_0_1,755,11110010000,0.97,"[[""11110010000"", 0.97]]","[""base"", ""front_chassis"", ""front_chassis_pin"", ""rear_chassis"", ""rear_rear_chassis_pin""]","[""carried_forward_state""]",carried_forward_state,carried_forward_state,11110010000,[],000755.jpg,
10_assy_0_1,756,11110010000,0.97,"[[""11110010000"", 0.97]]","[""base"", ""front_chassis"", ""front_chassis_pin"", ""rear_chassis"", ""rear_rear_chassis_pin""]","[""carried_forward_state""]",carried_forward_state,carried_forward_state,11110010000,[],000756.jpg,
10_assy_0_1,757,11110010000,0.97,"[[""11110010000"", 0.97]]","[""base"", ""front_chassis"", ""front_chassis_pin"", ""rear_chassis"", ""rear_rear_chassis_pin""]","[""carried_forward_state""]",carried_forward_state,carried_forward_state,11110010000,[],000757.jpg,
10_assy_0_1,758,11110010000,0.97,"[[""11110010000"", 0.97]]","[""base"", ""front_chassis"", ""front_chassis_pin"", ""rear_chassis"", ""rear_rear_chassis_pin""]","[""carried_forward_state""]",carried_forward_state,carried_forward_state,11110010000,[],000758.jpg,
10_assy_0_1,759,11110010000,0.97,"[[""11110010000"", 0.97]]","[""base"", ""front_chassis"", ""front_chassis_pin"", ""rear_chassis"", ""rear_rear_chassis_pin""]","[""carried_forward_state""]",carried_forward_state,carried_forward_state,11110010000,[],000759.jpg,
10_assy_0_1,760,11110010000,0.97,"[[""11110010000"", 0.97]]","[""base"", ""front_chassis"", ""front_chassis_pin"", ""rear_chassis"", ""rear_rear_chassis_pin""]","[""carried_forward_state""]",carried_forward_state,carried_forward_state,11110010000,[],000760.jpg,
10_assy_0_1,761,11110010000,0.97,"[[""11110010000"", 0.97]]","[""base"", ""front_chassis"", ""front_chassis_pin"", ""rear_chassis"", ""rear_rear_chassis_pin""]","[""carried_forward_state""]",carried_forward_state,carried_forward_state,11110010000,[],000761.jpg,
10_assy_0_1,762,11110010000,0.97,"[[""11110010000"", 0.97]]","[""base"", ""front_chassis"", ""front_chassis_pin"", ""rear_chassis"", ""rear_rear_chassis_pin""]","[""carried_forward_state""]",carried_forward_state,carried_forward_state,11110010000,[],000762.jpg,
10_assy_0_1,763,11110010000,0.97,"[[""11110010000"", 0.97]]","[""base"", ""front_chassis"", ""front_chassis_pin"", ""rear_chassis"", ""rear_rear_chassis_pin""]","[""carried_forward_state""]",carried_forward_state,carried_forward_state,11110010000,[],000763.jpg,
10_assy_0_1,764,11110010000,0.97,"[[""11110010000"", 0.97]]","[""base"", ""front_chassis"", ""front_chassis_pin"", ""rear_chassis"", ""rear_rear_chassis_pin""]","[""carried_forward_state""]",carried_forward_state,carried_forward_state,11110010000,[],000764.jpg,
10_assy_0_1,765,11110010000,0.97,"[[""11110010000"", 0.97]]","[""base"", ""front_chassis"", ""front_chassis_pin"", ""rear_chassis"", ""rear_rear_chassis_pin""]","[""carried_forward_state""]",carried_forward_state,carried_forward_state,11110010000,[],000765.jpg,
10_assy_0_1,766,11110010000,0.97,"[[""11110010000"", 0.97]]","[""base"", ""front_chassis"", ""front_chassis_pin"", ""rear_chassis"", ""rear_rear_chassis_pin""]","[""carried_forward_state""]",carried_forward_state,carried_forward_state,11110010000,[],000766.jpg,
10_assy_0_1,767,11110010000,0.97,"[[""11110010000"", 0.97]]","[""base"", ""front_chassis"", ""front_chassis_pin"", ""rear_chassis"", ""rear_rear_chassis_pin""]","[""carried_forward_state""]",carried_forward_state,carried_forward_state,11110010000,[],000767.jpg,
10_assy_0_1,768,11110010000,0.97,"[[""11110010000"", 0.97]]","[""base"", ""front_chassis"", ""front_chassis_pin"", ""rear_chassis"", ""rear_rear_chassis_pin""]","[""carried_forward_state""]",carried_forward_state,carried_forward_state,11110010000,[],000768.jpg,
10_assy_0_1,769,11110010000,0.97,"[[""11110010000"", 0.97]]","[""base"", ""front_chassis"", ""front_chassis_pin"", ""rear_chassis"", ""rear_rear_chassis_pin""]","[""carried_forward_state""]",carried_forward_state,carried_forward_state,11110010000,[],000769.jpg,
10_assy_0_1,770,11110010000,0.97,"[[""11110010000"", 0.97]]","[""base"", ""front_chassis"", ""front_chassis_pin"", ""rear_chassis"", ""rear_rear_chassis_pin""]","[""carried_forward_state""]",carried_forward_state,carried_forward_state,11110010000,[],000770.jpg,
10_assy_0_1,771,11110010000,0.97,"[[""11110010000"", 0.97]]","[""base"", ""front_chassis"", ""front_chassis_pin"", ""rear_chassis"", ""rear_rear_chassis_pin""]","[""carried_forward_state""]",carried_forward_state,carried_forward_state,11110010000,[],000771.jpg,
10_assy_0_1,772,11110010000,0.97,"[[""11110010000"", 0.97]]","[""base"", ""front_chassis"", ""front_chassis_pin"", ""rear_chassis"", ""rear_rear_chassis_pin""]","[""carried_forward_state""]",carried_forward_state,carried_forward_state,11110010000,[],000772.jpg,
10_assy_0_1,773,11110010000,0.97,"[[""11110010000"", 0.97]]","[""base"", ""front_chassis"", ""front_chassis_pin"", ""rear_chassis"", ""rear_rear_chassis_pin""]","[""carried_forward_state""]",carried_forward_state,carried_forward_state,11110010000,[],000773.jpg,
10_assy_0_1,774,11110010000,0.97,"[[""11110010000"", 0.97]]","[""base"", ""front_chassis"", ""front_chassis_pin"", ""rear_chassis"", ""rear_rear_chassis_pin""]","[""carried_forward_state""]",carried_forward_state,carried_forward_state,11110010000,[],000774.jpg,
10_assy_0_1,775,11110010000,0.97,"[[""11110010000"", 0.97]]","[""base"", ""front_chassis"", ""front_chassis_pin"", ""rear_chassis"", ""rear_rear_chassis_pin""]","[""carried_forward_state""]",carried_forward_state,carried_forward_state,11110010000,[],000775.jpg,
10_assy_0_1,776,11110010000,0.97,"[[""11110010000"", 0.97]]","[""base"", ""front_chassis"", ""front_chassis_pin"", ""rear_chassis"", ""rear_rear_chassis_pin""]","[""carried_forward_state""]",carried_forward_state,carried_forward_state,11110010000,[],000776.jpg,
10_assy_0_1,777,11110010000,0.97,"[[""11110010000"", 0.97]]","[""base"", ""front_chassis"", ""front_chassis_pin"", ""rear_chassis"", ""rear_rear_chassis_pin""]","[""carried_forward_state""]",carried_forward_state,carried_forward_state,11110010000,[],000777.jpg,
10_assy_0_1,778,11110010000,0.97,"[[""11110010000"", 0.97]]","[""base"", ""front_chassis"", ""front_chassis_pin"", ""rear_chassis"", ""rear_rear_chassis_pin""]","[""carried_forward_state""]",carried_forward_state,carried_forward_state,11110010000,[],000778.jpg,
10_assy_0_1,779,11110010000,0.97,"[[""11110010000"", 0.97]]","[""base"", ""front_chassis"", ""front_chassis_pin"", ""rear_chassis"", ""rear_rear_chassis_pin""]","[""carried_forward_state""]",carried_forward_state,carried_forward_state,11110010000,[],000779.jpg,
10_assy_0_1,780,11110010000,0.97,"[[""11110010000"", 0.97]]","[""base"", ""front_chassis"", ""front_chassis_pin"", ""rear_chassis"", ""rear_rear_chassis_pin""]","[""carried_forward_state""]",carried_forward_state,carried_forward_state,11110010000,[],000780.jpg,
10_assy_0_1,781,11110010000,0.97,"[[""11110010000"", 0.97]]","[""base"", ""front_chassis"", ""front_chassis_pin"", ""rear_chassis"", ""rear_rear_chassis_pin""]","[""carried_forward_state""]",carried_forward_state,carried_forward_state,11110010000,[],000781.jpg,
10_assy_0_1,782,11110010000,0.97,"[[""11110010000"", 0.97]]","[""base"", ""front_chassis"", ""front_chassis_pin"", ""rear_chassis"", ""rear_rear_chassis_pin""]","[""carried_forward_state""]",carried_forward_state,carried_forward_state,11110010000,[],000782.jpg,
10_assy_0_1,783,11110010000,0.97,"[[""11110010000"", 0.97]]","[""base"", ""front_chassis"", ""front_chassis_pin"", ""rear_chassis"", ""rear_rear_chassis_pin""]","[""carried_forward_state""]",carried_forward_state,carried_forward_state,11110010000,[],000783.jpg,
10_assy_0_1,784,11110010000,0.97,"[[""11110010000"", 0.97]]","[""base"", ""front_chassis"", ""front_chassis_pin"", ""rear_chassis"", ""rear_rear_chassis_pin""]","[""carried_forward_state""]",carried_forward_state,carried_forward_state,11110010000,[],000784.jpg,
10_assy_0_1,785,11110010000,0.97,"[[""11110010000"", 0.97]]","[""base"", ""front_chassis"", ""front_chassis_pin"", ""rear_chassis"", ""rear_rear_chassis_pin""]","[""carried_forward_state""]",carried_forward_state,carried_forward_state,11110010000,[],000785.jpg,
10_assy_0_1,786,11110010000,0.97,"[[""11110010000"", 0.97]]","[""base"", ""front_chassis"", ""front_chassis_pin"", ""rear_chassis"", ""rear_rear_chassis_pin""]","[""carried_forward_state""]",carried_forward_state,carried_forward_state,11110010000,[],000786.jpg,
10_assy_0_1,787,11110010000,0.97,"[[""11110010000"", 0.97]]","[""base"", ""front_chassis"", ""front_chassis_pin"", ""rear_chassis"", ""rear_rear_chassis_pin""]","[""carried_forward_state""]",carried_forward_state,carried_forward_state,11110010000,[],000787.jpg,
10_assy_0_1,788,11110010000,0.97,"[[""11110010000"", 0.97]]","[""base"", ""front_chassis"", ""front_chassis_pin"", ""rear_chassis"", ""rear_rear_chassis_pin""]","[""carried_forward_state""]",carried_forward_state,carried_forward_state,11110010000,[],000788.jpg,
10_assy_0_1,789,11110010000,0.97,"[[""11110010000"", 0.97]]","[""base"", ""front_chassis"", ""front_chassis_pin"", ""rear_chassis"", ""rear_rear_chassis_pin""]","[""carried_forward_state""]",carried_forward_state,carried_forward_state,11110010000,[],000789.jpg,
10_assy_0_1,790,11110010000,0.97,"[[""11110010000"", 0.97]]","[""base"", ""front_chassis"", ""front_chassis_pin"", ""rear_chassis"", ""rear_rear_chassis_pin""]","[""carried_forward_state""]",carried_forward_state,carried_forward_state,11110010000,[],000790.jpg,
10_assy_0_1,791,11110010000,0.97,"[[""11110010000"", 0.97]]","[""base"", ""front_chassis"", ""front_chassis_pin"", ""rear_chassis"", ""rear_rear_chassis_pin""]","[""carried_forward_state""]",carried_forward_state,carried_forward_state,11110010000,[],000791.jpg,
10_assy_0_1,792,11110010000,0.97,"[[""11110010000"", 0.97]]","[""base"", ""front_chassis"", ""front_chassis_pin"", ""rear_chassis"", ""rear_rear_chassis_pin""]","[""carried_forward_state""]",carried_forward_state,carried_forward_state,11110010000,[],000792.jpg,
10_assy_0_1,793,11110010000,0.97,"[[""11110010000"", 0.97]]","[""base"", ""front_chassis"", ""front_chassis_pin"", ""rear_chassis"", ""rear_rear_chassis_pin""]","[""carried_forward_state""]",carried_forward_state,carried_forward_state,11110010000,[],000793.jpg,
10_assy_0_1,794,11110010000,0.97,"[[""11110010000"", 0.97]]","[""base"", ""front_chassis"", ""front_chassis_pin"", ""rear_chassis"", ""rear_rear_chassis_pin""]","[""carried_forward_state""]",carried_forward_state,carried_forward_state,11110010000,[],000794.jpg,
10_assy_0_1,795,11110010000,0.97,"[[""11110010000"", 0.97]]","[""base"", ""front_chassis"", ""front_chassis_pin"", ""rear_chassis"", ""rear_rear_chassis_pin""]","[""carried_forward_state""]",carried_forward_state,carried_forward_state,11110010000,[],000795.jpg,
10_assy_0_1,796,11110010000,0.97,"[[""11110010000"", 0.97]]","[""base"", ""front_chassis"", ""front_chassis_pin"", ""rear_chassis"", ""rear_rear_chassis_pin""]","[""carried_forward_state""]",carried_forward_state,carried_forward_state,11110010000,[],000796.jpg,
10_assy_0_1,797,11110010000,0.97,"[[""11110010000"", 0.97]]","[""base"", ""front_chassis"", ""front_chassis_pin"", ""rear_chassis"", ""rear_rear_chassis_pin""]","[""carried_forward_state""]",carried_forward_state,carried_forward_state,11110010000,[],000797.jpg,
10_assy_0_1,798,11110010000,0.97,"[[""11110010000"", 0.97]]","[""base"", ""front_chassis"", ""front_chassis_pin"", ""rear_chassis"", ""rear_rear_chassis_pin""]","[""carried_forward_state""]",carried_forward_state,carried_forward_state,11110010000,[],000798.jpg,
10_assy_0_1,799,11110010000,0.97,"[[""11110010000"", 0.97]]","[""base"", ""front_chassis"", ""front_chassis_pin"", ""rear_chassis"", ""rear_rear_chassis_pin""]","[""carried_forward_state""]",carried_forward_state,carried_forward_state,11110010000,[],000799.jpg,
10_assy_0_1,800,11110010000,0.97,"[[""11110010000"", 0.97]]","[""base"", ""front_chassis"", ""front_chassis_pin"", ""rear_chassis"", ""rear_rear_chassis_pin""]","[""carried_forward_state""]",carried_forward_state,carried_forward_state,11110010000,[],000800.jpg,
10_assy_0_1,801,11110010000,0.97,"[[""11110010000"", 0.97]]","[""base"", ""front_chassis"", ""front_chassis_pin"", ""rear_chassis"", ""rear_rear_chassis_pin""]","[""carried_forward_state""]",carried_forward_state,carried_forward_state,11110010000,[],000801.jpg,
10_assy_0_1,802,11110010000,0.97,"[[""11110010000"", 0.97]]","[""base"", ""front_chassis"", ""front_chassis_pin"", ""rear_chassis"", ""rear_rear_chassis_pin""]","[""carried_forward_state""]",carried_forward_state,carried_forward_state,11110010000,[],000802.jpg,
10_assy_0_1,803,11110010000,0.97,"[[""11110010000"", 0.97]]","[""base"", ""front_chassis"", ""front_chassis_pin"", ""rear_chassis"", ""rear_rear_chassis_pin""]","[""carried_forward_state""]",carried_forward_state,carried_forward_state,11110010000,[],000803.jpg,
10_assy_0_1,804,11110010000,0.97,"[[""11110010000"", 0.97]]","[""base"", ""front_chassis"", ""front_chassis_pin"", ""rear_chassis"", ""rear_rear_chassis_pin""]","[""carried_forward_state""]",carried_forward_state,carried_forward_state,11110010000,[],000804.jpg,
10_assy_0_1,805,11110010000,0.97,"[[""11110010000"", 0.97]]","[""base"", ""front_chassis"", ""front_chassis_pin"", ""rear_chassis"", ""rear_rear_chassis_pin""]","[""carried_forward_state""]",carried_forward_state,carried_forward_state,11110010000,[],000805.jpg,
10_assy_0_1,806,11110010000,0.97,"[[""11110010000"", 0.97]]","[""base"", ""front_chassis"", ""front_chassis_pin"", ""rear_chassis"", ""rear_rear_chassis_pin""]","[""carried_forward_state""]",carried_forward_state,carried_forward_state,11110010000,[],000806.jpg,
10_assy_0_1,807,11110010000,0.97,"[[""11110010000"", 0.97]]","[""base"", ""front_chassis"", ""front_chassis_pin"", ""rear_chassis"", ""rear_rear_chassis_pin""]","[""carried_forward_state""]",carried_forward_state,carried_forward_state,11110010000,[],000807.jpg,
10_assy_0_1,808,11110010000,0.97,"[[""11110010000"", 0.97]]","[""base"", ""front_chassis"", ""front_chassis_pin"", ""rear_chassis"", ""rear_rear_chassis_pin""]","[""carried_forward_state""]",carried_forward_state,carried_forward_state,11110010000,[],000808.jpg,
10_assy_0_1,809,11110010000,0.97,"[[""11110010000"", 0.97]]","[""base"", ""front_chassis"", ""front_chassis_pin"", ""rear_chassis"", ""rear_rear_chassis_pin""]","[""carried_forward_state""]",carried_forward_state,carried_forward_state,11110010000,[],000809.jpg,
10_assy_0_1,810,11110010000,0.97,"[[""11110010000"", 0.97]]","[""base"", ""front_chassis"", ""front_chassis_pin"", ""rear_chassis"", ""rear_rear_chassis_pin""]","[""carried_forward_state""]",carried_forward_state,carried_forward_state,11110010000,[],000810.jpg,
10_assy_0_1,811,11110010000,0.97,"[[""11110010000"", 0.97]]","[""base"", ""front_chassis"", ""front_chassis_pin"", ""rear_chassis"", ""rear_rear_chassis_pin""]","[""carried_forward_state""]",carried_forward_state,carried_forward_state,11110010000,[],000811.jpg,
10_assy_0_1,812,11110010000,0.97,"[[""11110010000"", 0.97]]","[""base"", ""front_chassis"", ""front_chassis_pin"", ""rear_chassis"", ""rear_rear_chassis_pin""]","[""carried_forward_state""]",carried_forward_state,carried_forward_state,11110010000,[],000812.jpg,
10_assy_0_1,813,11110010000,0.97,"[[""11110010000"", 0.97]]","[""base"", ""front_chassis"", ""front_chassis_pin"", ""rear_chassis"", ""rear_rear_chassis_pin""]","[""carried_forward_state""]",carried_forward_state,carried_forward_state,11110010000,[],000813.jpg,
10_assy_0_1,814,11110010000,0.97,"[[""11110010000"", 0.97]]","[""base"", ""front_chassis"", ""front_chassis_pin"", ""rear_chassis"", ""rear_rear_chassis_pin""]","[""carried_forward_state""]",carried_forward_state,carried_forward_state,11110010000,[],000814.jpg,
10_assy_0_1,815,11110010000,0.97,"[[""11110010000"", 0.97]]","[""base"", ""front_chassis"", ""front_chassis_pin"", ""rear_chassis"", ""rear_rear_chassis_pin""]","[""carried_forward_state""]",carried_forward_state,carried_forward_state,11110010000,[],000815.jpg,
10_assy_0_1,816,11110010000,0.97,"[[""11110010000"", 0.97]]","[""base"", ""front_chassis"", ""front_chassis_pin"", ""rear_chassis"", ""rear_rear_chassis_pin""]","[""carried_forward_state""]",carried_forward_state,carried_forward_state,11110010000,[],000816.jpg,
10_assy_0_1,817,11110010000,0.97,"[[""11110010000"", 0.97]]","[""base"", ""front_chassis"", ""front_chassis_pin"", ""rear_chassis"", ""rear_rear_chassis_pin""]","[""carried_forward_state""]",carried_forward_state,carried_forward_state,11110010000,[],000817.jpg,
10_assy_0_1,818,11110010000,0.97,"[[""11110010000"", 0.97]]","[""base"", ""front_chassis"", ""front_chassis_pin"", ""rear_chassis"", ""rear_rear_chassis_pin""]","[""carried_forward_state""]",carried_forward_state,carried_forward_state,11110010000,[],000818.jpg,
10_assy_0_1,819,11110010000,0.97,"[[""11110010000"", 0.97]]","[""base"", ""front_chassis"", ""front_chassis_pin"", ""rear_chassis"", ""rear_rear_chassis_pin""]","[""carried_forward_state""]",carried_forward_state,carried_forward_state,11110010000,[],000819.jpg,
10_assy_0_1,820,11110010000,0.97,"[[""11110010000"", 0.97]]","[""base"", ""front_chassis"", ""front_chassis_pin"", ""rear_chassis"", ""rear_rear_chassis_pin""]","[""carried_forward_state""]",carried_forward_state,carried_forward_state,11110010000,[],000820.jpg,
10_assy_0_1,821,11110010000,0.97,"[[""11110010000"", 0.97]]","[""base"", ""front_chassis"", ""front_chassis_pin"", ""rear_chassis"", ""rear_rear_chassis_pin""]","[""carried_forward_state""]",carried_forward_state,carried_forward_state,11110010000,[],000821.jpg,
10_assy_0_1,822,11110010000,0.97,"[[""11110010000"", 0.97]]","[""base"", ""front_chassis"", ""front_chassis_pin"", ""rear_chassis"", ""rear_rear_chassis_pin""]","[""carried_forward_state""]",carried_forward_state,carried_forward_state,11110010000,[],000822.jpg,
10_assy_0_1,823,11110010000,0.97,"[[""11110010000"", 0.97]]","[""base"", ""front_chassis"", ""front_chassis_pin"", ""rear_chassis"", ""rear_rear_chassis_pin""]","[""carried_forward_state""]",carried_forward_state,carried_forward_state,11110010000,[],000823.jpg,
10_assy_0_1,824,11110010000,0.97,"[[""11110010000"", 0.97]]","[""base"", ""front_chassis"", ""front_chassis_pin"", ""rear_chassis"", ""rear_rear_chassis_pin""]","[""carried_forward_state""]",carried_forward_state,carried_forward_state,11110010000,[],000824.jpg,
10_assy_0_1,825,11110010000,0.97,"[[""11110010000"", 0.97]]","[""base"", ""front_chassis"", ""front_chassis_pin"", ""rear_chassis"", ""rear_rear_chassis_pin""]","[""carried_forward_state""]",carried_forward_state,carried_forward_state,11110010000,[],000825.jpg,
10_assy_0_1,826,11110010000,0.97,"[[""11110010000"", 0.97]]","[""base"", ""front_chassis"", ""front_chassis_pin"", ""rear_chassis"", ""rear_rear_chassis_pin""]","[""carried_forward_state""]",carried_forward_state,carried_forward_state,11110010000,[],000826.jpg,
10_assy_0_1,827,11110010000,0.97,"[[""11110010000"", 0.97]]","[""base"", ""front_chassis"", ""front_chassis_pin"", ""rear_chassis"", ""rear_rear_chassis_pin""]","[""carried_forward_state""]",carried_forward_state,carried_forward_state,11110010000,[],000827.jpg,
10_assy_0_1,828,11110010000,0.97,"[[""11110010000"", 0.97]]","[""base"", ""front_chassis"", ""front_chassis_pin"", ""rear_chassis"", ""rear_rear_chassis_pin""]","[""carried_forward_state""]",carried_forward_state,carried_forward_state,11110010000,[],000828.jpg,
10_assy_0_1,829,11110010000,0.97,"[[""11110010000"", 0.97]]","[""base"", ""front_chassis"", ""front_chassis_pin"", ""rear_chassis"", ""rear_rear_chassis_pin""]","[""carried_forward_state""]",carried_forward_state,carried_forward_state,11110010000,[],000829.jpg,
10_assy_0_1,830,11110010000,0.97,"[[""11110010000"", 0.97]]","[""base"", ""front_chassis"", ""front_chassis_pin"", ""rear_chassis"", ""rear_rear_chassis_pin""]","[""carried_forward_state""]",carried_forward_state,carried_forward_state,11110010000,[],000830.jpg,
10_assy_0_1,831,11110010000,0.97,"[[""11110010000"", 0.97]]","[""base"", ""front_chassis"", ""front_chassis_pin"", ""rear_chassis"", ""rear_rear_chassis_pin""]","[""carried_forward_state""]",carried_forward_state,carried_forward_state,11110010000,[],000831.jpg,
10_assy_0_1,832,11110010000,0.97,"[[""11110010000"", 0.97]]","[""base"", ""front_chassis"", ""front_chassis_pin"", ""rear_chassis"", ""rear_rear_chassis_pin""]","[""carried_forward_state""]",carried_forward_state,carried_forward_state,11110010000,[],000832.jpg,
10_assy_0_1,833,11110010000,0.97,"[[""11110010000"", 0.97]]","[""base"", ""front_chassis"", ""front_chassis_pin"", ""rear_chassis"", ""rear_rear_chassis_pin""]","[""carried_forward_state""]",carried_forward_state,carried_forward_state,11110010000,[],000833.jpg,
10_assy_0_1,834,11110010000,0.97,"[[""11110010000"", 0.97]]","[""base"", ""front_chassis"", ""front_chassis_pin"", ""rear_chassis"", ""rear_rear_chassis_pin""]","[""carried_forward_state""]",carried_forward_state,carried_forward_state,11110010000,[],000834.jpg,
10_assy_0_1,835,11110010000,0.97,"[[""11110010000"", 0.97]]","[""base"", ""front_chassis"", ""front_chassis_pin"", ""rear_chassis"", ""rear_rear_chassis_pin""]","[""carried_forward_state""]",carried_forward_state,carried_forward_state,11110010000,[],000835.jpg,
10_assy_0_1,836,11110010000,0.97,"[[""11110010000"", 0.97]]","[""base"", ""front_chassis"", ""front_chassis_pin"", ""rear_chassis"", ""rear_rear_chassis_pin""]","[""carried_forward_state""]",carried_forward_state,carried_forward_state,11110010000,[],000836.jpg,
10_assy_0_1,837,11110010000,0.97,"[[""11110010000"", 0.97]]","[""base"", ""front_chassis"", ""front_chassis_pin"", ""rear_chassis"", ""rear_rear_chassis_pin""]","[""carried_forward_state""]",carried_forward_state,carried_forward_state,11110010000,[],000837.jpg,
10_assy_0_1,838,11110010000,0.97,"[[""11110010000"", 0.97]]","[""base"", ""front_chassis"", ""front_chassis_pin"", ""rear_chassis"", ""rear_rear_chassis_pin""]","[""carried_forward_state""]",carried_forward_state,carried_forward_state,11110010000,[],000838.jpg,
10_assy_0_1,839,11110010000,0.97,"[[""11110010000"", 0.97]]","[""base"", ""front_chassis"", ""front_chassis_pin"", ""rear_chassis"", ""rear_rear_chassis_pin""]","[""carried_forward_state""]",carried_forward_state,carried_forward_state,11110010000,[],000839.jpg,
10_assy_0_1,840,11110010000,0.97,"[[""11110010000"", 0.97]]","[""base"", ""front_chassis"", ""front_chassis_pin"", ""rear_chassis"", ""rear_rear_chassis_pin""]","[""carried_forward_state""]",carried_forward_state,carried_forward_state,11110010000,[],000840.jpg,
10_assy_0_1,841,11110010000,0.97,"[[""11110010000"", 0.97]]","[""base"", ""front_chassis"", ""front_chassis_pin"", ""rear_chassis"", ""rear_rear_chassis_pin""]","[""carried_forward_state""]",carried_forward_state,carried_forward_state,11110010000,[],000841.jpg,
10_assy_0_1,842,11110010000,0.97,"[[""11110010000"", 0.97]]","[""base"", ""front_chassis"", ""front_chassis_pin"", ""rear_chassis"", ""rear_rear_chassis_pin""]","[""carried_forward_state""]",carried_forward_state,carried_forward_state,11110010000,[],000842.jpg,
10_assy_0_1,843,11110010000,0.97,"[[""11110010000"", 0.97]]","[""base"", ""front_chassis"", ""front_chassis_pin"", ""rear_chassis"", ""rear_rear_chassis_pin""]","[""carried_forward_state""]",carried_forward_state,carried_forward_state,11110010000,[],000843.jpg,
10_assy_0_1,844,11110010000,0.97,"[[""11110010000"", 0.97]]","[""base"", ""front_chassis"", ""front_chassis_pin"", ""rear_chassis"", ""rear_rear_chassis_pin""]","[""carried_forward_state""]",carried_forward_state,carried_forward_state,11110010000,[],000844.jpg,
10_assy_0_1,845,11110010000,0.97,"[[""11110010000"", 0.97]]","[""base"", ""front_chassis"", ""front_chassis_pin"", ""rear_chassis"", ""rear_rear_chassis_pin""]","[""carried_forward_state""]",carried_forward_state,carried_forward_state,11110010000,[],000845.jpg,
10_assy_0_1,846,11110010000,0.97,"[[""11110010000"", 0.97]]","[""base"", ""front_chassis"", ""front_chassis_pin"", ""rear_chassis"", ""rear_rear_chassis_pin""]","[""carried_forward_state""]",carried_forward_state,carried_forward_state,11110010000,[],000846.jpg,
10_assy_0_1,847,11110010000,0.97,"[[""11110010000"", 0.97]]","[""base"", ""front_chassis"", ""front_chassis_pin"", ""rear_chassis"", ""rear_rear_chassis_pin""]","[""carried_forward_state""]",carried_forward_state,carried_forward_state,11110010000,[],000847.jpg,
10_assy_0_1,848,11110010000,0.97,"[[""11110010000"", 0.97]]","[""base"", ""front_chassis"", ""front_chassis_pin"", ""rear_chassis"", ""rear_rear_chassis_pin""]","[""carried_forward_state""]",carried_forward_state,carried_forward_state,11110010000,[],000848.jpg,
10_assy_0_1,849,11110010000,0.97,"[[""11110010000"", 0.97]]","[""base"", ""front_chassis"", ""front_chassis_pin"", ""rear_chassis"", ""rear_rear_chassis_pin""]","[""carried_forward_state""]",carried_forward_state,carried_forward_state,11110010000,[],000849.jpg,
10_assy_0_1,850,11110010000,0.97,"[[""11110010000"", 0.97]]","[""base"", ""front_chassis"", ""front_chassis_pin"", ""rear_chassis"", ""rear_rear_chassis_pin""]","[""carried_forward_state""]",carried_forward_state,carried_forward_state,11110010000,[],000850.jpg,
10_assy_0_1,851,11110010000,0.97,"[[""11110010000"", 0.97]]","[""base"", ""front_chassis"", ""front_chassis_pin"", ""rear_chassis"", ""rear_rear_chassis_pin""]","[""carried_forward_state""]",carried_forward_state,carried_forward_state,11110010000,[],000851.jpg,
10_assy_0_1,852,11110010000,0.97,"[[""11110010000"", 0.97]]","[""base"", ""front_chassis"", ""front_chassis_pin"", ""rear_chassis"", ""rear_rear_chassis_pin""]","[""carried_forward_state""]",carried_forward_state,carried_forward_state,11110010000,[],000852.jpg,
10_assy_0_1,853,11110010000,0.97,"[[""11110010000"", 0.97]]","[""base"", ""front_chassis"", ""front_chassis_pin"", ""rear_chassis"", ""rear_rear_chassis_pin""]","[""carried_forward_state""]",carried_forward_state,carried_forward_state,11110010000,[],000853.jpg,
10_assy_0_1,854,11110010000,0.97,"[[""11110010000"", 0.97]]","[""base"", ""front_chassis"", ""front_chassis_pin"", ""rear_chassis"", ""rear_rear_chassis_pin""]","[""carried_forward_state""]",carried_forward_state,carried_forward_state,11110010000,[],000854.jpg,
10_assy_0_1,855,11110010000,0.97,"[[""11110010000"", 0.97]]","[""base"", ""front_chassis"", ""front_chassis_pin"", ""rear_chassis"", ""rear_rear_chassis_pin""]","[""carried_forward_state""]",carried_forward_state,carried_forward_state,11110010000,[],000855.jpg,
10_assy_0_1,856,11110010000,0.97,"[[""11110010000"", 0.97]]","[""base"", ""front_chassis"", ""front_chassis_pin"", ""rear_chassis"", ""rear_rear_chassis_pin""]","[""carried_forward_state""]",carried_forward_state,carried_forward_state,11110010000,[],000856.jpg,
10_assy_0_1,857,11110010000,0.97,"[[""11110010000"", 0.97]]","[""base"", ""front_chassis"", ""front_chassis_pin"", ""rear_chassis"", ""rear_rear_chassis_pin""]","[""carried_forward_state""]",carried_forward_state,carried_forward_state,11110010000,[],000857.jpg,
10_assy_0_1,858,11110010000,0.97,"[[""11110010000"", 0.97]]","[""base"", ""front_chassis"", ""front_chassis_pin"", ""rear_chassis"", ""rear_rear_chassis_pin""]","[""carried_forward_state""]",carried_forward_state,carried_forward_state,11110010000,[],000858.jpg,
10_assy_0_1,859,11110010000,0.97,"[[""11110010000"", 0.97]]","[""base"", ""front_chassis"", ""front_chassis_pin"", ""rear_chassis"", ""rear_rear_chassis_pin""]","[""carried_forward_state""]",carried_forward_state,carried_forward_state,11110010000,[],000859.jpg,
10_assy_0_1,860,11110010000,0.97,"[[""11110010000"", 0.97]]","[""base"", ""front_chassis"", ""front_chassis_pin"", ""rear_chassis"", ""rear_rear_chassis_pin""]","[""carried_forward_state""]",carried_forward_state,carried_forward_state,11110010000,[],000860.jpg,
10_assy_0_1,861,11110010000,0.97,"[[""11110010000"", 0.97]]","[""base"", ""front_chassis"", ""front_chassis_pin"", ""rear_chassis"", ""rear_rear_chassis_pin""]","[""carried_forward_state""]",carried_forward_state,carried_forward_state,11110010000,[],000861.jpg,
10_assy_0_1,862,11110010000,0.97,"[[""11110010000"", 0.97]]","[""base"", ""front_chassis"", ""front_chassis_pin"", ""rear_chassis"", ""rear_rear_chassis_pin""]","[""carried_forward_state""]",carried_forward_state,carried_forward_state,11110010000,[],000862.jpg,
10_assy_0_1,863,11110010000,0.97,"[[""11110010000"", 0.97]]","[""base"", ""front_chassis"", ""front_chassis_pin"", ""rear_chassis"", ""rear_rear_chassis_pin""]","[""carried_forward_state""]",carried_forward_state,carried_forward_state,11110010000,[],000863.jpg,
10_assy_0_1,864,11110010000,0.97,"[[""11110010000"", 0.97]]","[""base"", ""front_chassis"", ""front_chassis_pin"", ""rear_chassis"", ""rear_rear_chassis_pin""]","[""carried_forward_state""]",carried_forward_state,carried_forward_state,11110010000,[],000864.jpg,
10_assy_0_1,865,11110010000,0.97,"[[""11110010000"", 0.97]]","[""base"", ""front_chassis"", ""front_chassis_pin"", ""rear_chassis"", ""rear_rear_chassis_pin""]","[""carried_forward_state""]",carried_forward_state,carried_forward_state,11110010000,[],000865.jpg,
10_assy_0_1,866,11110010000,0.97,"[[""11110010000"", 0.97]]","[""base"", ""front_chassis"", ""front_chassis_pin"", ""rear_chassis"", ""rear_rear_chassis_pin""]","[""carried_forward_state""]",carried_forward_state,carried_forward_state,11110010000,[],000866.jpg,
10_assy_0_1,867,11110010000,0.97,"[[""11110010000"", 0.97]]","[""base"", ""front_chassis"", ""front_chassis_pin"", ""rear_chassis"", ""rear_rear_chassis_pin""]","[""carried_forward_state""]",carried_forward_state,carried_forward_state,11110010000,[],000867.jpg,
10_assy_0_1,868,11110010000,0.97,"[[""11110010000"", 0.97]]","[""base"", ""front_chassis"", ""front_chassis_pin"", ""rear_chassis"", ""rear_rear_chassis_pin""]","[""carried_forward_state""]",carried_forward_state,carried_forward_state,11110010000,[],000868.jpg,
10_assy_0_1,869,11110010000,0.97,"[[""11110010000"", 0.97]]","[""base"", ""front_chassis"", ""front_chassis_pin"", ""rear_chassis"", ""rear_rear_chassis_pin""]","[""carried_forward_state""]",carried_forward_state,carried_forward_state,11110010000,[],000869.jpg,
10_assy_0_1,870,11110010000,0.97,"[[""11110010000"", 0.97]]","[""base"", ""front_chassis"", ""front_chassis_pin"", ""rear_chassis"", ""rear_rear_chassis_pin""]","[""carried_forward_state""]",carried_forward_state,carried_forward_state,11110010000,[],000870.jpg,
10_assy_0_1,871,11110010000,0.97,"[[""11110010000"", 0.97]]","[""base"", ""front_chassis"", ""front_chassis_pin"", ""rear_chassis"", ""rear_rear_chassis_pin""]","[""carried_forward_state""]",carried_forward_state,carried_forward_state,11110010000,[],000871.jpg,
10_assy_0_1,872,11110010000,0.97,"[[""11110010000"", 0.97]]","[""base"", ""front_chassis"", ""front_chassis_pin"", ""rear_chassis"", ""rear_rear_chassis_pin""]","[""carried_forward_state""]",carried_forward_state,carried_forward_state,11110010000,[],000872.jpg,
10_assy_0_1,873,11110010000,0.97,"[[""11110010000"", 0.97]]","[""base"", ""front_chassis"", ""front_chassis_pin"", ""rear_chassis"", ""rear_rear_chassis_pin""]","[""carried_forward_state""]",carried_forward_state,carried_forward_state,11110010000,[],000873.jpg,
10_assy_0_1,874,11110010000,0.97,"[[""11110010000"", 0.97]]","[""base"", ""front_chassis"", ""front_chassis_pin"", ""rear_chassis"", ""rear_rear_chassis_pin""]","[""carried_forward_state""]",carried_forward_state,carried_forward_state,11110010000,[],000874.jpg,
10_assy_0_1,875,11110010000,0.97,"[[""11110010000"", 0.97]]","[""base"", ""front_chassis"", ""front_chassis_pin"", ""rear_chassis"", ""rear_rear_chassis_pin""]","[""carried_forward_state""]",carried_forward_state,carried_forward_state,11110010000,[],000875.jpg,
10_assy_0_1,876,11110010000,0.97,"[[""11110010000"", 0.97]]","[""base"", ""front_chassis"", ""front_chassis_pin"", ""rear_chassis"", ""rear_rear_chassis_pin""]","[""carried_forward_state""]",carried_forward_state,carried_forward_state,11110010000,[],000876.jpg,
10_assy_0_1,877,11110010000,0.97,"[[""11110010000"", 0.97]]","[""base"", ""front_chassis"", ""front_chassis_pin"", ""rear_chassis"", ""rear_rear_chassis_pin""]","[""carried_forward_state""]",carried_forward_state,carried_forward_state,11110010000,[],000877.jpg,
10_assy_0_1,878,11110010000,0.97,"[[""11110010000"", 0.97]]","[""base"", ""front_chassis"", ""front_chassis_pin"", ""rear_chassis"", ""rear_rear_chassis_pin""]","[""carried_forward_state""]",carried_forward_state,carried_forward_state,11110010000,[],000878.jpg,
10_assy_0_1,879,11110010000,0.97,"[[""11110010000"", 0.97]]","[""base"", ""front_chassis"", ""front_chassis_pin"", ""rear_chassis"", ""rear_rear_chassis_pin""]","[""carried_forward_state""]",carried_forward_state,carried_forward_state,11110010000,[],000879.jpg,
10_assy_0_1,880,11110010000,0.97,"[[""11110010000"", 0.97]]","[""base"", ""front_chassis"", ""front_chassis_pin"", ""rear_chassis"", ""rear_rear_chassis_pin""]","[""carried_forward_state""]",carried_forward_state,carried_forward_state,11110010000,[],000880.jpg,
10_assy_0_1,881,11110010000,0.97,"[[""11110010000"", 0.97]]","[""base"", ""front_chassis"", ""front_chassis_pin"", ""rear_chassis"", ""rear_rear_chassis_pin""]","[""carried_forward_state""]",carried_forward_state,carried_forward_state,11110010000,[],000881.jpg,
10_assy_0_1,882,11110010000,0.97,"[[""11110010000"", 0.97]]","[""base"", ""front_chassis"", ""front_chassis_pin"", ""rear_chassis"", ""rear_rear_chassis_pin""]","[""carried_forward_state""]",carried_forward_state,carried_forward_state,11110010000,[],000882.jpg,
10_assy_0_1,883,11110010000,0.97,"[[""11110010000"", 0.97]]","[""base"", ""front_chassis"", ""front_chassis_pin"", ""rear_chassis"", ""rear_rear_chassis_pin""]","[""carried_forward_state""]",carried_forward_state,carried_forward_state,11110010000,[],000883.jpg,
10_assy_0_1,884,11110010000,0.97,"[[""11110010000"", 0.97]]","[""base"", ""front_chassis"", ""front_chassis_pin"", ""rear_chassis"", ""rear_rear_chassis_pin""]","[""carried_forward_state""]",carried_forward_state,carried_forward_state,11110010000,[],000884.jpg,
10_assy_0_1,885,11110010000,0.97,"[[""11110010000"", 0.97]]","[""base"", ""front_chassis"", ""front_chassis_pin"", ""rear_chassis"", ""rear_rear_chassis_pin""]","[""carried_forward_state""]",carried_forward_state,carried_forward_state,11110010000,[],000885.jpg,
10_assy_0_1,886,11110010000,0.97,"[[""11110010000"", 0.97]]","[""base"", ""front_chassis"", ""front_chassis_pin"", ""rear_chassis"", ""rear_rear_chassis_pin""]","[""carried_forward_state""]",carried_forward_state,carried_forward_state,11110010000,[],000886.jpg,
10_assy_0_1,887,11110010000,0.97,"[[""11110010000"", 0.97]]","[""base"", ""front_chassis"", ""front_chassis_pin"", ""rear_chassis"", ""rear_rear_chassis_pin""]","[""carried_forward_state""]",carried_forward_state,carried_forward_state,11110010000,[],000887.jpg,
10_assy_0_1,888,11110010000,0.97,"[[""11110010000"", 0.97]]","[""base"", ""front_chassis"", ""front_chassis_pin"", ""rear_chassis"", ""rear_rear_chassis_pin""]","[""carried_forward_state""]",carried_forward_state,carried_forward_state,11110010000,[],000888.jpg,
10_assy_0_1,889,11110010000,0.97,"[[""11110010000"", 0.97]]","[""base"", ""front_chassis"", ""front_chassis_pin"", ""rear_chassis"", ""rear_rear_chassis_pin""]","[""carried_forward_state""]",carried_forward_state,carried_forward_state,11110010000,[],000889.jpg,
10_assy_0_1,890,11110010000,0.97,"[[""11110010000"", 0.97]]","[""base"", ""front_chassis"", ""front_chassis_pin"", ""rear_chassis"", ""rear_rear_chassis_pin""]","[""carried_forward_state""]",carried_forward_state,carried_forward_state,11110010000,[],000890.jpg,
10_assy_0_1,891,11110010000,0.97,"[[""11110010000"", 0.97]]","[""base"", ""front_chassis"", ""front_chassis_pin"", ""rear_chassis"", ""rear_rear_chassis_pin""]","[""carried_forward_state""]",carried_forward_state,carried_forward_state,11110010000,[],000891.jpg,
10_assy_0_1,892,11110010000,0.97,"[[""11110010000"", 0.97]]","[""base"", ""front_chassis"", ""front_chassis_pin"", ""rear_chassis"", ""rear_rear_chassis_pin""]","[""carried_forward_state""]",carried_forward_state,carried_forward_state,11110010000,[],000892.jpg,
10_assy_0_1,893,11110100000,1.0,"[[""11110100000"", 1.0]]","[""base"", ""front_chassis"", ""front_chassis_pin"", ""rear_chassis"", ""front_rear_chassis_pin""]","[""observed_label""]",observed_label,observed_label,11110100000,[],000893.jpg,893
10_assy_0_1,894,11110100000,1.0,"[[""11110100000"", 1.0]]","[""base"", ""front_chassis"", ""front_chassis_pin"", ""rear_chassis"", ""front_rear_chassis_pin""]","[""observed_label""]",observed_label,observed_label,11110100000,[],000894.jpg,894
10_assy_0_1,895,11110100000,1.0,"[[""11110100000"", 1.0]]","[""base"", ""front_chassis"", ""front_chassis_pin"", ""rear_chassis"", ""front_rear_chassis_pin""]","[""observed_label""]",observed_label,observed_label,11110100000,[],000895.jpg,895
10_assy_0_1,896,11110100000,1.0,"[[""11110100000"", 1.0]]","[""base"", ""front_chassis"", ""front_chassis_pin"", ""rear_chassis"", ""front_rear_chassis_pin""]","[""observed_label""]",observed_label,observed_label,11110100000,[],000896.jpg,896
10_assy_0_1,897,11110100000,1.0,"[[""11110100000"", 1.0]]","[""base"", ""front_chassis"", ""front_chassis_pin"", ""rear_chassis"", ""front_rear_chassis_pin""]","[""observed_label""]",observed_label,observed_label,11110100000,[],000897.jpg,897
10_assy_0_1,898,11110100000,1.0,"[[""11110100000"", 1.0]]","[""base"", ""front_chassis"", ""front_chassis_pin"", ""rear_chassis"", ""front_rear_chassis_pin""]","[""observed_label""]",observed_label,observed_label,11110100000,[],000898.jpg,898
10_assy_0_1,899,11110100000,1.0,"[[""11110100000"", 1.0]]","[""base"", ""front_chassis"", ""front_chassis_pin"", ""rear_chassis"", ""front_rear_chassis_pin""]","[""observed_label""]",observed_label,observed_label,11110100000,[],000899.jpg,899
10_assy_0_1,900,11110100000,1.0,"[[""11110100000"", 1.0]]","[""base"", ""front_chassis"", ""front_chassis_pin"", ""rear_chassis"", ""front_rear_chassis_pin""]","[""observed_label""]",observed_label,observed_label,11110100000,[],000900.jpg,900
10_assy_0_1,901,11110100000,1.0,"[[""11110100000"", 1.0]]","[""base"", ""front_chassis"", ""front_chassis_pin"", ""rear_chassis"", ""front_rear_chassis_pin""]","[""observed_label""]",observed_label,observed_label,11110100000,[],000901.jpg,901
10_assy_0_1,902,11110100000,1.0,"[[""11110100000"", 1.0]]","[""base"", ""front_chassis"", ""front_chassis_pin"", ""rear_chassis"", ""front_rear_chassis_pin""]","[""observed_label""]",observed_label,observed_label,11110100000,[],000902.jpg,902
10_assy_0_1,903,11110100000,1.0,"[[""11110100000"", 1.0]]","[""base"", ""front_chassis"", ""front_chassis_pin"", ""rear_chassis"", ""front_rear_chassis_pin""]","[""observed_label""]",observed_label,observed_label,11110100000,[],000903.jpg,903
10_assy_0_1,904,11110100000,1.0,"[[""11110100000"", 1.0]]","[""base"", ""front_chassis"", ""front_chassis_pin"", ""rear_chassis"", ""front_rear_chassis_pin""]","[""observed_label""]",observed_label,observed_label,11110100000,[],000904.jpg,904
10_assy_0_1,905,11110100000,1.0,"[[""11110100000"", 1.0]]","[""base"", ""front_chassis"", ""front_chassis_pin"", ""rear_chassis"", ""front_rear_chassis_pin""]","[""observed_label""]",observed_label,observed_label,11110100000,[],000905.jpg,905
10_assy_0_1,906,11110100000,1.0,"[[""11110100000"", 1.0]]","[""base"", ""front_chassis"", ""front_chassis_pin"", ""rear_chassis"", ""front_rear_chassis_pin""]","[""observed_label""]",observed_label,observed_label,11110100000,[],000906.jpg,906
10_assy_0_1,907,11110100000,1.0,"[[""11110100000"", 1.0]]","[""base"", ""front_chassis"", ""front_chassis_pin"", ""rear_chassis"", ""front_rear_chassis_pin""]","[""observed_label""]",observed_label,observed_label,11110100000,[],000907.jpg,907
10_assy_0_1,908,11110100000,1.0,"[[""11110100000"", 1.0]]","[""base"", ""front_chassis"", ""front_chassis_pin"", ""rear_chassis"", ""front_rear_chassis_pin""]","[""observed_label""]",observed_label,observed_label,11110100000,[],000908.jpg,908
10_assy_0_1,909,11110100000,1.0,"[[""11110100000"", 1.0]]","[""base"", ""front_chassis"", ""front_chassis_pin"", ""rear_chassis"", ""front_rear_chassis_pin""]","[""observed_label""]",observed_label,observed_label,11110100000,[],000909.jpg,909
10_assy_0_1,910,11110100000,1.0,"[[""11110100000"", 1.0]]","[""base"", ""front_chassis"", ""front_chassis_pin"", ""rear_chassis"", ""front_rear_chassis_pin""]","[""observed_label""]",observed_label,observed_label,11110100000,[],000910.jpg,910
10_assy_0_1,911,11110100000,1.0,"[[""11110100000"", 1.0]]","[""base"", ""front_chassis"", ""front_chassis_pin"", ""rear_chassis"", ""front_rear_chassis_pin""]","[""observed_label""]",observed_label,observed_label,11110100000,[],000911.jpg,911
10_assy_0_1,912,11110100000,1.0,"[[""11110100000"", 1.0]]","[""base"", ""front_chassis"", ""front_chassis_pin"", ""rear_chassis"", ""front_rear_chassis_pin""]","[""observed_label""]",observed_label,observed_label,11110100000,[],000912.jpg,912
10_assy_0_1,913,11110100000,1.0,"[[""11110100000"", 1.0]]","[""base"", ""front_chassis"", ""front_chassis_pin"", ""rear_chassis"", ""front_rear_chassis_pin""]","[""observed_label""]",observed_label,observed_label,11110100000,[],000913.jpg,913
10_assy_0_1,914,11110100000,1.0,"[[""11110100000"", 1.0]]","[""base"", ""front_chassis"", ""front_chassis_pin"", ""rear_chassis"", ""front_rear_chassis_pin""]","[""observed_label""]",observed_label,observed_label,11110100000,[],000914.jpg,914
10_assy_0_1,915,11110100000,1.0,"[[""11110100000"", 1.0]]","[""base"", ""front_chassis"", ""front_chassis_pin"", ""rear_chassis"", ""front_rear_chassis_pin""]","[""observed_label""]",observed_label,observed_label,11110100000,[],000915.jpg,915
10_assy_0_1,916,11110100000,1.0,"[[""11110100000"", 1.0]]","[""base"", ""front_chassis"", ""front_chassis_pin"", ""rear_chassis"", ""front_rear_chassis_pin""]","[""observed_label""]",observed_label,observed_label,11110100000,[],000916.jpg,916
10_assy_0_1,917,11110100000,1.0,"[[""11110100000"", 1.0]]","[""base"", ""front_chassis"", ""front_chassis_pin"", ""rear_chassis"", ""front_rear_chassis_pin""]","[""observed_label""]",observed_label,observed_label,11110100000,[],000917.jpg,917
10_assy_0_1,918,11110100000,1.0,"[[""11110100000"", 1.0]]","[""base"", ""front_chassis"", ""front_chassis_pin"", ""rear_chassis"", ""front_rear_chassis_pin""]","[""observed_label""]",observed_label,observed_label,11110100000,[],000918.jpg,918
10_assy_0_1,919,11110100000,1.0,"[[""11110100000"", 1.0]]","[""base"", ""front_chassis"", ""front_chassis_pin"", ""rear_chassis"", ""front_rear_chassis_pin""]","[""observed_label""]",observed_label,observed_label,11110100000,[],000919.jpg,919
10_assy_0_1,920,11110100000,1.0,"[[""11110100000"", 1.0]]","[""base"", ""front_chassis"", ""front_chassis_pin"", ""rear_chassis"", ""front_rear_chassis_pin""]","[""observed_label""]",observed_label,observed_label,11110100000,[],000920.jpg,920
10_assy_0_1,921,11110100000,1.0,"[[""11110100000"", 1.0]]","[""base"", ""front_chassis"", ""front_chassis_pin"", ""rear_chassis"", ""front_rear_chassis_pin""]","[""observed_label""]",observed_label,observed_label,11110100000,[],000921.jpg,921
10_assy_0_1,922,11110100000,1.0,"[[""11110100000"", 1.0]]","[""base"", ""front_chassis"", ""front_chassis_pin"", ""rear_chassis"", ""front_rear_chassis_pin""]","[""observed_label""]",observed_label,observed_label,11110100000,[],000922.jpg,922
10_assy_0_1,923,11110100000,1.0,"[[""11110100000"", 1.0]]","[""base"", ""front_chassis"", ""front_chassis_pin"", ""rear_chassis"", ""front_rear_chassis_pin""]","[""observed_label""]",observed_label,observed_label,11110100000,[],000923.jpg,923
10_assy_0_1,924,11110100000,1.0,"[[""11110100000"", 1.0]]","[""base"", ""front_chassis"", ""front_chassis_pin"", ""rear_chassis"", ""front_rear_chassis_pin""]","[""observed_label""]",observed_label,observed_label,11110100000,[],000924.jpg,924
10_assy_0_1,925,11110100000,1.0,"[[""11110100000"", 1.0]]","[""base"", ""front_chassis"", ""front_chassis_pin"", ""rear_chassis"", ""front_rear_chassis_pin""]","[""observed_label""]",observed_label,observed_label,11110100000,[],000925.jpg,925
10_assy_0_1,926,11110100000,1.0,"[[""11110100000"", 1.0]]","[""base"", ""front_chassis"", ""front_chassis_pin"", ""rear_chassis"", ""front_rear_chassis_pin""]","[""observed_label""]",observed_label,observed_label,11110100000,[],000926.jpg,926
10_assy_0_1,927,11110100000,1.0,"[[""11110100000"", 1.0]]","[""base"", ""front_chassis"", ""front_chassis_pin"", ""rear_chassis"", ""front_rear_chassis_pin""]","[""observed_label""]",observed_label,observed_label,11110100000,[],000927.jpg,927
10_assy_0_1,928,11110100000,1.0,"[[""11110100000"", 1.0]]","[""base"", ""front_chassis"", ""front_chassis_pin"", ""rear_chassis"", ""front_rear_chassis_pin""]","[""observed_label""]",observed_label,observed_label,11110100000,[],000928.jpg,928
10_assy_0_1,929,11110100000,1.0,"[[""11110100000"", 1.0]]","[""base"", ""front_chassis"", ""front_chassis_pin"", ""rear_chassis"", ""front_rear_chassis_pin""]","[""observed_label""]",observed_label,observed_label,11110100000,[],000929.jpg,929
10_assy_0_1,930,11110100000,0.97,"[[""11110100000"", 0.97]]","[""base"", ""front_chassis"", ""front_chassis_pin"", ""rear_chassis"", ""front_rear_chassis_pin""]","[""carried_forward_state""]",carried_forward_state,carried_forward_state,11110100000,[],000930.jpg,
10_assy_0_1,931,11110100000,0.97,"[[""11110100000"", 0.97]]","[""base"", ""front_chassis"", ""front_chassis_pin"", ""rear_chassis"", ""front_rear_chassis_pin""]","[""carried_forward_state""]",carried_forward_state,carried_forward_state,11110100000,[],000931.jpg,
10_assy_0_1,932,11110100000,0.97,"[[""11110100000"", 0.97]]","[""base"", ""front_chassis"", ""front_chassis_pin"", ""rear_chassis"", ""front_rear_chassis_pin""]","[""carried_forward_state""]",carried_forward_state,carried_forward_state,11110100000,[],000932.jpg,
10_assy_0_1,933,11110100000,0.97,"[[""11110100000"", 0.97]]","[""base"", ""front_chassis"", ""front_chassis_pin"", ""rear_chassis"", ""front_rear_chassis_pin""]","[""carried_forward_state""]",carried_forward_state,carried_forward_state,11110100000,[],000933.jpg,
10_assy_0_1,934,11110100000,0.97,"[[""11110100000"", 0.97]]","[""base"", ""front_chassis"", ""front_chassis_pin"", ""rear_chassis"", ""front_rear_chassis_pin""]","[""carried_forward_state""]",carried_forward_state,carried_forward_state,11110100000,[],000934.jpg,
10_assy_0_1,935,11110100000,0.97,"[[""11110100000"", 0.97]]","[""base"", ""front_chassis"", ""front_chassis_pin"", ""rear_chassis"", ""front_rear_chassis_pin""]","[""carried_forward_state""]",carried_forward_state,carried_forward_state,11110100000,[],000935.jpg,
10_assy_0_1,936,11110100000,0.97,"[[""11110100000"", 0.97]]","[""base"", ""front_chassis"", ""front_chassis_pin"", ""rear_chassis"", ""front_rear_chassis_pin""]","[""carried_forward_state""]",carried_forward_state,carried_forward_state,11110100000,[],000936.jpg,
10_assy_0_1,937,11110100000,0.97,"[[""11110100000"", 0.97]]","[""base"", ""front_chassis"", ""front_chassis_pin"", ""rear_chassis"", ""front_rear_chassis_pin""]","[""carried_forward_state""]",carried_forward_state,carried_forward_state,11110100000,[],000937.jpg,
10_assy_0_1,938,11110100000,0.97,"[[""11110100000"", 0.97]]","[""base"", ""front_chassis"", ""front_chassis_pin"", ""rear_chassis"", ""front_rear_chassis_pin""]","[""carried_forward_state""]",carried_forward_state,carried_forward_state,11110100000,[],000938.jpg,
10_assy_0_1,939,11110100000,0.97,"[[""11110100000"", 0.97]]","[""base"", ""front_chassis"", ""front_chassis_pin"", ""rear_chassis"", ""front_rear_chassis_pin""]","[""carried_forward_state""]",carried_forward_state,carried_forward_state,11110100000,[],000939.jpg,
10_assy_0_1,940,11110100000,0.97,"[[""11110100000"", 0.97]]","[""base"", ""front_chassis"", ""front_chassis_pin"", ""rear_chassis"", ""front_rear_chassis_pin""]","[""carried_forward_state""]",carried_forward_state,carried_forward_state,11110100000,[],000940.jpg,
10_assy_0_1,941,11110100000,0.97,"[[""11110100000"", 0.97]]","[""base"", ""front_chassis"", ""front_chassis_pin"", ""rear_chassis"", ""front_rear_chassis_pin""]","[""carried_forward_state""]",carried_forward_state,carried_forward_state,11110100000,[],000941.jpg,
10_assy_0_1,942,11110100000,0.97,"[[""11110100000"", 0.97]]","[""base"", ""front_chassis"", ""front_chassis_pin"", ""rear_chassis"", ""front_rear_chassis_pin""]","[""carried_forward_state""]",carried_forward_state,carried_forward_state,11110100000,[],000942.jpg,
10_assy_0_1,943,11110100000,0.97,"[[""11110100000"", 0.97]]","[""base"", ""front_chassis"", ""front_chassis_pin"", ""rear_chassis"", ""front_rear_chassis_pin""]","[""carried_forward_state""]",carried_forward_state,carried_forward_state,11110100000,[],000943.jpg,
10_assy_0_1,944,11110100000,0.97,"[[""11110100000"", 0.97]]","[""base"", ""front_chassis"", ""front_chassis_pin"", ""rear_chassis"", ""front_rear_chassis_pin""]","[""carried_forward_state""]",carried_forward_state,carried_forward_state,11110100000,[],000944.jpg,
10_assy_0_1,945,11110100000,0.97,"[[""11110100000"", 0.97]]","[""base"", ""front_chassis"", ""front_chassis_pin"", ""rear_chassis"", ""front_rear_chassis_pin""]","[""carried_forward_state""]",carried_forward_state,carried_forward_state,11110100000,[],000945.jpg,
10_assy_0_1,946,11110100000,0.97,"[[""11110100000"", 0.97]]","[""base"", ""front_chassis"", ""front_chassis_pin"", ""rear_chassis"", ""front_rear_chassis_pin""]","[""carried_forward_state""]",carried_forward_state,carried_forward_state,11110100000,[],000946.jpg,
10_assy_0_1,947,11110100000,0.97,"[[""11110100000"", 0.97]]","[""base"", ""front_chassis"", ""front_chassis_pin"", ""rear_chassis"", ""front_rear_chassis_pin""]","[""carried_forward_state""]",carried_forward_state,carried_forward_state,11110100000,[],000947.jpg,
10_assy_0_1,948,11110100000,0.97,"[[""11110100000"", 0.97]]","[""base"", ""front_chassis"", ""front_chassis_pin"", ""rear_chassis"", ""front_rear_chassis_pin""]","[""carried_forward_state""]",carried_forward_state,carried_forward_state,11110100000,[],000948.jpg,
10_assy_0_1,949,11110100000,0.97,"[[""11110100000"", 0.97]]","[""base"", ""front_chassis"", ""front_chassis_pin"", ""rear_chassis"", ""front_rear_chassis_pin""]","[""carried_forward_state""]",carried_forward_state,carried_forward_state,11110100000,[],000949.jpg,
10_assy_0_1,950,11110100000,0.97,"[[""11110100000"", 0.97]]","[""base"", ""front_chassis"", ""front_chassis_pin"", ""rear_chassis"", ""front_rear_chassis_pin""]","[""carried_forward_state""]",carried_forward_state,carried_forward_state,11110100000,[],000950.jpg,
10_assy_0_1,951,11110100000,0.97,"[[""11110100000"", 0.97]]","[""base"", ""front_chassis"", ""front_chassis_pin"", ""rear_chassis"", ""front_rear_chassis_pin""]","[""carried_forward_state""]",carried_forward_state,carried_forward_state,11110100000,[],000951.jpg,
10_assy_0_1,952,11110100000,0.97,"[[""11110100000"", 0.97]]","[""base"", ""front_chassis"", ""front_chassis_pin"", ""rear_chassis"", ""front_rear_chassis_pin""]","[""carried_forward_state""]",carried_forward_state,carried_forward_state,11110100000,[],000952.jpg,
10_assy_0_1,953,11110100000,0.97,"[[""11110100000"", 0.97]]","[""base"", ""front_chassis"", ""front_chassis_pin"", ""rear_chassis"", ""front_rear_chassis_pin""]","[""carried_forward_state""]",carried_forward_state,carried_forward_state,11110100000,[],000953.jpg,
10_assy_0_1,954,11110100000,0.97,"[[""11110100000"", 0.97]]","[""base"", ""front_chassis"", ""front_chassis_pin"", ""rear_chassis"", ""front_rear_chassis_pin""]","[""carried_forward_state""]",carried_forward_state,carried_forward_state,11110100000,[],000954.jpg,
10_assy_0_1,955,11110100000,0.97,"[[""11110100000"", 0.97]]","[""base"", ""front_chassis"", ""front_chassis_pin"", ""rear_chassis"", ""front_rear_chassis_pin""]","[""carried_forward_state""]",carried_forward_state,carried_forward_state,11110100000,[],000955.jpg,
10_assy_0_1,956,11110100000,0.97,"[[""11110100000"", 0.97]]","[""base"", ""front_chassis"", ""front_chassis_pin"", ""rear_chassis"", ""front_rear_chassis_pin""]","[""carried_forward_state""]",carried_forward_state,carried_forward_state,11110100000,[],000956.jpg,
10_assy_0_1,957,11110100000,0.97,"[[""11110100000"", 0.97]]","[""base"", ""front_chassis"", ""front_chassis_pin"", ""rear_chassis"", ""front_rear_chassis_pin""]","[""carried_forward_state""]",carried_forward_state,carried_forward_state,11110100000,[],000957.jpg,
10_assy_0_1,958,11110100000,0.97,"[[""11110100000"", 0.97]]","[""base"", ""front_chassis"", ""front_chassis_pin"", ""rear_chassis"", ""front_rear_chassis_pin""]","[""carried_forward_state""]",carried_forward_state,carried_forward_state,11110100000,[],000958.jpg,
10_assy_0_1,959,11110100000,0.97,"[[""11110100000"", 0.97]]","[""base"", ""front_chassis"", ""front_chassis_pin"", ""rear_chassis"", ""front_rear_chassis_pin""]","[""carried_forward_state""]",carried_forward_state,carried_forward_state,11110100000,[],000959.jpg,
10_assy_0_1,960,11110100000,0.97,"[[""11110100000"", 0.97]]","[""base"", ""front_chassis"", ""front_chassis_pin"", ""rear_chassis"", ""front_rear_chassis_pin""]","[""carried_forward_state""]",carried_forward_state,carried_forward_state,11110100000,[],000960.jpg,
10_assy_0_1,961,11110100000,0.97,"[[""11110100000"", 0.97]]","[""base"", ""front_chassis"", ""front_chassis_pin"", ""rear_chassis"", ""front_rear_chassis_pin""]","[""carried_forward_state""]",carried_forward_state,carried_forward_state,11110100000,[],000961.jpg,
10_assy_0_1,962,11110100000,0.97,"[[""11110100000"", 0.97]]","[""base"", ""front_chassis"", ""front_chassis_pin"", ""rear_chassis"", ""front_rear_chassis_pin""]","[""carried_forward_state""]",carried_forward_state,carried_forward_state,11110100000,[],000962.jpg,
10_assy_0_1,963,11110100000,0.97,"[[""11110100000"", 0.97]]","[""base"", ""front_chassis"", ""front_chassis_pin"", ""rear_chassis"", ""front_rear_chassis_pin""]","[""carried_forward_state""]",carried_forward_state,carried_forward_state,11110100000,[],000963.jpg,
10_assy_0_1,964,11110100000,0.97,"[[""11110100000"", 0.97]]","[""base"", ""front_chassis"", ""front_chassis_pin"", ""rear_chassis"", ""front_rear_chassis_pin""]","[""carried_forward_state""]",carried_forward_state,carried_forward_state,11110100000,[],000964.jpg,
10_assy_0_1,965,11110100000,0.97,"[[""11110100000"", 0.97]]","[""base"", ""front_chassis"", ""front_chassis_pin"", ""rear_chassis"", ""front_rear_chassis_pin""]","[""carried_forward_state""]",carried_forward_state,carried_forward_state,11110100000,[],000965.jpg,
10_assy_0_1,966,11110100000,0.97,"[[""11110100000"", 0.97]]","[""base"", ""front_chassis"", ""front_chassis_pin"", ""rear_chassis"", ""front_rear_chassis_pin""]","[""carried_forward_state""]",carried_forward_state,carried_forward_state,11110100000,[],000966.jpg,
10_assy_0_1,967,11110100000,0.97,"[[""11110100000"", 0.97]]","[""base"", ""front_chassis"", ""front_chassis_pin"", ""rear_chassis"", ""front_rear_chassis_pin""]","[""carried_forward_state""]",carried_forward_state,carried_forward_state,11110100000,[],000967.jpg,
10_assy_0_1,968,11110100000,0.97,"[[""11110100000"", 0.97]]","[""base"", ""front_chassis"", ""front_chassis_pin"", ""rear_chassis"", ""front_rear_chassis_pin""]","[""carried_forward_state""]",carried_forward_state,carried_forward_state,11110100000,[],000968.jpg,
10_assy_0_1,969,11110100000,0.97,"[[""11110100000"", 0.97]]","[""base"", ""front_chassis"", ""front_chassis_pin"", ""rear_chassis"", ""front_rear_chassis_pin""]","[""carried_forward_state""]",carried_forward_state,carried_forward_state,11110100000,[],000969.jpg,
10_assy_0_1,970,11110100000,0.97,"[[""11110100000"", 0.97]]","[""base"", ""front_chassis"", ""front_chassis_pin"", ""rear_chassis"", ""front_rear_chassis_pin""]","[""carried_forward_state""]",carried_forward_state,carried_forward_state,11110100000,[],000970.jpg,
10_assy_0_1,971,11110100000,0.97,"[[""11110100000"", 0.97]]","[""base"", ""front_chassis"", ""front_chassis_pin"", ""rear_chassis"", ""front_rear_chassis_pin""]","[""carried_forward_state""]",carried_forward_state,carried_forward_state,11110100000,[],000971.jpg,
10_assy_0_1,972,11110100000,0.97,"[[""11110100000"", 0.97]]","[""base"", ""front_chassis"", ""front_chassis_pin"", ""rear_chassis"", ""front_rear_chassis_pin""]","[""carried_forward_state""]",carried_forward_state,carried_forward_state,11110100000,[],000972.jpg,
10_assy_0_1,973,11110100000,0.97,"[[""11110100000"", 0.97]]","[""base"", ""front_chassis"", ""front_chassis_pin"", ""rear_chassis"", ""front_rear_chassis_pin""]","[""carried_forward_state""]",carried_forward_state,carried_forward_state,11110100000,[],000973.jpg,
10_assy_0_1,974,11110100000,0.97,"[[""11110100000"", 0.97]]","[""base"", ""front_chassis"", ""front_chassis_pin"", ""rear_chassis"", ""front_rear_chassis_pin""]","[""carried_forward_state""]",carried_forward_state,carried_forward_state,11110100000,[],000974.jpg,
10_assy_0_1,975,11110100000,0.97,"[[""11110100000"", 0.97]]","[""base"", ""front_chassis"", ""front_chassis_pin"", ""rear_chassis"", ""front_rear_chassis_pin""]","[""carried_forward_state""]",carried_forward_state,carried_forward_state,11110100000,[],000975.jpg,
10_assy_0_1,976,11110100000,0.97,"[[""11110100000"", 0.97]]","[""base"", ""front_chassis"", ""front_chassis_pin"", ""rear_chassis"", ""front_rear_chassis_pin""]","[""carried_forward_state""]",carried_forward_state,carried_forward_state,11110100000,[],000976.jpg,
10_assy_0_1,977,11110100000,0.97,"[[""11110100000"", 0.97]]","[""base"", ""front_chassis"", ""front_chassis_pin"", ""rear_chassis"", ""front_rear_chassis_pin""]","[""carried_forward_state""]",carried_forward_state,carried_forward_state,11110100000,[],000977.jpg,
10_assy_0_1,978,11110100000,0.97,"[[""11110100000"", 0.97]]","[""base"", ""front_chassis"", ""front_chassis_pin"", ""rear_chassis"", ""front_rear_chassis_pin""]","[""carried_forward_state""]",carried_forward_state,carried_forward_state,11110100000,[],000978.jpg,
10_assy_0_1,979,11110100000,0.97,"[[""11110100000"", 0.97]]","[""base"", ""front_chassis"", ""front_chassis_pin"", ""rear_chassis"", ""front_rear_chassis_pin""]","[""carried_forward_state""]",carried_forward_state,carried_forward_state,11110100000,[],000979.jpg,
10_assy_0_1,980,11110100000,0.97,"[[""11110100000"", 0.97]]","[""base"", ""front_chassis"", ""front_chassis_pin"", ""rear_chassis"", ""front_rear_chassis_pin""]","[""carried_forward_state""]",carried_forward_state,carried_forward_state,11110100000,[],000980.jpg,
10_assy_0_1,981,11110100000,0.97,"[[""11110100000"", 0.97]]","[""base"", ""front_chassis"", ""front_chassis_pin"", ""rear_chassis"", ""front_rear_chassis_pin""]","[""carried_forward_state""]",carried_forward_state,carried_forward_state,11110100000,[],000981.jpg,
10_assy_0_1,982,11110100000,0.97,"[[""11110100000"", 0.97]]","[""base"", ""front_chassis"", ""front_chassis_pin"", ""rear_chassis"", ""front_rear_chassis_pin""]","[""carried_forward_state""]",carried_forward_state,carried_forward_state,11110100000,[],000982.jpg,
10_assy_0_1,983,11110100000,0.97,"[[""11110100000"", 0.97]]","[""base"", ""front_chassis"", ""front_chassis_pin"", ""rear_chassis"", ""front_rear_chassis_pin""]","[""carried_forward_state""]",carried_forward_state,carried_forward_state,11110100000,[],000983.jpg,
10_assy_0_1,984,11110100000,0.97,"[[""11110100000"", 0.97]]","[""base"", ""front_chassis"", ""front_chassis_pin"", ""rear_chassis"", ""front_rear_chassis_pin""]","[""carried_forward_state""]",carried_forward_state,carried_forward_state,11110100000,[],000984.jpg,
10_assy_0_1,985,11110100000,0.97,"[[""11110100000"", 0.97]]","[""base"", ""front_chassis"", ""front_chassis_pin"", ""rear_chassis"", ""front_rear_chassis_pin""]","[""carried_forward_state""]",carried_forward_state,carried_forward_state,11110100000,[],000985.jpg,
10_assy_0_1,986,11110100000,0.97,"[[""11110100000"", 0.97]]","[""base"", ""front_chassis"", ""front_chassis_pin"", ""rear_chassis"", ""front_rear_chassis_pin""]","[""carried_forward_state""]",carried_forward_state,carried_forward_state,11110100000,[],000986.jpg,
10_assy_0_1,987,11110100000,0.97,"[[""11110100000"", 0.97]]","[""base"", ""front_chassis"", ""front_chassis_pin"", ""rear_chassis"", ""front_rear_chassis_pin""]","[""carried_forward_state""]",carried_forward_state,carried_forward_state,11110100000,[],000987.jpg,
10_assy_0_1,988,11110100000,0.97,"[[""11110100000"", 0.97]]","[""base"", ""front_chassis"", ""front_chassis_pin"", ""rear_chassis"", ""front_rear_chassis_pin""]","[""carried_forward_state""]",carried_forward_state,carried_forward_state,11110100000,[],000988.jpg,
10_assy_0_1,989,11110100000,0.97,"[[""11110100000"", 0.97]]","[""base"", ""front_chassis"", ""front_chassis_pin"", ""rear_chassis"", ""front_rear_chassis_pin""]","[""carried_forward_state""]",carried_forward_state,carried_forward_state,11110100000,[],000989.jpg,
10_assy_0_1,990,11110100000,0.97,"[[""11110100000"", 0.97]]","[""base"", ""front_chassis"", ""front_chassis_pin"", ""rear_chassis"", ""front_rear_chassis_pin""]","[""carried_forward_state""]",carried_forward_state,carried_forward_state,11110100000,[],000990.jpg,
10_assy_0_1,991,11110100000,0.97,"[[""11110100000"", 0.97]]","[""base"", ""front_chassis"", ""front_chassis_pin"", ""rear_chassis"", ""front_rear_chassis_pin""]","[""carried_forward_state""]",carried_forward_state,carried_forward_state,11110100000,[],000991.jpg,
10_assy_0_1,992,11110100000,0.97,"[[""11110100000"", 0.97]]","[""base"", ""front_chassis"", ""front_chassis_pin"", ""rear_chassis"", ""front_rear_chassis_pin""]","[""carried_forward_state""]",carried_forward_state,carried_forward_state,11110100000,[],000992.jpg,
10_assy_0_1,993,11110100000,0.97,"[[""11110100000"", 0.97]]","[""base"", ""front_chassis"", ""front_chassis_pin"", ""rear_chassis"", ""front_rear_chassis_pin""]","[""carried_forward_state""]",carried_forward_state,carried_forward_state,11110100000,[],000993.jpg,
10_assy_0_1,994,11110100000,0.97,"[[""11110100000"", 0.97]]","[""base"", ""front_chassis"", ""front_chassis_pin"", ""rear_chassis"", ""front_rear_chassis_pin""]","[""carried_forward_state""]",carried_forward_state,carried_forward_state,11110100000,[],000994.jpg,
10_assy_0_1,995,11110100000,0.97,"[[""11110100000"", 0.97]]","[""base"", ""front_chassis"", ""front_chassis_pin"", ""rear_chassis"", ""front_rear_chassis_pin""]","[""carried_forward_state""]",carried_forward_state,carried_forward_state,11110100000,[],000995.jpg,
10_assy_0_1,996,11110100000,0.97,"[[""11110100000"", 0.97]]","[""base"", ""front_chassis"", ""front_chassis_pin"", ""rear_chassis"", ""front_rear_chassis_pin""]","[""carried_forward_state""]",carried_forward_state,carried_forward_state,11110100000,[],000996.jpg,
10_assy_0_1,997,11110100000,0.97,"[[""11110100000"", 0.97]]","[""base"", ""front_chassis"", ""front_chassis_pin"", ""rear_chassis"", ""front_rear_chassis_pin""]","[""carried_forward_state""]",carried_forward_state,carried_forward_state,11110100000,[],000997.jpg,
10_assy_0_1,998,11110100000,0.97,"[[""11110100000"", 0.97]]","[""base"", ""front_chassis"", ""front_chassis_pin"", ""rear_chassis"", ""front_rear_chassis_pin""]","[""carried_forward_state""]",carried_forward_state,carried_forward_state,11110100000,[],000998.jpg,
10_assy_0_1,999,11110100000,0.97,"[[""11110100000"", 0.97]]","[""base"", ""front_chassis"", ""front_chassis_pin"", ""rear_chassis"", ""front_rear_chassis_pin""]","[""carried_forward_state""]",carried_forward_state,carried_forward_state,11110100000,[],000999.jpg,
10_assy_0_1,1000,11110100000,0.97,"[[""11110100000"", 0.97]]","[""base"", ""front_chassis"", ""front_chassis_pin"", ""rear_chassis"", ""front_rear_chassis_pin""]","[""carried_forward_state""]",carried_forward_state,carried_forward_state,11110100000,[],001000.jpg,
10_assy_0_1,1001,11110100000,0.97,"[[""11110100000"", 0.97]]","[""base"", ""front_chassis"", ""front_chassis_pin"", ""rear_chassis"", ""front_rear_chassis_pin""]","[""carried_forward_state""]",carried_forward_state,carried_forward_state,11110100000,[],001001.jpg,
10_assy_0_1,1002,11110100000,0.97,"[[""11110100000"", 0.97]]","[""base"", ""front_chassis"", ""front_chassis_pin"", ""rear_chassis"", ""front_rear_chassis_pin""]","[""carried_forward_state""]",carried_forward_state,carried_forward_state,11110100000,[],001002.jpg,
10_assy_0_1,1003,11110100000,0.97,"[[""11110100000"", 0.97]]","[""base"", ""front_chassis"", ""front_chassis_pin"", ""rear_chassis"", ""front_rear_chassis_pin""]","[""carried_forward_state""]",carried_forward_state,carried_forward_state,11110100000,[],001003.jpg,
10_assy_0_1,1004,11110100000,0.97,"[[""11110100000"", 0.97]]","[""base"", ""front_chassis"", ""front_chassis_pin"", ""rear_chassis"", ""front_rear_chassis_pin""]","[""carried_forward_state""]",carried_forward_state,carried_forward_state,11110100000,[],001004.jpg,
10_assy_0_1,1005,11110100000,0.97,"[[""11110100000"", 0.97]]","[""base"", ""front_chassis"", ""front_chassis_pin"", ""rear_chassis"", ""front_rear_chassis_pin""]","[""carried_forward_state""]",carried_forward_state,carried_forward_state,11110100000,[],001005.jpg,
10_assy_0_1,1006,11110100000,0.97,"[[""11110100000"", 0.97]]","[""base"", ""front_chassis"", ""front_chassis_pin"", ""rear_chassis"", ""front_rear_chassis_pin""]","[""carried_forward_state""]",carried_forward_state,carried_forward_state,11110100000,[],001006.jpg,
10_assy_0_1,1007,11110100000,0.97,"[[""11110100000"", 0.97]]","[""base"", ""front_chassis"", ""front_chassis_pin"", ""rear_chassis"", ""front_rear_chassis_pin""]","[""carried_forward_state""]",carried_forward_state,carried_forward_state,11110100000,[],001007.jpg,
10_assy_0_1,1008,11110100000,0.97,"[[""11110100000"", 0.97]]","[""base"", ""front_chassis"", ""front_chassis_pin"", ""rear_chassis"", ""front_rear_chassis_pin""]","[""carried_forward_state""]",carried_forward_state,carried_forward_state,11110100000,[],001008.jpg,
10_assy_0_1,1009,11110100000,0.97,"[[""11110100000"", 0.97]]","[""base"", ""front_chassis"", ""front_chassis_pin"", ""rear_chassis"", ""front_rear_chassis_pin""]","[""carried_forward_state""]",carried_forward_state,carried_forward_state,11110100000,[],001009.jpg,
10_assy_0_1,1010,11110100000,0.97,"[[""11110100000"", 0.97]]","[""base"", ""front_chassis"", ""front_chassis_pin"", ""rear_chassis"", ""front_rear_chassis_pin""]","[""carried_forward_state""]",carried_forward_state,carried_forward_state,11110100000,[],001010.jpg,
10_assy_0_1,1011,11110100000,0.97,"[[""11110100000"", 0.97]]","[""base"", ""front_chassis"", ""front_chassis_pin"", ""rear_chassis"", ""front_rear_chassis_pin""]","[""carried_forward_state""]",carried_forward_state,carried_forward_state,11110100000,[],001011.jpg,
10_assy_0_1,1012,11110100000,0.97,"[[""11110100000"", 0.97]]","[""base"", ""front_chassis"", ""front_chassis_pin"", ""rear_chassis"", ""front_rear_chassis_pin""]","[""carried_forward_state""]",carried_forward_state,carried_forward_state,11110100000,[],001012.jpg,
10_assy_0_1,1013,11110100000,0.97,"[[""11110100000"", 0.97]]","[""base"", ""front_chassis"", ""front_chassis_pin"", ""rear_chassis"", ""front_rear_chassis_pin""]","[""carried_forward_state""]",carried_forward_state,carried_forward_state,11110100000,[],001013.jpg,
10_assy_0_1,1014,11110100000,0.97,"[[""11110100000"", 0.97]]","[""base"", ""front_chassis"", ""front_chassis_pin"", ""rear_chassis"", ""front_rear_chassis_pin""]","[""carried_forward_state""]",carried_forward_state,carried_forward_state,11110100000,[],001014.jpg,
10_assy_0_1,1015,11110100000,0.97,"[[""11110100000"", 0.97]]","[""base"", ""front_chassis"", ""front_chassis_pin"", ""rear_chassis"", ""front_rear_chassis_pin""]","[""carried_forward_state""]",carried_forward_state,carried_forward_state,11110100000,[],001015.jpg,
10_assy_0_1,1016,11110100000,0.97,"[[""11110100000"", 0.97]]","[""base"", ""front_chassis"", ""front_chassis_pin"", ""rear_chassis"", ""front_rear_chassis_pin""]","[""carried_forward_state""]",carried_forward_state,carried_forward_state,11110100000,[],001016.jpg,
10_assy_0_1,1017,11110100000,0.97,"[[""11110100000"", 0.97]]","[""base"", ""front_chassis"", ""front_chassis_pin"", ""rear_chassis"", ""front_rear_chassis_pin""]","[""carried_forward_state""]",carried_forward_state,carried_forward_state,11110100000,[],001017.jpg,
10_assy_0_1,1018,11110100000,0.97,"[[""11110100000"", 0.97]]","[""base"", ""front_chassis"", ""front_chassis_pin"", ""rear_chassis"", ""front_rear_chassis_pin""]","[""carried_forward_state""]",carried_forward_state,carried_forward_state,11110100000,[],001018.jpg,
10_assy_0_1,1019,11110100000,0.97,"[[""11110100000"", 0.97]]","[""base"", ""front_chassis"", ""front_chassis_pin"", ""rear_chassis"", ""front_rear_chassis_pin""]","[""carried_forward_state""]",carried_forward_state,carried_forward_state,11110100000,[],001019.jpg,
10_assy_0_1,1020,11110100000,0.97,"[[""11110100000"", 0.97]]","[""base"", ""front_chassis"", ""front_chassis_pin"", ""rear_chassis"", ""front_rear_chassis_pin""]","[""carried_forward_state""]",carried_forward_state,carried_forward_state,11110100000,[],001020.jpg,
10_assy_0_1,1021,11110100000,0.97,"[[""11110100000"", 0.97]]","[""base"", ""front_chassis"", ""front_chassis_pin"", ""rear_chassis"", ""front_rear_chassis_pin""]","[""carried_forward_state""]",carried_forward_state,carried_forward_state,11110100000,[],001021.jpg,
10_assy_0_1,1022,11110100000,0.97,"[[""11110100000"", 0.97]]","[""base"", ""front_chassis"", ""front_chassis_pin"", ""rear_chassis"", ""front_rear_chassis_pin""]","[""carried_forward_state""]",carried_forward_state,carried_forward_state,11110100000,[],001022.jpg,
10_assy_0_1,1023,11110100000,0.97,"[[""11110100000"", 0.97]]","[""base"", ""front_chassis"", ""front_chassis_pin"", ""rear_chassis"", ""front_rear_chassis_pin""]","[""carried_forward_state""]",carried_forward_state,carried_forward_state,11110100000,[],001023.jpg,
10_assy_0_1,1024,11110100000,0.97,"[[""11110100000"", 0.97]]","[""base"", ""front_chassis"", ""front_chassis_pin"", ""rear_chassis"", ""front_rear_chassis_pin""]","[""carried_forward_state""]",carried_forward_state,carried_forward_state,11110100000,[],001024.jpg,
10_assy_0_1,1025,11110100000,0.97,"[[""11110100000"", 0.97]]","[""base"", ""front_chassis"", ""front_chassis_pin"", ""rear_chassis"", ""front_rear_chassis_pin""]","[""carried_forward_state""]",carried_forward_state,carried_forward_state,11110100000,[],001025.jpg,
10_assy_0_1,1026,11110100000,0.97,"[[""11110100000"", 0.97]]","[""base"", ""front_chassis"", ""front_chassis_pin"", ""rear_chassis"", ""front_rear_chassis_pin""]","[""carried_forward_state""]",carried_forward_state,carried_forward_state,11110100000,[],001026.jpg,
10_assy_0_1,1027,11110100000,0.97,"[[""11110100000"", 0.97]]","[""base"", ""front_chassis"", ""front_chassis_pin"", ""rear_chassis"", ""front_rear_chassis_pin""]","[""carried_forward_state""]",carried_forward_state,carried_forward_state,11110100000,[],001027.jpg,
10_assy_0_1,1028,11110100000,0.97,"[[""11110100000"", 0.97]]","[""base"", ""front_chassis"", ""front_chassis_pin"", ""rear_chassis"", ""front_rear_chassis_pin""]","[""carried_forward_state""]",carried_forward_state,carried_forward_state,11110100000,[],001028.jpg,
10_assy_0_1,1029,11110100000,0.97,"[[""11110100000"", 0.97]]","[""base"", ""front_chassis"", ""front_chassis_pin"", ""rear_chassis"", ""front_rear_chassis_pin""]","[""carried_forward_state""]",carried_forward_state,carried_forward_state,11110100000,[],001029.jpg,
10_assy_0_1,1030,11110100000,0.97,"[[""11110100000"", 0.97]]","[""base"", ""front_chassis"", ""front_chassis_pin"", ""rear_chassis"", ""front_rear_chassis_pin""]","[""carried_forward_state""]",carried_forward_state,carried_forward_state,11110100000,[],001030.jpg,
10_assy_0_1,1031,11110100000,0.97,"[[""11110100000"", 0.97]]","[""base"", ""front_chassis"", ""front_chassis_pin"", ""rear_chassis"", ""front_rear_chassis_pin""]","[""carried_forward_state""]",carried_forward_state,carried_forward_state,11110100000,[],001031.jpg,
10_assy_0_1,1032,11110100000,0.97,"[[""11110100000"", 0.97]]","[""base"", ""front_chassis"", ""front_chassis_pin"", ""rear_chassis"", ""front_rear_chassis_pin""]","[""carried_forward_state""]",carried_forward_state,carried_forward_state,11110100000,[],001032.jpg,
10_assy_0_1,1033,11110100000,0.97,"[[""11110100000"", 0.97]]","[""base"", ""front_chassis"", ""front_chassis_pin"", ""rear_chassis"", ""front_rear_chassis_pin""]","[""carried_forward_state""]",carried_forward_state,carried_forward_state,11110100000,[],001033.jpg,
10_assy_0_1,1034,11110100000,0.97,"[[""11110100000"", 0.97]]","[""base"", ""front_chassis"", ""front_chassis_pin"", ""rear_chassis"", ""front_rear_chassis_pin""]","[""carried_forward_state""]",carried_forward_state,carried_forward_state,11110100000,[],001034.jpg,
10_assy_0_1,1035,11110100000,0.97,"[[""11110100000"", 0.97]]","[""base"", ""front_chassis"", ""front_chassis_pin"", ""rear_chassis"", ""front_rear_chassis_pin""]","[""carried_forward_state""]",carried_forward_state,carried_forward_state,11110100000,[],001035.jpg,
10_assy_0_1,1036,11110100000,0.97,"[[""11110100000"", 0.97]]","[""base"", ""front_chassis"", ""front_chassis_pin"", ""rear_chassis"", ""front_rear_chassis_pin""]","[""carried_forward_state""]",carried_forward_state,carried_forward_state,11110100000,[],001036.jpg,
10_assy_0_1,1037,11110100000,0.97,"[[""11110100000"", 0.97]]","[""base"", ""front_chassis"", ""front_chassis_pin"", ""rear_chassis"", ""front_rear_chassis_pin""]","[""carried_forward_state""]",carried_forward_state,carried_forward_state,11110100000,[],001037.jpg,
10_assy_0_1,1038,11110100000,0.97,"[[""11110100000"", 0.97]]","[""base"", ""front_chassis"", ""front_chassis_pin"", ""rear_chassis"", ""front_rear_chassis_pin""]","[""carried_forward_state""]",carried_forward_state,carried_forward_state,11110100000,[],001038.jpg,
10_assy_0_1,1039,11110100000,0.97,"[[""11110100000"", 0.97]]","[""base"", ""front_chassis"", ""front_chassis_pin"", ""rear_chassis"", ""front_rear_chassis_pin""]","[""carried_forward_state""]",carried_forward_state,carried_forward_state,11110100000,[],001039.jpg,
10_assy_0_1,1040,11110100000,0.97,"[[""11110100000"", 0.97]]","[""base"", ""front_chassis"", ""front_chassis_pin"", ""rear_chassis"", ""front_rear_chassis_pin""]","[""carried_forward_state""]",carried_forward_state,carried_forward_state,11110100000,[],001040.jpg,
10_assy_0_1,1041,11110100000,0.97,"[[""11110100000"", 0.97]]","[""base"", ""front_chassis"", ""front_chassis_pin"", ""rear_chassis"", ""front_rear_chassis_pin""]","[""carried_forward_state""]",carried_forward_state,carried_forward_state,11110100000,[],001041.jpg,
10_assy_0_1,1042,11110100000,0.97,"[[""11110100000"", 0.97]]","[""base"", ""front_chassis"", ""front_chassis_pin"", ""rear_chassis"", ""front_rear_chassis_pin""]","[""carried_forward_state""]",carried_forward_state,carried_forward_state,11110100000,[],001042.jpg,
10_assy_0_1,1043,11110100000,0.97,"[[""11110100000"", 0.97]]","[""base"", ""front_chassis"", ""front_chassis_pin"", ""rear_chassis"", ""front_rear_chassis_pin""]","[""carried_forward_state""]",carried_forward_state,carried_forward_state,11110100000,[],001043.jpg,
10_assy_0_1,1044,11110100000,0.97,"[[""11110100000"", 0.97]]","[""base"", ""front_chassis"", ""front_chassis_pin"", ""rear_chassis"", ""front_rear_chassis_pin""]","[""carried_forward_state""]",carried_forward_state,carried_forward_state,11110100000,[],001044.jpg,
10_assy_0_1,1045,11110100000,0.97,"[[""11110100000"", 0.97]]","[""base"", ""front_chassis"", ""front_chassis_pin"", ""rear_chassis"", ""front_rear_chassis_pin""]","[""carried_forward_state""]",carried_forward_state,carried_forward_state,11110100000,[],001045.jpg,
10_assy_0_1,1046,11110100000,0.97,"[[""11110100000"", 0.97]]","[""base"", ""front_chassis"", ""front_chassis_pin"", ""rear_chassis"", ""front_rear_chassis_pin""]","[""carried_forward_state""]",carried_forward_state,carried_forward_state,11110100000,[],001046.jpg,
10_assy_0_1,1047,11110100000,0.97,"[[""11110100000"", 0.97]]","[""base"", ""front_chassis"", ""front_chassis_pin"", ""rear_chassis"", ""front_rear_chassis_pin""]","[""carried_forward_state""]",carried_forward_state,carried_forward_state,11110100000,[],001047.jpg,
10_assy_0_1,1048,11110100000,0.97,"[[""11110100000"", 0.97]]","[""base"", ""front_chassis"", ""front_chassis_pin"", ""rear_chassis"", ""front_rear_chassis_pin""]","[""carried_forward_state""]",carried_forward_state,carried_forward_state,11110100000,[],001048.jpg,
10_assy_0_1,1049,11110100000,0.97,"[[""11110100000"", 0.97]]","[""base"", ""front_chassis"", ""front_chassis_pin"", ""rear_chassis"", ""front_rear_chassis_pin""]","[""carried_forward_state""]",carried_forward_state,carried_forward_state,11110100000,[],001049.jpg,
10_assy_0_1,1050,11110100000,0.97,"[[""11110100000"", 0.97]]","[""base"", ""front_chassis"", ""front_chassis_pin"", ""rear_chassis"", ""front_rear_chassis_pin""]","[""carried_forward_state""]",carried_forward_state,carried_forward_state,11110100000,[],001050.jpg,
10_assy_0_1,1051,11110100000,0.97,"[[""11110100000"", 0.97]]","[""base"", ""front_chassis"", ""front_chassis_pin"", ""rear_chassis"", ""front_rear_chassis_pin""]","[""carried_forward_state""]",carried_forward_state,carried_forward_state,11110100000,[],001051.jpg,
10_assy_0_1,1052,11110100000,0.97,"[[""11110100000"", 0.97]]","[""base"", ""front_chassis"", ""front_chassis_pin"", ""rear_chassis"", ""front_rear_chassis_pin""]","[""carried_forward_state""]",carried_forward_state,carried_forward_state,11110100000,[],001052.jpg,
10_assy_0_1,1053,11110100000,0.97,"[[""11110100000"", 0.97]]","[""base"", ""front_chassis"", ""front_chassis_pin"", ""rear_chassis"", ""front_rear_chassis_pin""]","[""carried_forward_state""]",carried_forward_state,carried_forward_state,11110100000,[],001053.jpg,
10_assy_0_1,1054,11110100000,0.97,"[[""11110100000"", 0.97]]","[""base"", ""front_chassis"", ""front_chassis_pin"", ""rear_chassis"", ""front_rear_chassis_pin""]","[""carried_forward_state""]",carried_forward_state,carried_forward_state,11110100000,[],001054.jpg,
10_assy_0_1,1055,11110100000,0.97,"[[""11110100000"", 0.97]]","[""base"", ""front_chassis"", ""front_chassis_pin"", ""rear_chassis"", ""front_rear_chassis_pin""]","[""carried_forward_state""]",carried_forward_state,carried_forward_state,11110100000,[],001055.jpg,
10_assy_0_1,1056,11110100000,0.97,"[[""11110100000"", 0.97]]","[""base"", ""front_chassis"", ""front_chassis_pin"", ""rear_chassis"", ""front_rear_chassis_pin""]","[""carried_forward_state""]",carried_forward_state,carried_forward_state,11110100000,[],001056.jpg,
10_assy_0_1,1057,11110100000,0.97,"[[""11110100000"", 0.97]]","[""base"", ""front_chassis"", ""front_chassis_pin"", ""rear_chassis"", ""front_rear_chassis_pin""]","[""carried_forward_state""]",carried_forward_state,carried_forward_state,11110100000,[],001057.jpg,
10_assy_0_1,1058,11110100000,0.97,"[[""11110100000"", 0.97]]","[""base"", ""front_chassis"", ""front_chassis_pin"", ""rear_chassis"", ""front_rear_chassis_pin""]","[""carried_forward_state""]",carried_forward_state,carried_forward_state,11110100000,[],001058.jpg,
10_assy_0_1,1059,11110100000,0.97,"[[""11110100000"", 0.97]]","[""base"", ""front_chassis"", ""front_chassis_pin"", ""rear_chassis"", ""front_rear_chassis_pin""]","[""carried_forward_state""]",carried_forward_state,carried_forward_state,11110100000,[],001059.jpg,
10_assy_0_1,1060,11110100000,0.97,"[[""11110100000"", 0.97]]","[""base"", ""front_chassis"", ""front_chassis_pin"", ""rear_chassis"", ""front_rear_chassis_pin""]","[""carried_forward_state""]",carried_forward_state,carried_forward_state,11110100000,[],001060.jpg,
10_assy_0_1,1061,11110100000,0.97,"[[""11110100000"", 0.97]]","[""base"", ""front_chassis"", ""front_chassis_pin"", ""rear_chassis"", ""front_rear_chassis_pin""]","[""carried_forward_state""]",carried_forward_state,carried_forward_state,11110100000,[],001061.jpg,
10_assy_0_1,1062,11110100000,0.97,"[[""11110100000"", 0.97]]","[""base"", ""front_chassis"", ""front_chassis_pin"", ""rear_chassis"", ""front_rear_chassis_pin""]","[""carried_forward_state""]",carried_forward_state,carried_forward_state,11110100000,[],001062.jpg,
10_assy_0_1,1063,11110100000,0.97,"[[""11110100000"", 0.97]]","[""base"", ""front_chassis"", ""front_chassis_pin"", ""rear_chassis"", ""front_rear_chassis_pin""]","[""carried_forward_state""]",carried_forward_state,carried_forward_state,11110100000,[],001063.jpg,
10_assy_0_1,1064,11110100000,0.97,"[[""11110100000"", 0.97]]","[""base"", ""front_chassis"", ""front_chassis_pin"", ""rear_chassis"", ""front_rear_chassis_pin""]","[""carried_forward_state""]",carried_forward_state,carried_forward_state,11110100000,[],001064.jpg,
10_assy_0_1,1065,11110100000,0.97,"[[""11110100000"", 0.97]]","[""base"", ""front_chassis"", ""front_chassis_pin"", ""rear_chassis"", ""front_rear_chassis_pin""]","[""carried_forward_state""]",carried_forward_state,carried_forward_state,11110100000,[],001065.jpg,
10_assy_0_1,1066,11110100000,0.97,"[[""11110100000"", 0.97]]","[""base"", ""front_chassis"", ""front_chassis_pin"", ""rear_chassis"", ""front_rear_chassis_pin""]","[""carried_forward_state""]",carried_forward_state,carried_forward_state,11110100000,[],001066.jpg,
10_assy_0_1,1067,11110100000,0.97,"[[""11110100000"", 0.97]]","[""base"", ""front_chassis"", ""front_chassis_pin"", ""rear_chassis"", ""front_rear_chassis_pin""]","[""carried_forward_state""]",carried_forward_state,carried_forward_state,11110100000,[],001067.jpg,
10_assy_0_1,1068,11110100000,0.97,"[[""11110100000"", 0.97]]","[""base"", ""front_chassis"", ""front_chassis_pin"", ""rear_chassis"", ""front_rear_chassis_pin""]","[""carried_forward_state""]",carried_forward_state,carried_forward_state,11110100000,[],001068.jpg,
10_assy_0_1,1069,11110100000,0.97,"[[""11110100000"", 0.97]]","[""base"", ""front_chassis"", ""front_chassis_pin"", ""rear_chassis"", ""front_rear_chassis_pin""]","[""carried_forward_state""]",carried_forward_state,carried_forward_state,11110100000,[],001069.jpg,
10_assy_0_1,1070,11110100000,0.97,"[[""11110100000"", 0.97]]","[""base"", ""front_chassis"", ""front_chassis_pin"", ""rear_chassis"", ""front_rear_chassis_pin""]","[""carried_forward_state""]",carried_forward_state,carried_forward_state,11110100000,[],001070.jpg,
10_assy_0_1,1071,11110100000,0.97,"[[""11110100000"", 0.97]]","[""base"", ""front_chassis"", ""front_chassis_pin"", ""rear_chassis"", ""front_rear_chassis_pin""]","[""carried_forward_state""]",carried_forward_state,carried_forward_state,11110100000,[],001071.jpg,
10_assy_0_1,1072,11110100000,0.97,"[[""11110100000"", 0.97]]","[""base"", ""front_chassis"", ""front_chassis_pin"", ""rear_chassis"", ""front_rear_chassis_pin""]","[""carried_forward_state""]",carried_forward_state,carried_forward_state,11110100000,[],001072.jpg,
10_assy_0_1,1073,11110100000,0.97,"[[""11110100000"", 0.97]]","[""base"", ""front_chassis"", ""front_chassis_pin"", ""rear_chassis"", ""front_rear_chassis_pin""]","[""carried_forward_state""]",carried_forward_state,carried_forward_state,11110100000,[],001073.jpg,
10_assy_0_1,1074,11110100000,0.97,"[[""11110100000"", 0.97]]","[""base"", ""front_chassis"", ""front_chassis_pin"", ""rear_chassis"", ""front_rear_chassis_pin""]","[""carried_forward_state""]",carried_forward_state,carried_forward_state,11110100000,[],001074.jpg,
10_assy_0_1,1075,11110100000,0.97,"[[""11110100000"", 0.97]]","[""base"", ""front_chassis"", ""front_chassis_pin"", ""rear_chassis"", ""front_rear_chassis_pin""]","[""carried_forward_state""]",carried_forward_state,carried_forward_state,11110100000,[],001075.jpg,
10_assy_0_1,1076,11110100000,0.97,"[[""11110100000"", 0.97]]","[""base"", ""front_chassis"", ""front_chassis_pin"", ""rear_chassis"", ""front_rear_chassis_pin""]","[""carried_forward_state""]",carried_forward_state,carried_forward_state,11110100000,[],001076.jpg,
10_assy_0_1,1077,11110100000,0.97,"[[""11110100000"", 0.97]]","[""base"", ""front_chassis"", ""front_chassis_pin"", ""rear_chassis"", ""front_rear_chassis_pin""]","[""carried_forward_state""]",carried_forward_state,carried_forward_state,11110100000,[],001077.jpg,
10_assy_0_1,1078,11110100000,0.97,"[[""11110100000"", 0.97]]","[""base"", ""front_chassis"", ""front_chassis_pin"", ""rear_chassis"", ""front_rear_chassis_pin""]","[""carried_forward_state""]",carried_forward_state,carried_forward_state,11110100000,[],001078.jpg,
10_assy_0_1,1079,11110100000,0.97,"[[""11110100000"", 0.97]]","[""base"", ""front_chassis"", ""front_chassis_pin"", ""rear_chassis"", ""front_rear_chassis_pin""]","[""carried_forward_state""]",carried_forward_state,carried_forward_state,11110100000,[],001079.jpg,
10_assy_0_1,1080,11110100000,0.97,"[[""11110100000"", 0.97]]","[""base"", ""front_chassis"", ""front_chassis_pin"", ""rear_chassis"", ""front_rear_chassis_pin""]","[""carried_forward_state""]",carried_forward_state,carried_forward_state,11110100000,[],001080.jpg,
10_assy_0_1,1081,11110100000,0.97,"[[""11110100000"", 0.97]]","[""base"", ""front_chassis"", ""front_chassis_pin"", ""rear_chassis"", ""front_rear_chassis_pin""]","[""carried_forward_state""]",carried_forward_state,carried_forward_state,11110100000,[],001081.jpg,
10_assy_0_1,1082,11110100000,0.97,"[[""11110100000"", 0.97]]","[""base"", ""front_chassis"", ""front_chassis_pin"", ""rear_chassis"", ""front_rear_chassis_pin""]","[""carried_forward_state""]",carried_forward_state,carried_forward_state,11110100000,[],001082.jpg,
10_assy_0_1,1083,11110100000,0.97,"[[""11110100000"", 0.97]]","[""base"", ""front_chassis"", ""front_chassis_pin"", ""rear_chassis"", ""front_rear_chassis_pin""]","[""carried_forward_state""]",carried_forward_state,carried_forward_state,11110100000,[],001083.jpg,
10_assy_0_1,1084,11110100000,0.97,"[[""11110100000"", 0.97]]","[""base"", ""front_chassis"", ""front_chassis_pin"", ""rear_chassis"", ""front_rear_chassis_pin""]","[""carried_forward_state""]",carried_forward_state,carried_forward_state,11110100000,[],001084.jpg,
10_assy_0_1,1085,11110100000,0.97,"[[""11110100000"", 0.97]]","[""base"", ""front_chassis"", ""front_chassis_pin"", ""rear_chassis"", ""front_rear_chassis_pin""]","[""carried_forward_state""]",carried_forward_state,carried_forward_state,11110100000,[],001085.jpg,
10_assy_0_1,1086,11110100000,0.97,"[[""11110100000"", 0.97]]","[""base"", ""front_chassis"", ""front_chassis_pin"", ""rear_chassis"", ""front_rear_chassis_pin""]","[""carried_forward_state""]",carried_forward_state,carried_forward_state,11110100000,[],001086.jpg,
10_assy_0_1,1087,11110100000,0.97,"[[""11110100000"", 0.97]]","[""base"", ""front_chassis"", ""front_chassis_pin"", ""rear_chassis"", ""front_rear_chassis_pin""]","[""carried_forward_state""]",carried_forward_state,carried_forward_state,11110100000,[],001087.jpg,
10_assy_0_1,1088,11110100000,0.97,"[[""11110100000"", 0.97]]","[""base"", ""front_chassis"", ""front_chassis_pin"", ""rear_chassis"", ""front_rear_chassis_pin""]","[""carried_forward_state""]",carried_forward_state,carried_forward_state,11110100000,[],001088.jpg,
10_assy_0_1,1089,11110100000,0.97,"[[""11110100000"", 0.97]]","[""base"", ""front_chassis"", ""front_chassis_pin"", ""rear_chassis"", ""front_rear_chassis_pin""]","[""carried_forward_state""]",carried_forward_state,carried_forward_state,11110100000,[],001089.jpg,
10_assy_0_1,1090,11110100000,0.97,"[[""11110100000"", 0.97]]","[""base"", ""front_chassis"", ""front_chassis_pin"", ""rear_chassis"", ""front_rear_chassis_pin""]","[""carried_forward_state""]",carried_forward_state,carried_forward_state,11110100000,[],001090.jpg,
10_assy_0_1,1091,11110100000,0.97,"[[""11110100000"", 0.97]]","[""base"", ""front_chassis"", ""front_chassis_pin"", ""rear_chassis"", ""front_rear_chassis_pin""]","[""carried_forward_state""]",carried_forward_state,carried_forward_state,11110100000,[],001091.jpg,
10_assy_0_1,1092,11110100000,0.97,"[[""11110100000"", 0.97]]","[""base"", ""front_chassis"", ""front_chassis_pin"", ""rear_chassis"", ""front_rear_chassis_pin""]","[""carried_forward_state""]",carried_forward_state,carried_forward_state,11110100000,[],001092.jpg,
10_assy_0_1,1093,11110100000,0.97,"[[""11110100000"", 0.97]]","[""base"", ""front_chassis"", ""front_chassis_pin"", ""rear_chassis"", ""front_rear_chassis_pin""]","[""carried_forward_state""]",carried_forward_state,carried_forward_state,11110100000,[],001093.jpg,
10_assy_0_1,1094,11110100000,0.97,"[[""11110100000"", 0.97]]","[""base"", ""front_chassis"", ""front_chassis_pin"", ""rear_chassis"", ""front_rear_chassis_pin""]","[""carried_forward_state""]",carried_forward_state,carried_forward_state,11110100000,[],001094.jpg,
10_assy_0_1,1095,11110100000,0.97,"[[""11110100000"", 0.97]]","[""base"", ""front_chassis"", ""front_chassis_pin"", ""rear_chassis"", ""front_rear_chassis_pin""]","[""carried_forward_state""]",carried_forward_state,carried_forward_state,11110100000,[],001095.jpg,
10_assy_0_1,1096,11110100000,0.97,"[[""11110100000"", 0.97]]","[""base"", ""front_chassis"", ""front_chassis_pin"", ""rear_chassis"", ""front_rear_chassis_pin""]","[""carried_forward_state""]",carried_forward_state,carried_forward_state,11110100000,[],001096.jpg,
10_assy_0_1,1097,11110100000,0.97,"[[""11110100000"", 0.97]]","[""base"", ""front_chassis"", ""front_chassis_pin"", ""rear_chassis"", ""front_rear_chassis_pin""]","[""carried_forward_state""]",carried_forward_state,carried_forward_state,11110100000,[],001097.jpg,
10_assy_0_1,1098,11110100000,0.97,"[[""11110100000"", 0.97]]","[""base"", ""front_chassis"", ""front_chassis_pin"", ""rear_chassis"", ""front_rear_chassis_pin""]","[""carried_forward_state""]",carried_forward_state,carried_forward_state,11110100000,[],001098.jpg,
10_assy_0_1,1099,11110100000,0.97,"[[""11110100000"", 0.97]]","[""base"", ""front_chassis"", ""front_chassis_pin"", ""rear_chassis"", ""front_rear_chassis_pin""]","[""carried_forward_state""]",carried_forward_state,carried_forward_state,11110100000,[],001099.jpg,
10_assy_0_1,1100,11110100000,0.97,"[[""11110100000"", 0.97]]","[""base"", ""front_chassis"", ""front_chassis_pin"", ""rear_chassis"", ""front_rear_chassis_pin""]","[""carried_forward_state""]",carried_forward_state,carried_forward_state,11110100000,[],001100.jpg,
10_assy_0_1,1101,11110100000,0.97,"[[""11110100000"", 0.97]]","[""base"", ""front_chassis"", ""front_chassis_pin"", ""rear_chassis"", ""front_rear_chassis_pin""]","[""carried_forward_state""]",carried_forward_state,carried_forward_state,11110100000,[],001101.jpg,
10_assy_0_1,1102,11110100000,0.97,"[[""11110100000"", 0.97]]","[""base"", ""front_chassis"", ""front_chassis_pin"", ""rear_chassis"", ""front_rear_chassis_pin""]","[""carried_forward_state""]",carried_forward_state,carried_forward_state,11110100000,[],001102.jpg,
10_assy_0_1,1103,11110100000,0.97,"[[""11110100000"", 0.97]]","[""base"", ""front_chassis"", ""front_chassis_pin"", ""rear_chassis"", ""front_rear_chassis_pin""]","[""carried_forward_state""]",carried_forward_state,carried_forward_state,11110100000,[],001103.jpg,
10_assy_0_1,1104,11110100000,0.97,"[[""11110100000"", 0.97]]","[""base"", ""front_chassis"", ""front_chassis_pin"", ""rear_chassis"", ""front_rear_chassis_pin""]","[""carried_forward_state""]",carried_forward_state,carried_forward_state,11110100000,[],001104.jpg,
10_assy_0_1,1105,11110100000,0.97,"[[""11110100000"", 0.97]]","[""base"", ""front_chassis"", ""front_chassis_pin"", ""rear_chassis"", ""front_rear_chassis_pin""]","[""carried_forward_state""]",carried_forward_state,carried_forward_state,11110100000,[],001105.jpg,
10_assy_0_1,1106,11110100000,0.97,"[[""11110100000"", 0.97]]","[""base"", ""front_chassis"", ""front_chassis_pin"", ""rear_chassis"", ""front_rear_chassis_pin""]","[""carried_forward_state""]",carried_forward_state,carried_forward_state,11110100000,[],001106.jpg,
10_assy_0_1,1107,11110100000,0.97,"[[""11110100000"", 0.97]]","[""base"", ""front_chassis"", ""front_chassis_pin"", ""rear_chassis"", ""front_rear_chassis_pin""]","[""carried_forward_state""]",carried_forward_state,carried_forward_state,11110100000,[],001107.jpg,
10_assy_0_1,1108,11110100000,0.97,"[[""11110100000"", 0.97]]","[""base"", ""front_chassis"", ""front_chassis_pin"", ""rear_chassis"", ""front_rear_chassis_pin""]","[""carried_forward_state""]",carried_forward_state,carried_forward_state,11110100000,[],001108.jpg,
10_assy_0_1,1109,11110100000,0.97,"[[""11110100000"", 0.97]]","[""base"", ""front_chassis"", ""front_chassis_pin"", ""rear_chassis"", ""front_rear_chassis_pin""]","[""carried_forward_state""]",carried_forward_state,carried_forward_state,11110100000,[],001109.jpg,
10_assy_0_1,1110,11110100000,0.97,"[[""11110100000"", 0.97]]","[""base"", ""front_chassis"", ""front_chassis_pin"", ""rear_chassis"", ""front_rear_chassis_pin""]","[""carried_forward_state""]",carried_forward_state,carried_forward_state,11110100000,[],001110.jpg,
10_assy_0_1,1111,11110100000,0.97,"[[""11110100000"", 0.97]]","[""base"", ""front_chassis"", ""front_chassis_pin"", ""rear_chassis"", ""front_rear_chassis_pin""]","[""carried_forward_state""]",carried_forward_state,carried_forward_state,11110100000,[],001111.jpg,
10_assy_0_1,1112,11110100000,0.97,"[[""11110100000"", 0.97]]","[""base"", ""front_chassis"", ""front_chassis_pin"", ""rear_chassis"", ""front_rear_chassis_pin""]","[""carried_forward_state""]",carried_forward_state,carried_forward_state,11110100000,[],001112.jpg,
10_assy_0_1,1113,11110100000,0.97,"[[""11110100000"", 0.97]]","[""base"", ""front_chassis"", ""front_chassis_pin"", ""rear_chassis"", ""front_rear_chassis_pin""]","[""carried_forward_state""]",carried_forward_state,carried_forward_state,11110100000,[],001113.jpg,
10_assy_0_1,1114,11110100000,0.97,"[[""11110100000"", 0.97]]","[""base"", ""front_chassis"", ""front_chassis_pin"", ""rear_chassis"", ""front_rear_chassis_pin""]","[""carried_forward_state""]",carried_forward_state,carried_forward_state,11110100000,[],001114.jpg,
10_assy_0_1,1115,11110100000,0.97,"[[""11110100000"", 0.97]]","[""base"", ""front_chassis"", ""front_chassis_pin"", ""rear_chassis"", ""front_rear_chassis_pin""]","[""carried_forward_state""]",carried_forward_state,carried_forward_state,11110100000,[],001115.jpg,
10_assy_0_1,1116,11110100000,0.97,"[[""11110100000"", 0.97]]","[""base"", ""front_chassis"", ""front_chassis_pin"", ""rear_chassis"", ""front_rear_chassis_pin""]","[""carried_forward_state""]",carried_forward_state,carried_forward_state,11110100000,[],001116.jpg,
10_assy_0_1,1117,11110100000,0.97,"[[""11110100000"", 0.97]]","[""base"", ""front_chassis"", ""front_chassis_pin"", ""rear_chassis"", ""front_rear_chassis_pin""]","[""carried_forward_state""]",carried_forward_state,carried_forward_state,11110100000,[],001117.jpg,
10_assy_0_1,1118,11110100000,0.97,"[[""11110100000"", 0.97]]","[""base"", ""front_chassis"", ""front_chassis_pin"", ""rear_chassis"", ""front_rear_chassis_pin""]","[""carried_forward_state""]",carried_forward_state,carried_forward_state,11110100000,[],001118.jpg,
10_assy_0_1,1119,11110100000,0.97,"[[""11110100000"", 0.97]]","[""base"", ""front_chassis"", ""front_chassis_pin"", ""rear_chassis"", ""front_rear_chassis_pin""]","[""carried_forward_state""]",carried_forward_state,carried_forward_state,11110100000,[],001119.jpg,
10_assy_0_1,1120,11110100000,0.97,"[[""11110100000"", 0.97]]","[""base"", ""front_chassis"", ""front_chassis_pin"", ""rear_chassis"", ""front_rear_chassis_pin""]","[""carried_forward_state""]",carried_forward_state,carried_forward_state,11110100000,[],001120.jpg,
10_assy_0_1,1121,11110100000,0.97,"[[""11110100000"", 0.97]]","[""base"", ""front_chassis"", ""front_chassis_pin"", ""rear_chassis"", ""front_rear_chassis_pin""]","[""carried_forward_state""]",carried_forward_state,carried_forward_state,11110100000,[],001121.jpg,
10_assy_0_1,1122,11110100000,0.97,"[[""11110100000"", 0.97]]","[""base"", ""front_chassis"", ""front_chassis_pin"", ""rear_chassis"", ""front_rear_chassis_pin""]","[""carried_forward_state""]",carried_forward_state,carried_forward_state,11110100000,[],001122.jpg,
10_assy_0_1,1123,11110100000,0.97,"[[""11110100000"", 0.97]]","[""base"", ""front_chassis"", ""front_chassis_pin"", ""rear_chassis"", ""front_rear_chassis_pin""]","[""carried_forward_state""]",carried_forward_state,carried_forward_state,11110100000,[],001123.jpg,
10_assy_0_1,1124,11110100000,0.97,"[[""11110100000"", 0.97]]","[""base"", ""front_chassis"", ""front_chassis_pin"", ""rear_chassis"", ""front_rear_chassis_pin""]","[""carried_forward_state""]",carried_forward_state,carried_forward_state,11110100000,[],001124.jpg,
10_assy_0_1,1125,11110100000,0.97,"[[""11110100000"", 0.97]]","[""base"", ""front_chassis"", ""front_chassis_pin"", ""rear_chassis"", ""front_rear_chassis_pin""]","[""carried_forward_state""]",carried_forward_state,carried_forward_state,11110100000,[],001125.jpg,
10_assy_0_1,1126,11110100000,0.97,"[[""11110100000"", 0.97]]","[""base"", ""front_chassis"", ""front_chassis_pin"", ""rear_chassis"", ""front_rear_chassis_pin""]","[""carried_forward_state""]",carried_forward_state,carried_forward_state,11110100000,[],001126.jpg,
10_assy_0_1,1127,11110100000,0.97,"[[""11110100000"", 0.97]]","[""base"", ""front_chassis"", ""front_chassis_pin"", ""rear_chassis"", ""front_rear_chassis_pin""]","[""carried_forward_state""]",carried_forward_state,carried_forward_state,11110100000,[],001127.jpg,
10_assy_0_1,1128,11110100000,0.97,"[[""11110100000"", 0.97]]","[""base"", ""front_chassis"", ""front_chassis_pin"", ""rear_chassis"", ""front_rear_chassis_pin""]","[""carried_forward_state""]",carried_forward_state,carried_forward_state,11110100000,[],001128.jpg,
10_assy_0_1,1129,11110100000,0.97,"[[""11110100000"", 0.97]]","[""base"", ""front_chassis"", ""front_chassis_pin"", ""rear_chassis"", ""front_rear_chassis_pin""]","[""carried_forward_state""]",carried_forward_state,carried_forward_state,11110100000,[],001129.jpg,
10_assy_0_1,1130,11110100000,0.97,"[[""11110100000"", 0.97]]","[""base"", ""front_chassis"", ""front_chassis_pin"", ""rear_chassis"", ""front_rear_chassis_pin""]","[""carried_forward_state""]",carried_forward_state,carried_forward_state,11110100000,[],001130.jpg,
10_assy_0_1,1131,11110100000,0.97,"[[""11110100000"", 0.97]]","[""base"", ""front_chassis"", ""front_chassis_pin"", ""rear_chassis"", ""front_rear_chassis_pin""]","[""carried_forward_state""]",carried_forward_state,carried_forward_state,11110100000,[],001131.jpg,
10_assy_0_1,1132,11110100000,0.97,"[[""11110100000"", 0.97]]","[""base"", ""front_chassis"", ""front_chassis_pin"", ""rear_chassis"", ""front_rear_chassis_pin""]","[""carried_forward_state""]",carried_forward_state,carried_forward_state,11110100000,[],001132.jpg,
10_assy_0_1,1133,11110100000,0.97,"[[""11110100000"", 0.97]]","[""base"", ""front_chassis"", ""front_chassis_pin"", ""rear_chassis"", ""front_rear_chassis_pin""]","[""carried_forward_state""]",carried_forward_state,carried_forward_state,11110100000,[],001133.jpg,
10_assy_0_1,1134,11110100000,0.97,"[[""11110100000"", 0.97]]","[""base"", ""front_chassis"", ""front_chassis_pin"", ""rear_chassis"", ""front_rear_chassis_pin""]","[""carried_forward_state""]",carried_forward_state,carried_forward_state,11110100000,[],001134.jpg,
10_assy_0_1,1135,11110100000,0.97,"[[""11110100000"", 0.97]]","[""base"", ""front_chassis"", ""front_chassis_pin"", ""rear_chassis"", ""front_rear_chassis_pin""]","[""carried_forward_state""]",carried_forward_state,carried_forward_state,11110100000,[],001135.jpg,
10_assy_0_1,1136,11110100000,0.97,"[[""11110100000"", 0.97]]","[""base"", ""front_chassis"", ""front_chassis_pin"", ""rear_chassis"", ""front_rear_chassis_pin""]","[""carried_forward_state""]",carried_forward_state,carried_forward_state,11110100000,[],001136.jpg,
10_assy_0_1,1137,11110100000,0.97,"[[""11110100000"", 0.97]]","[""base"", ""front_chassis"", ""front_chassis_pin"", ""rear_chassis"", ""front_rear_chassis_pin""]","[""carried_forward_state""]",carried_forward_state,carried_forward_state,11110100000,[],001137.jpg,
10_assy_0_1,1138,11110100000,0.97,"[[""11110100000"", 0.97]]","[""base"", ""front_chassis"", ""front_chassis_pin"", ""rear_chassis"", ""front_rear_chassis_pin""]","[""carried_forward_state""]",carried_forward_state,carried_forward_state,11110100000,[],001138.jpg,
10_assy_0_1,1139,11110100000,0.97,"[[""11110100000"", 0.97]]","[""base"", ""front_chassis"", ""front_chassis_pin"", ""rear_chassis"", ""front_rear_chassis_pin""]","[""carried_forward_state""]",carried_forward_state,carried_forward_state,11110100000,[],001139.jpg,
10_assy_0_1,1140,11110100000,0.97,"[[""11110100000"", 0.97]]","[""base"", ""front_chassis"", ""front_chassis_pin"", ""rear_chassis"", ""front_rear_chassis_pin""]","[""carried_forward_state""]",carried_forward_state,carried_forward_state,11110100000,[],001140.jpg,
10_assy_0_1,1141,11110100000,0.97,"[[""11110100000"", 0.97]]","[""base"", ""front_chassis"", ""front_chassis_pin"", ""rear_chassis"", ""front_rear_chassis_pin""]","[""carried_forward_state""]",carried_forward_state,carried_forward_state,11110100000,[],001141.jpg,
10_assy_0_1,1142,11110100000,0.97,"[[""11110100000"", 0.97]]","[""base"", ""front_chassis"", ""front_chassis_pin"", ""rear_chassis"", ""front_rear_chassis_pin""]","[""carried_forward_state""]",carried_forward_state,carried_forward_state,11110100000,[],001142.jpg,
10_assy_0_1,1143,11110100000,0.97,"[[""11110100000"", 0.97]]","[""base"", ""front_chassis"", ""front_chassis_pin"", ""rear_chassis"", ""front_rear_chassis_pin""]","[""carried_forward_state""]",carried_forward_state,carried_forward_state,11110100000,[],001143.jpg,
10_assy_0_1,1144,11110100000,0.97,"[[""11110100000"", 0.97]]","[""base"", ""front_chassis"", ""front_chassis_pin"", ""rear_chassis"", ""front_rear_chassis_pin""]","[""carried_forward_state""]",carried_forward_state,carried_forward_state,11110100000,[],001144.jpg,
10_assy_0_1,1145,11110100000,0.97,"[[""11110100000"", 0.97]]","[""base"", ""front_chassis"", ""front_chassis_pin"", ""rear_chassis"", ""front_rear_chassis_pin""]","[""carried_forward_state""]",carried_forward_state,carried_forward_state,11110100000,[],001145.jpg,
10_assy_0_1,1146,11110100000,0.97,"[[""11110100000"", 0.97]]","[""base"", ""front_chassis"", ""front_chassis_pin"", ""rear_chassis"", ""front_rear_chassis_pin""]","[""carried_forward_state""]",carried_forward_state,carried_forward_state,11110100000,[],001146.jpg,
10_assy_0_1,1147,11110100000,0.97,"[[""11110100000"", 0.97]]","[""base"", ""front_chassis"", ""front_chassis_pin"", ""rear_chassis"", ""front_rear_chassis_pin""]","[""carried_forward_state""]",carried_forward_state,carried_forward_state,11110100000,[],001147.jpg,
10_assy_0_1,1148,11110100000,0.97,"[[""11110100000"", 0.97]]","[""base"", ""front_chassis"", ""front_chassis_pin"", ""rear_chassis"", ""front_rear_chassis_pin""]","[""carried_forward_state""]",carried_forward_state,carried_forward_state,11110100000,[],001148.jpg,
10_assy_0_1,1149,11110100000,0.97,"[[""11110100000"", 0.97]]","[""base"", ""front_chassis"", ""front_chassis_pin"", ""rear_chassis"", ""front_rear_chassis_pin""]","[""carried_forward_state""]",carried_forward_state,carried_forward_state,11110100000,[],001149.jpg,
10_assy_0_1,1150,11110100000,0.97,"[[""11110100000"", 0.97]]","[""base"", ""front_chassis"", ""front_chassis_pin"", ""rear_chassis"", ""front_rear_chassis_pin""]","[""carried_forward_state""]",carried_forward_state,carried_forward_state,11110100000,[],001150.jpg,
10_assy_0_1,1151,11110100000,0.97,"[[""11110100000"", 0.97]]","[""base"", ""front_chassis"", ""front_chassis_pin"", ""rear_chassis"", ""front_rear_chassis_pin""]","[""carried_forward_state""]",carried_forward_state,carried_forward_state,11110100000,[],001151.jpg,
10_assy_0_1,1152,11110100000,0.97,"[[""11110100000"", 0.97]]","[""base"", ""front_chassis"", ""front_chassis_pin"", ""rear_chassis"", ""front_rear_chassis_pin""]","[""carried_forward_state""]",carried_forward_state,carried_forward_state,11110100000,[],001152.jpg,
10_assy_0_1,1153,11110100000,0.97,"[[""11110100000"", 0.97]]","[""base"", ""front_chassis"", ""front_chassis_pin"", ""rear_chassis"", ""front_rear_chassis_pin""]","[""carried_forward_state""]",carried_forward_state,carried_forward_state,11110100000,[],001153.jpg,
10_assy_0_1,1154,11110100000,0.97,"[[""11110100000"", 0.97]]","[""base"", ""front_chassis"", ""front_chassis_pin"", ""rear_chassis"", ""front_rear_chassis_pin""]","[""carried_forward_state""]",carried_forward_state,carried_forward_state,11110100000,[],001154.jpg,
10_assy_0_1,1155,11110100000,0.97,"[[""11110100000"", 0.97]]","[""base"", ""front_chassis"", ""front_chassis_pin"", ""rear_chassis"", ""front_rear_chassis_pin""]","[""carried_forward_state""]",carried_forward_state,carried_forward_state,11110100000,[],001155.jpg,
10_assy_0_1,1156,11110100000,0.97,"[[""11110100000"", 0.97]]","[""base"", ""front_chassis"", ""front_chassis_pin"", ""rear_chassis"", ""front_rear_chassis_pin""]","[""carried_forward_state""]",carried_forward_state,carried_forward_state,11110100000,[],001156.jpg,
10_assy_0_1,1157,11110100000,0.97,"[[""11110100000"", 0.97]]","[""base"", ""front_chassis"", ""front_chassis_pin"", ""rear_chassis"", ""front_rear_chassis_pin""]","[""carried_forward_state""]",carried_forward_state,carried_forward_state,11110100000,[],001157.jpg,
10_assy_0_1,1158,11110100000,0.97,"[[""11110100000"", 0.97]]","[""base"", ""front_chassis"", ""front_chassis_pin"", ""rear_chassis"", ""front_rear_chassis_pin""]","[""carried_forward_state""]",carried_forward_state,carried_forward_state,11110100000,[],001158.jpg,
10_assy_0_1,1159,11110100000,0.97,"[[""11110100000"", 0.97]]","[""base"", ""front_chassis"", ""front_chassis_pin"", ""rear_chassis"", ""front_rear_chassis_pin""]","[""carried_forward_state""]",carried_forward_state,carried_forward_state,11110100000,[],001159.jpg,
10_assy_0_1,1160,11110100000,0.97,"[[""11110100000"", 0.97]]","[""base"", ""front_chassis"", ""front_chassis_pin"", ""rear_chassis"", ""front_rear_chassis_pin""]","[""carried_forward_state""]",carried_forward_state,carried_forward_state,11110100000,[],001160.jpg,
10_assy_0_1,1161,11110100000,0.97,"[[""11110100000"", 0.97]]","[""base"", ""front_chassis"", ""front_chassis_pin"", ""rear_chassis"", ""front_rear_chassis_pin""]","[""carried_forward_state""]",carried_forward_state,carried_forward_state,11110100000,[],001161.jpg,
10_assy_0_1,1162,11110100000,0.97,"[[""11110100000"", 0.97]]","[""base"", ""front_chassis"", ""front_chassis_pin"", ""rear_chassis"", ""front_rear_chassis_pin""]","[""carried_forward_state""]",carried_forward_state,carried_forward_state,11110100000,[],001162.jpg,
10_assy_0_1,1163,11110100000,0.97,"[[""11110100000"", 0.97]]","[""base"", ""front_chassis"", ""front_chassis_pin"", ""rear_chassis"", ""front_rear_chassis_pin""]","[""carried_forward_state""]",carried_forward_state,carried_forward_state,11110100000,[],001163.jpg,
10_assy_0_1,1164,11110100000,0.97,"[[""11110100000"", 0.97]]","[""base"", ""front_chassis"", ""front_chassis_pin"", ""rear_chassis"", ""front_rear_chassis_pin""]","[""carried_forward_state""]",carried_forward_state,carried_forward_state,11110100000,[],001164.jpg,
10_assy_0_1,1165,11110100000,0.97,"[[""11110100000"", 0.97]]","[""base"", ""front_chassis"", ""front_chassis_pin"", ""rear_chassis"", ""front_rear_chassis_pin""]","[""carried_forward_state""]",carried_forward_state,carried_forward_state,11110100000,[],001165.jpg,
10_assy_0_1,1166,11110100000,0.97,"[[""11110100000"", 0.97]]","[""base"", ""front_chassis"", ""front_chassis_pin"", ""rear_chassis"", ""front_rear_chassis_pin""]","[""carried_forward_state""]",carried_forward_state,carried_forward_state,11110100000,[],001166.jpg,
10_assy_0_1,1167,11110100000,0.97,"[[""11110100000"", 0.97]]","[""base"", ""front_chassis"", ""front_chassis_pin"", ""rear_chassis"", ""front_rear_chassis_pin""]","[""carried_forward_state""]",carried_forward_state,carried_forward_state,11110100000,[],001167.jpg,
10_assy_0_1,1168,11110100000,0.97,"[[""11110100000"", 0.97]]","[""base"", ""front_chassis"", ""front_chassis_pin"", ""rear_chassis"", ""front_rear_chassis_pin""]","[""carried_forward_state""]",carried_forward_state,carried_forward_state,11110100000,[],001168.jpg,
10_assy_0_1,1169,11110100000,0.97,"[[""11110100000"", 0.97]]","[""base"", ""front_chassis"", ""front_chassis_pin"", ""rear_chassis"", ""front_rear_chassis_pin""]","[""carried_forward_state""]",carried_forward_state,carried_forward_state,11110100000,[],001169.jpg,
10_assy_0_1,1170,11110100000,0.97,"[[""11110100000"", 0.97]]","[""base"", ""front_chassis"", ""front_chassis_pin"", ""rear_chassis"", ""front_rear_chassis_pin""]","[""carried_forward_state""]",carried_forward_state,carried_forward_state,11110100000,[],001170.jpg,
10_assy_0_1,1171,11110100000,0.97,"[[""11110100000"", 0.97]]","[""base"", ""front_chassis"", ""front_chassis_pin"", ""rear_chassis"", ""front_rear_chassis_pin""]","[""carried_forward_state""]",carried_forward_state,carried_forward_state,11110100000,[],001171.jpg,
10_assy_0_1,1172,11110100000,0.97,"[[""11110100000"", 0.97]]","[""base"", ""front_chassis"", ""front_chassis_pin"", ""rear_chassis"", ""front_rear_chassis_pin""]","[""carried_forward_state""]",carried_forward_state,carried_forward_state,11110100000,[],001172.jpg,
10_assy_0_1,1173,11110100000,0.97,"[[""11110100000"", 0.97]]","[""base"", ""front_chassis"", ""front_chassis_pin"", ""rear_chassis"", ""front_rear_chassis_pin""]","[""carried_forward_state""]",carried_forward_state,carried_forward_state,11110100000,[],001173.jpg,
10_assy_0_1,1174,11110100000,0.97,"[[""11110100000"", 0.97]]","[""base"", ""front_chassis"", ""front_chassis_pin"", ""rear_chassis"", ""front_rear_chassis_pin""]","[""carried_forward_state""]",carried_forward_state,carried_forward_state,11110100000,[],001174.jpg,
10_assy_0_1,1175,11110100000,0.97,"[[""11110100000"", 0.97]]","[""base"", ""front_chassis"", ""front_chassis_pin"", ""rear_chassis"", ""front_rear_chassis_pin""]","[""carried_forward_state""]",carried_forward_state,carried_forward_state,11110100000,[],001175.jpg,
10_assy_0_1,1176,11110100000,0.97,"[[""11110100000"", 0.97]]","[""base"", ""front_chassis"", ""front_chassis_pin"", ""rear_chassis"", ""front_rear_chassis_pin""]","[""carried_forward_state""]",carried_forward_state,carried_forward_state,11110100000,[],001176.jpg,
10_assy_0_1,1177,11110100000,0.97,"[[""11110100000"", 0.97]]","[""base"", ""front_chassis"", ""front_chassis_pin"", ""rear_chassis"", ""front_rear_chassis_pin""]","[""carried_forward_state""]",carried_forward_state,carried_forward_state,11110100000,[],001177.jpg,
10_assy_0_1,1178,11110100000,0.97,"[[""11110100000"", 0.97]]","[""base"", ""front_chassis"", ""front_chassis_pin"", ""rear_chassis"", ""front_rear_chassis_pin""]","[""carried_forward_state""]",carried_forward_state,carried_forward_state,11110100000,[],001178.jpg,
10_assy_0_1,1179,11110100000,0.97,"[[""11110100000"", 0.97]]","[""base"", ""front_chassis"", ""front_chassis_pin"", ""rear_chassis"", ""front_rear_chassis_pin""]","[""carried_forward_state""]",carried_forward_state,carried_forward_state,11110100000,[],001179.jpg,
10_assy_0_1,1180,11110100000,0.97,"[[""11110100000"", 0.97]]","[""base"", ""front_chassis"", ""front_chassis_pin"", ""rear_chassis"", ""front_rear_chassis_pin""]","[""carried_forward_state""]",carried_forward_state,carried_forward_state,11110100000,[],001180.jpg,
10_assy_0_1,1181,11110100000,0.97,"[[""11110100000"", 0.97]]","[""base"", ""front_chassis"", ""front_chassis_pin"", ""rear_chassis"", ""front_rear_chassis_pin""]","[""carried_forward_state""]",carried_forward_state,carried_forward_state,11110100000,[],001181.jpg,
10_assy_0_1,1182,11110100000,0.97,"[[""11110100000"", 0.97]]","[""base"", ""front_chassis"", ""front_chassis_pin"", ""rear_chassis"", ""front_rear_chassis_pin""]","[""carried_forward_state""]",carried_forward_state,carried_forward_state,11110100000,[],001182.jpg,
10_assy_0_1,1183,11110100000,0.97,"[[""11110100000"", 0.97]]","[""base"", ""front_chassis"", ""front_chassis_pin"", ""rear_chassis"", ""front_rear_chassis_pin""]","[""carried_forward_state""]",carried_forward_state,carried_forward_state,11110100000,[],001183.jpg,
10_assy_0_1,1184,11110100000,0.97,"[[""11110100000"", 0.97]]","[""base"", ""front_chassis"", ""front_chassis_pin"", ""rear_chassis"", ""front_rear_chassis_pin""]","[""carried_forward_state""]",carried_forward_state,carried_forward_state,11110100000,[],001184.jpg,
10_assy_0_1,1185,11110100000,0.97,"[[""11110100000"", 0.97]]","[""base"", ""front_chassis"", ""front_chassis_pin"", ""rear_chassis"", ""front_rear_chassis_pin""]","[""carried_forward_state""]",carried_forward_state,carried_forward_state,11110100000,[],001185.jpg,
10_assy_0_1,1186,11110100000,0.97,"[[""11110100000"", 0.97]]","[""base"", ""front_chassis"", ""front_chassis_pin"", ""rear_chassis"", ""front_rear_chassis_pin""]","[""carried_forward_state""]",carried_forward_state,carried_forward_state,11110100000,[],001186.jpg,
10_assy_0_1,1187,11110100000,0.97,"[[""11110100000"", 0.97]]","[""base"", ""front_chassis"", ""front_chassis_pin"", ""rear_chassis"", ""front_rear_chassis_pin""]","[""carried_forward_state""]",carried_forward_state,carried_forward_state,11110100000,[],001187.jpg,
10_assy_0_1,1188,11110100000,0.97,"[[""11110100000"", 0.97]]","[""base"", ""front_chassis"", ""front_chassis_pin"", ""rear_chassis"", ""front_rear_chassis_pin""]","[""carried_forward_state""]",carried_forward_state,carried_forward_state,11110100000,[],001188.jpg,
10_assy_0_1,1189,11110100000,0.97,"[[""11110100000"", 0.97]]","[""base"", ""front_chassis"", ""front_chassis_pin"", ""rear_chassis"", ""front_rear_chassis_pin""]","[""carried_forward_state""]",carried_forward_state,carried_forward_state,11110100000,[],001189.jpg,
10_assy_0_1,1190,11110100000,0.97,"[[""11110100000"", 0.97]]","[""base"", ""front_chassis"", ""front_chassis_pin"", ""rear_chassis"", ""front_rear_chassis_pin""]","[""carried_forward_state""]",carried_forward_state,carried_forward_state,11110100000,[],001190.jpg,
10_assy_0_1,1191,11110100000,0.97,"[[""11110100000"", 0.97]]","[""base"", ""front_chassis"", ""front_chassis_pin"", ""rear_chassis"", ""front_rear_chassis_pin""]","[""carried_forward_state""]",carried_forward_state,carried_forward_state,11110100000,[],001191.jpg,
10_assy_0_1,1192,11110100000,0.97,"[[""11110100000"", 0.97]]","[""base"", ""front_chassis"", ""front_chassis_pin"", ""rear_chassis"", ""front_rear_chassis_pin""]","[""carried_forward_state""]",carried_forward_state,carried_forward_state,11110100000,[],001192.jpg,
10_assy_0_1,1193,11110100000,0.97,"[[""11110100000"", 0.97]]","[""base"", ""front_chassis"", ""front_chassis_pin"", ""rear_chassis"", ""front_rear_chassis_pin""]","[""carried_forward_state""]",carried_forward_state,carried_forward_state,11110100000,[],001193.jpg,
10_assy_0_1,1194,11110100000,0.97,"[[""11110100000"", 0.97]]","[""base"", ""front_chassis"", ""front_chassis_pin"", ""rear_chassis"", ""front_rear_chassis_pin""]","[""carried_forward_state""]",carried_forward_state,carried_forward_state,11110100000,[],001194.jpg,
10_assy_0_1,1195,11110100000,0.97,"[[""11110100000"", 0.97]]","[""base"", ""front_chassis"", ""front_chassis_pin"", ""rear_chassis"", ""front_rear_chassis_pin""]","[""carried_forward_state""]",carried_forward_state,carried_forward_state,11110100000,[],001195.jpg,
10_assy_0_1,1196,11110100000,0.97,"[[""11110100000"", 0.97]]","[""base"", ""front_chassis"", ""front_chassis_pin"", ""rear_chassis"", ""front_rear_chassis_pin""]","[""carried_forward_state""]",carried_forward_state,carried_forward_state,11110100000,[],001196.jpg,
10_assy_0_1,1197,11110100000,0.97,"[[""11110100000"", 0.97]]","[""base"", ""front_chassis"", ""front_chassis_pin"", ""rear_chassis"", ""front_rear_chassis_pin""]","[""carried_forward_state""]",carried_forward_state,carried_forward_state,11110100000,[],001197.jpg,
10_assy_0_1,1198,11110100000,0.97,"[[""11110100000"", 0.97]]","[""base"", ""front_chassis"", ""front_chassis_pin"", ""rear_chassis"", ""front_rear_chassis_pin""]","[""carried_forward_state""]",carried_forward_state,carried_forward_state,11110100000,[],001198.jpg,
10_assy_0_1,1199,11110100000,0.97,"[[""11110100000"", 0.97]]","[""base"", ""front_chassis"", ""front_chassis_pin"", ""rear_chassis"", ""front_rear_chassis_pin""]","[""carried_forward_state""]",carried_forward_state,carried_forward_state,11110100000,[],001199.jpg,
10_assy_0_1,1200,11110100000,0.97,"[[""11110100000"", 0.97]]","[""base"", ""front_chassis"", ""front_chassis_pin"", ""rear_chassis"", ""front_rear_chassis_pin""]","[""carried_forward_state""]",carried_forward_state,carried_forward_state,11110100000,[],001200.jpg,
10_assy_0_1,1201,11110100000,0.97,"[[""11110100000"", 0.97]]","[""base"", ""front_chassis"", ""front_chassis_pin"", ""rear_chassis"", ""front_rear_chassis_pin""]","[""carried_forward_state""]",carried_forward_state,carried_forward_state,11110100000,[],001201.jpg,
10_assy_0_1,1202,11110100000,0.97,"[[""11110100000"", 0.97]]","[""base"", ""front_chassis"", ""front_chassis_pin"", ""rear_chassis"", ""front_rear_chassis_pin""]","[""carried_forward_state""]",carried_forward_state,carried_forward_state,11110100000,[],001202.jpg,
10_assy_0_1,1203,11110100000,0.97,"[[""11110100000"", 0.97]]","[""base"", ""front_chassis"", ""front_chassis_pin"", ""rear_chassis"", ""front_rear_chassis_pin""]","[""carried_forward_state""]",carried_forward_state,carried_forward_state,11110100000,[],001203.jpg,
10_assy_0_1,1204,11110100000,0.97,"[[""11110100000"", 0.97]]","[""base"", ""front_chassis"", ""front_chassis_pin"", ""rear_chassis"", ""front_rear_chassis_pin""]","[""carried_forward_state""]",carried_forward_state,carried_forward_state,11110100000,[],001204.jpg,
10_assy_0_1,1205,11110100000,0.97,"[[""11110100000"", 0.97]]","[""base"", ""front_chassis"", ""front_chassis_pin"", ""rear_chassis"", ""front_rear_chassis_pin""]","[""carried_forward_state""]",carried_forward_state,carried_forward_state,11110100000,[],001205.jpg,
10_assy_0_1,1206,11110100000,0.97,"[[""11110100000"", 0.97]]","[""base"", ""front_chassis"", ""front_chassis_pin"", ""rear_chassis"", ""front_rear_chassis_pin""]","[""carried_forward_state""]",carried_forward_state,carried_forward_state,11110100000,[],001206.jpg,
10_assy_0_1,1207,11110100000,0.97,"[[""11110100000"", 0.97]]","[""base"", ""front_chassis"", ""front_chassis_pin"", ""rear_chassis"", ""front_rear_chassis_pin""]","[""carried_forward_state""]",carried_forward_state,carried_forward_state,11110100000,[],001207.jpg,
10_assy_0_1,1208,11110100000,0.97,"[[""11110100000"", 0.97]]","[""base"", ""front_chassis"", ""front_chassis_pin"", ""rear_chassis"", ""front_rear_chassis_pin""]","[""carried_forward_state""]",carried_forward_state,carried_forward_state,11110100000,[],001208.jpg,
10_assy_0_1,1209,11110100000,0.97,"[[""11110100000"", 0.97]]","[""base"", ""front_chassis"", ""front_chassis_pin"", ""rear_chassis"", ""front_rear_chassis_pin""]","[""carried_forward_state""]",carried_forward_state,carried_forward_state,11110100000,[],001209.jpg,
10_assy_0_1,1210,11110100000,0.97,"[[""11110100000"", 0.97]]","[""base"", ""front_chassis"", ""front_chassis_pin"", ""rear_chassis"", ""front_rear_chassis_pin""]","[""carried_forward_state""]",carried_forward_state,carried_forward_state,11110100000,[],001210.jpg,
10_assy_0_1,1211,11110100000,0.97,"[[""11110100000"", 0.97]]","[""base"", ""front_chassis"", ""front_chassis_pin"", ""rear_chassis"", ""front_rear_chassis_pin""]","[""carried_forward_state""]",carried_forward_state,carried_forward_state,11110100000,[],001211.jpg,
10_assy_0_1,1212,11110100000,0.97,"[[""11110100000"", 0.97]]","[""base"", ""front_chassis"", ""front_chassis_pin"", ""rear_chassis"", ""front_rear_chassis_pin""]","[""carried_forward_state""]",carried_forward_state,carried_forward_state,11110100000,[],001212.jpg,
10_assy_0_1,1213,11110100000,0.97,"[[""11110100000"", 0.97]]","[""base"", ""front_chassis"", ""front_chassis_pin"", ""rear_chassis"", ""front_rear_chassis_pin""]","[""carried_forward_state""]",carried_forward_state,carried_forward_state,11110100000,[],001213.jpg,
10_assy_0_1,1214,11110100000,0.97,"[[""11110100000"", 0.97]]","[""base"", ""front_chassis"", ""front_chassis_pin"", ""rear_chassis"", ""front_rear_chassis_pin""]","[""carried_forward_state""]",carried_forward_state,carried_forward_state,11110100000,[],001214.jpg,
10_assy_0_1,1215,11110100000,0.97,"[[""11110100000"", 0.97]]","[""base"", ""front_chassis"", ""front_chassis_pin"", ""rear_chassis"", ""front_rear_chassis_pin""]","[""carried_forward_state""]",carried_forward_state,carried_forward_state,11110100000,[],001215.jpg,
10_assy_0_1,1216,11110100000,0.97,"[[""11110100000"", 0.97]]","[""base"", ""front_chassis"", ""front_chassis_pin"", ""rear_chassis"", ""front_rear_chassis_pin""]","[""carried_forward_state""]",carried_forward_state,carried_forward_state,11110100000,[],001216.jpg,
10_assy_0_1,1217,11110110000,1.0,"[[""11110110000"", 1.0]]","[""base"", ""front_chassis"", ""front_chassis_pin"", ""rear_chassis"", ""front_rear_chassis_pin"", ""rear_rear_chassis_pin""]","[""observed_label""]",observed_label,observed_label,11110110000,[],001217.jpg,1217
10_assy_0_1,1218,11110110000,1.0,"[[""11110110000"", 1.0]]","[""base"", ""front_chassis"", ""front_chassis_pin"", ""rear_chassis"", ""front_rear_chassis_pin"", ""rear_rear_chassis_pin""]","[""observed_label""]",observed_label,observed_label,11110110000,[],001218.jpg,1218
10_assy_0_1,1219,11110110000,1.0,"[[""11110110000"", 1.0]]","[""base"", ""front_chassis"", ""front_chassis_pin"", ""rear_chassis"", ""front_rear_chassis_pin"", ""rear_rear_chassis_pin""]","[""observed_label""]",observed_label,observed_label,11110110000,[],001219.jpg,1219
10_assy_0_1,1220,11110110000,1.0,"[[""11110110000"", 1.0]]","[""base"", ""front_chassis"", ""front_chassis_pin"", ""rear_chassis"", ""front_rear_chassis_pin"", ""rear_rear_chassis_pin""]","[""observed_label""]",observed_label,observed_label,11110110000,[],001220.jpg,1220
10_assy_0_1,1221,11110110000,1.0,"[[""11110110000"", 1.0]]","[""base"", ""front_chassis"", ""front_chassis_pin"", ""rear_chassis"", ""front_rear_chassis_pin"", ""rear_rear_chassis_pin""]","[""observed_label""]",observed_label,observed_label,11110110000,[],001221.jpg,1221
10_assy_0_1,1222,11110110000,1.0,"[[""11110110000"", 1.0]]","[""base"", ""front_chassis"", ""front_chassis_pin"", ""rear_chassis"", ""front_rear_chassis_pin"", ""rear_rear_chassis_pin""]","[""observed_label""]",observed_label,observed_label,11110110000,[],001222.jpg,1222
10_assy_0_1,1223,11110110000,1.0,"[[""11110110000"", 1.0]]","[""base"", ""front_chassis"", ""front_chassis_pin"", ""rear_chassis"", ""front_rear_chassis_pin"", ""rear_rear_chassis_pin""]","[""observed_label""]",observed_label,observed_label,11110110000,[],001223.jpg,1223
10_assy_0_1,1224,11110110000,1.0,"[[""11110110000"", 1.0]]","[""base"", ""front_chassis"", ""front_chassis_pin"", ""rear_chassis"", ""front_rear_chassis_pin"", ""rear_rear_chassis_pin""]","[""observed_label""]",observed_label,observed_label,11110110000,[],001224.jpg,1224
10_assy_0_1,1225,11110110000,1.0,"[[""11110110000"", 1.0]]","[""base"", ""front_chassis"", ""front_chassis_pin"", ""rear_chassis"", ""front_rear_chassis_pin"", ""rear_rear_chassis_pin""]","[""observed_label""]",observed_label,observed_label,11110110000,[],001225.jpg,1225
10_assy_0_1,1226,11110110000,1.0,"[[""11110110000"", 1.0]]","[""base"", ""front_chassis"", ""front_chassis_pin"", ""rear_chassis"", ""front_rear_chassis_pin"", ""rear_rear_chassis_pin""]","[""observed_label""]",observed_label,observed_label,11110110000,[],001226.jpg,1226
10_assy_0_1,1227,11110110000,1.0,"[[""11110110000"", 1.0]]","[""base"", ""front_chassis"", ""front_chassis_pin"", ""rear_chassis"", ""front_rear_chassis_pin"", ""rear_rear_chassis_pin""]","[""observed_label""]",observed_label,observed_label,11110110000,[],001227.jpg,1227
10_assy_0_1,1228,11110110000,1.0,"[[""11110110000"", 1.0]]","[""base"", ""front_chassis"", ""front_chassis_pin"", ""rear_chassis"", ""front_rear_chassis_pin"", ""rear_rear_chassis_pin""]","[""observed_label""]",observed_label,observed_label,11110110000,[],001228.jpg,1228
10_assy_0_1,1229,11110110000,1.0,"[[""11110110000"", 1.0]]","[""base"", ""front_chassis"", ""front_chassis_pin"", ""rear_chassis"", ""front_rear_chassis_pin"", ""rear_rear_chassis_pin""]","[""observed_label""]",observed_label,observed_label,11110110000,[],001229.jpg,1229
10_assy_0_1,1230,11110110000,1.0,"[[""11110110000"", 1.0]]","[""base"", ""front_chassis"", ""front_chassis_pin"", ""rear_chassis"", ""front_rear_chassis_pin"", ""rear_rear_chassis_pin""]","[""observed_label""]",observed_label,observed_label,11110110000,[],001230.jpg,1230
10_assy_0_1,1231,11110110000,1.0,"[[""11110110000"", 1.0]]","[""base"", ""front_chassis"", ""front_chassis_pin"", ""rear_chassis"", ""front_rear_chassis_pin"", ""rear_rear_chassis_pin""]","[""observed_label""]",observed_label,observed_label,11110110000,[],001231.jpg,1231
10_assy_0_1,1232,11110110000,1.0,"[[""11110110000"", 1.0]]","[""base"", ""front_chassis"", ""front_chassis_pin"", ""rear_chassis"", ""front_rear_chassis_pin"", ""rear_rear_chassis_pin""]","[""observed_label""]",observed_label,observed_label,11110110000,[],001232.jpg,1232
10_assy_0_1,1233,11110110000,1.0,"[[""11110110000"", 1.0]]","[""base"", ""front_chassis"", ""front_chassis_pin"", ""rear_chassis"", ""front_rear_chassis_pin"", ""rear_rear_chassis_pin""]","[""observed_label""]",observed_label,observed_label,11110110000,[],001233.jpg,1233
10_assy_0_1,1234,11110110000,1.0,"[[""11110110000"", 1.0]]","[""base"", ""front_chassis"", ""front_chassis_pin"", ""rear_chassis"", ""front_rear_chassis_pin"", ""rear_rear_chassis_pin""]","[""observed_label""]",observed_label,observed_label,11110110000,[],001234.jpg,1234
10_assy_0_1,1235,11110110000,1.0,"[[""11110110000"", 1.0]]","[""base"", ""front_chassis"", ""front_chassis_pin"", ""rear_chassis"", ""front_rear_chassis_pin"", ""rear_rear_chassis_pin""]","[""observed_label""]",observed_label,observed_label,11110110000,[],001235.jpg,1235
10_assy_0_1,1236,11110110000,1.0,"[[""11110110000"", 1.0]]","[""base"", ""front_chassis"", ""front_chassis_pin"", ""rear_chassis"", ""front_rear_chassis_pin"", ""rear_rear_chassis_pin""]","[""observed_label""]",observed_label,observed_label,11110110000,[],001236.jpg,1236
10_assy_0_1,1237,11110110000,1.0,"[[""11110110000"", 1.0]]","[""base"", ""front_chassis"", ""front_chassis_pin"", ""rear_chassis"", ""front_rear_chassis_pin"", ""rear_rear_chassis_pin""]","[""observed_label""]",observed_label,observed_label,11110110000,[],001237.jpg,1237
10_assy_0_1,1238,11110110000,1.0,"[[""11110110000"", 1.0]]","[""base"", ""front_chassis"", ""front_chassis_pin"", ""rear_chassis"", ""front_rear_chassis_pin"", ""rear_rear_chassis_pin""]","[""observed_label""]",observed_label,observed_label,11110110000,[],001238.jpg,1238
10_assy_0_1,1239,11110110000,1.0,"[[""11110110000"", 1.0]]","[""base"", ""front_chassis"", ""front_chassis_pin"", ""rear_chassis"", ""front_rear_chassis_pin"", ""rear_rear_chassis_pin""]","[""observed_label""]",observed_label,observed_label,11110110000,[],001239.jpg,1239
10_assy_0_1,1240,11110110000,1.0,"[[""11110110000"", 1.0]]","[""base"", ""front_chassis"", ""front_chassis_pin"", ""rear_chassis"", ""front_rear_chassis_pin"", ""rear_rear_chassis_pin""]","[""observed_label""]",observed_label,observed_label,11110110000,[],001240.jpg,1240
10_assy_0_1,1241,11110110000,1.0,"[[""11110110000"", 1.0]]","[""base"", ""front_chassis"", ""front_chassis_pin"", ""rear_chassis"", ""front_rear_chassis_pin"", ""rear_rear_chassis_pin""]","[""observed_label""]",observed_label,observed_label,11110110000,[],001241.jpg,1241
10_assy_0_1,1242,11110110000,1.0,"[[""11110110000"", 1.0]]","[""base"", ""front_chassis"", ""front_chassis_pin"", ""rear_chassis"", ""front_rear_chassis_pin"", ""rear_rear_chassis_pin""]","[""observed_label""]",observed_label,observed_label,11110110000,[],001242.jpg,1242
10_assy_0_1,1243,11110110000,1.0,"[[""11110110000"", 1.0]]","[""base"", ""front_chassis"", ""front_chassis_pin"", ""rear_chassis"", ""front_rear_chassis_pin"", ""rear_rear_chassis_pin""]","[""observed_label""]",observed_label,observed_label,11110110000,[],001243.jpg,1243
10_assy_0_1,1244,11110110000,1.0,"[[""11110110000"", 1.0]]","[""base"", ""front_chassis"", ""front_chassis_pin"", ""rear_chassis"", ""front_rear_chassis_pin"", ""rear_rear_chassis_pin""]","[""observed_label""]",observed_label,observed_label,11110110000,[],001244.jpg,1244
10_assy_0_1,1245,11110110000,1.0,"[[""11110110000"", 1.0]]","[""base"", ""front_chassis"", ""front_chassis_pin"", ""rear_chassis"", ""front_rear_chassis_pin"", ""rear_rear_chassis_pin""]","[""observed_label""]",observed_label,observed_label,11110110000,[],001245.jpg,1245
10_assy_0_1,1246,11110110000,1.0,"[[""11110110000"", 1.0]]","[""base"", ""front_chassis"", ""front_chassis_pin"", ""rear_chassis"", ""front_rear_chassis_pin"", ""rear_rear_chassis_pin""]","[""observed_label""]",observed_label,observed_label,11110110000,[],001246.jpg,1246
10_assy_0_1,1247,11110110000,1.0,"[[""11110110000"", 1.0]]","[""base"", ""front_chassis"", ""front_chassis_pin"", ""rear_chassis"", ""front_rear_chassis_pin"", ""rear_rear_chassis_pin""]","[""observed_label""]",observed_label,observed_label,11110110000,[],001247.jpg,1247
10_assy_0_1,1248,11110110000,1.0,"[[""11110110000"", 1.0]]","[""base"", ""front_chassis"", ""front_chassis_pin"", ""rear_chassis"", ""front_rear_chassis_pin"", ""rear_rear_chassis_pin""]","[""observed_label""]",observed_label,observed_label,11110110000,[],001248.jpg,1248
10_assy_0_1,1249,11110110000,1.0,"[[""11110110000"", 1.0]]","[""base"", ""front_chassis"", ""front_chassis_pin"", ""rear_chassis"", ""front_rear_chassis_pin"", ""rear_rear_chassis_pin""]","[""observed_label""]",observed_label,observed_label,11110110000,[],001249.jpg,1249
10_assy_0_1,1250,11110110000,1.0,"[[""11110110000"", 1.0]]","[""base"", ""front_chassis"", ""front_chassis_pin"", ""rear_chassis"", ""front_rear_chassis_pin"", ""rear_rear_chassis_pin""]","[""observed_label""]",observed_label,observed_label,11110110000,[],001250.jpg,1250
10_assy_0_1,1251,11110110000,1.0,"[[""11110110000"", 1.0]]","[""base"", ""front_chassis"", ""front_chassis_pin"", ""rear_chassis"", ""front_rear_chassis_pin"", ""rear_rear_chassis_pin""]","[""observed_label""]",observed_label,observed_label,11110110000,[],001251.jpg,1251
10_assy_0_1,1252,11110110000,1.0,"[[""11110110000"", 1.0]]","[""base"", ""front_chassis"", ""front_chassis_pin"", ""rear_chassis"", ""front_rear_chassis_pin"", ""rear_rear_chassis_pin""]","[""observed_label""]",observed_label,observed_label,11110110000,[],001252.jpg,1252
10_assy_0_1,1253,11110110000,1.0,"[[""11110110000"", 1.0]]","[""base"", ""front_chassis"", ""front_chassis_pin"", ""rear_chassis"", ""front_rear_chassis_pin"", ""rear_rear_chassis_pin""]","[""observed_label""]",observed_label,observed_label,11110110000,[],001253.jpg,1253
10_assy_0_1,1254,11110110000,1.0,"[[""11110110000"", 1.0]]","[""base"", ""front_chassis"", ""front_chassis_pin"", ""rear_chassis"", ""front_rear_chassis_pin"", ""rear_rear_chassis_pin""]","[""observed_label""]",observed_label,observed_label,11110110000,[],001254.jpg,1254
10_assy_0_1,1255,11110110000,1.0,"[[""11110110000"", 1.0]]","[""base"", ""front_chassis"", ""front_chassis_pin"", ""rear_chassis"", ""front_rear_chassis_pin"", ""rear_rear_chassis_pin""]","[""observed_label""]",observed_label,observed_label,11110110000,[],001255.jpg,1255
10_assy_0_1,1256,11110110000,1.0,"[[""11110110000"", 1.0]]","[""base"", ""front_chassis"", ""front_chassis_pin"", ""rear_chassis"", ""front_rear_chassis_pin"", ""rear_rear_chassis_pin""]","[""observed_label""]",observed_label,observed_label,11110110000,[],001256.jpg,1256
10_assy_0_1,1257,11110110000,1.0,"[[""11110110000"", 1.0]]","[""base"", ""front_chassis"", ""front_chassis_pin"", ""rear_chassis"", ""front_rear_chassis_pin"", ""rear_rear_chassis_pin""]","[""observed_label""]",observed_label,observed_label,11110110000,[],001257.jpg,1257
10_assy_0_1,1258,11110110000,1.0,"[[""11110110000"", 1.0]]","[""base"", ""front_chassis"", ""front_chassis_pin"", ""rear_chassis"", ""front_rear_chassis_pin"", ""rear_rear_chassis_pin""]","[""observed_label""]",observed_label,observed_label,11110110000,[],001258.jpg,1258
10_assy_0_1,1259,11110110000,1.0,"[[""11110110000"", 1.0]]","[""base"", ""front_chassis"", ""front_chassis_pin"", ""rear_chassis"", ""front_rear_chassis_pin"", ""rear_rear_chassis_pin""]","[""observed_label""]",observed_label,observed_label,11110110000,[],001259.jpg,1259
10_assy_0_1,1260,11110110000,1.0,"[[""11110110000"", 1.0]]","[""base"", ""front_chassis"", ""front_chassis_pin"", ""rear_chassis"", ""front_rear_chassis_pin"", ""rear_rear_chassis_pin""]","[""observed_label""]",observed_label,observed_label,11110110000,[],001260.jpg,1260
10_assy_0_1,1261,11110110000,1.0,"[[""11110110000"", 1.0]]","[""base"", ""front_chassis"", ""front_chassis_pin"", ""rear_chassis"", ""front_rear_chassis_pin"", ""rear_rear_chassis_pin""]","[""observed_label""]",observed_label,observed_label,11110110000,[],001261.jpg,1261
10_assy_0_1,1262,11110110000,1.0,"[[""11110110000"", 1.0]]","[""base"", ""front_chassis"", ""front_chassis_pin"", ""rear_chassis"", ""front_rear_chassis_pin"", ""rear_rear_chassis_pin""]","[""observed_label""]",observed_label,observed_label,11110110000,[],001262.jpg,1262
10_assy_0_1,1263,11110110000,1.0,"[[""11110110000"", 1.0]]","[""base"", ""front_chassis"", ""front_chassis_pin"", ""rear_chassis"", ""front_rear_chassis_pin"", ""rear_rear_chassis_pin""]","[""observed_label""]",observed_label,observed_label,11110110000,[],001263.jpg,1263
10_assy_0_1,1264,11110110000,1.0,"[[""11110110000"", 1.0]]","[""base"", ""front_chassis"", ""front_chassis_pin"", ""rear_chassis"", ""front_rear_chassis_pin"", ""rear_rear_chassis_pin""]","[""observed_label""]",observed_label,observed_label,11110110000,[],001264.jpg,1264
10_assy_0_1,1265,11110110000,1.0,"[[""11110110000"", 1.0]]","[""base"", ""front_chassis"", ""front_chassis_pin"", ""rear_chassis"", ""front_rear_chassis_pin"", ""rear_rear_chassis_pin""]","[""observed_label""]",observed_label,observed_label,11110110000,[],001265.jpg,1265
10_assy_0_1,1266,11110110000,1.0,"[[""11110110000"", 1.0]]","[""base"", ""front_chassis"", ""front_chassis_pin"", ""rear_chassis"", ""front_rear_chassis_pin"", ""rear_rear_chassis_pin""]","[""observed_label""]",observed_label,observed_label,11110110000,[],001266.jpg,1266
10_assy_0_1,1267,11110110000,1.0,"[[""11110110000"", 1.0]]","[""base"", ""front_chassis"", ""front_chassis_pin"", ""rear_chassis"", ""front_rear_chassis_pin"", ""rear_rear_chassis_pin""]","[""observed_label""]",observed_label,observed_label,11110110000,[],001267.jpg,1267
10_assy_0_1,1268,11110110000,1.0,"[[""11110110000"", 1.0]]","[""base"", ""front_chassis"", ""front_chassis_pin"", ""rear_chassis"", ""front_rear_chassis_pin"", ""rear_rear_chassis_pin""]","[""observed_label""]",observed_label,observed_label,11110110000,[],001268.jpg,1268
10_assy_0_1,1269,11110110000,1.0,"[[""11110110000"", 1.0]]","[""base"", ""front_chassis"", ""front_chassis_pin"", ""rear_chassis"", ""front_rear_chassis_pin"", ""rear_rear_chassis_pin""]","[""observed_label""]",observed_label,observed_label,11110110000,[],001269.jpg,1269
10_assy_0_1,1270,11110110000,1.0,"[[""11110110000"", 1.0]]","[""base"", ""front_chassis"", ""front_chassis_pin"", ""rear_chassis"", ""front_rear_chassis_pin"", ""rear_rear_chassis_pin""]","[""observed_label""]",observed_label,observed_label,11110110000,[],001270.jpg,1270
10_assy_0_1,1271,11110110000,0.97,"[[""11110110000"", 0.97]]","[""base"", ""front_chassis"", ""front_chassis_pin"", ""rear_chassis"", ""front_rear_chassis_pin"", ""rear_rear_chassis_pin""]","[""carried_forward_state""]",carried_forward_state,carried_forward_state,11110110000,[],001271.jpg,
10_assy_0_1,1272,11110110000,0.97,"[[""11110110000"", 0.97]]","[""base"", ""front_chassis"", ""front_chassis_pin"", ""rear_chassis"", ""front_rear_chassis_pin"", ""rear_rear_chassis_pin""]","[""carried_forward_state""]",carried_forward_state,carried_forward_state,11110110000,[],001272.jpg,
10_assy_0_1,1273,11110110000,0.97,"[[""11110110000"", 0.97]]","[""base"", ""front_chassis"", ""front_chassis_pin"", ""rear_chassis"", ""front_rear_chassis_pin"", ""rear_rear_chassis_pin""]","[""carried_forward_state""]",carried_forward_state,carried_forward_state,11110110000,[],001273.jpg,
10_assy_0_1,1274,11110110000,0.97,"[[""11110110000"", 0.97]]","[""base"", ""front_chassis"", ""front_chassis_pin"", ""rear_chassis"", ""front_rear_chassis_pin"", ""rear_rear_chassis_pin""]","[""carried_forward_state""]",carried_forward_state,carried_forward_state,11110110000,[],001274.jpg,
10_assy_0_1,1275,11110110000,0.97,"[[""11110110000"", 0.97]]","[""base"", ""front_chassis"", ""front_chassis_pin"", ""rear_chassis"", ""front_rear_chassis_pin"", ""rear_rear_chassis_pin""]","[""carried_forward_state""]",carried_forward_state,carried_forward_state,11110110000,[],001275.jpg,
10_assy_0_1,1276,11110110000,0.97,"[[""11110110000"", 0.97]]","[""base"", ""front_chassis"", ""front_chassis_pin"", ""rear_chassis"", ""front_rear_chassis_pin"", ""rear_rear_chassis_pin""]","[""carried_forward_state""]",carried_forward_state,carried_forward_state,11110110000,[],001276.jpg,
10_assy_0_1,1277,11110110000,0.97,"[[""11110110000"", 0.97]]","[""base"", ""front_chassis"", ""front_chassis_pin"", ""rear_chassis"", ""front_rear_chassis_pin"", ""rear_rear_chassis_pin""]","[""carried_forward_state""]",carried_forward_state,carried_forward_state,11110110000,[],001277.jpg,
10_assy_0_1,1278,11110110000,0.97,"[[""11110110000"", 0.97]]","[""base"", ""front_chassis"", ""front_chassis_pin"", ""rear_chassis"", ""front_rear_chassis_pin"", ""rear_rear_chassis_pin""]","[""carried_forward_state""]",carried_forward_state,carried_forward_state,11110110000,[],001278.jpg,
10_assy_0_1,1279,11110110000,0.97,"[[""11110110000"", 0.97]]","[""base"", ""front_chassis"", ""front_chassis_pin"", ""rear_chassis"", ""front_rear_chassis_pin"", ""rear_rear_chassis_pin""]","[""carried_forward_state""]",carried_forward_state,carried_forward_state,11110110000,[],001279.jpg,
10_assy_0_1,1280,11110110000,0.97,"[[""11110110000"", 0.97]]","[""base"", ""front_chassis"", ""front_chassis_pin"", ""rear_chassis"", ""front_rear_chassis_pin"", ""rear_rear_chassis_pin""]","[""carried_forward_state""]",carried_forward_state,carried_forward_state,11110110000,[],001280.jpg,
10_assy_0_1,1281,11110110000,0.97,"[[""11110110000"", 0.97]]","[""base"", ""front_chassis"", ""front_chassis_pin"", ""rear_chassis"", ""front_rear_chassis_pin"", ""rear_rear_chassis_pin""]","[""carried_forward_state""]",carried_forward_state,carried_forward_state,11110110000,[],001281.jpg,
10_assy_0_1,1282,11110110000,0.97,"[[""11110110000"", 0.97]]","[""base"", ""front_chassis"", ""front_chassis_pin"", ""rear_chassis"", ""front_rear_chassis_pin"", ""rear_rear_chassis_pin""]","[""carried_forward_state""]",carried_forward_state,carried_forward_state,11110110000,[],001282.jpg,
10_assy_0_1,1283,11110110000,0.97,"[[""11110110000"", 0.97]]","[""base"", ""front_chassis"", ""front_chassis_pin"", ""rear_chassis"", ""front_rear_chassis_pin"", ""rear_rear_chassis_pin""]","[""carried_forward_state""]",carried_forward_state,carried_forward_state,11110110000,[],001283.jpg,
10_assy_0_1,1284,11110110000,0.97,"[[""11110110000"", 0.97]]","[""base"", ""front_chassis"", ""front_chassis_pin"", ""rear_chassis"", ""front_rear_chassis_pin"", ""rear_rear_chassis_pin""]","[""carried_forward_state""]",carried_forward_state,carried_forward_state,11110110000,[],001284.jpg,
10_assy_0_1,1285,11110110000,0.97,"[[""11110110000"", 0.97]]","[""base"", ""front_chassis"", ""front_chassis_pin"", ""rear_chassis"", ""front_rear_chassis_pin"", ""rear_rear_chassis_pin""]","[""carried_forward_state""]",carried_forward_state,carried_forward_state,11110110000,[],001285.jpg,
10_assy_0_1,1286,11110110000,0.97,"[[""11110110000"", 0.97]]","[""base"", ""front_chassis"", ""front_chassis_pin"", ""rear_chassis"", ""front_rear_chassis_pin"", ""rear_rear_chassis_pin""]","[""carried_forward_state""]",carried_forward_state,carried_forward_state,11110110000,[],001286.jpg,
10_assy_0_1,1287,11110110000,0.97,"[[""11110110000"", 0.97]]","[""base"", ""front_chassis"", ""front_chassis_pin"", ""rear_chassis"", ""front_rear_chassis_pin"", ""rear_rear_chassis_pin""]","[""carried_forward_state""]",carried_forward_state,carried_forward_state,11110110000,[],001287.jpg,
10_assy_0_1,1288,11110110000,0.97,"[[""11110110000"", 0.97]]","[""base"", ""front_chassis"", ""front_chassis_pin"", ""rear_chassis"", ""front_rear_chassis_pin"", ""rear_rear_chassis_pin""]","[""carried_forward_state""]",carried_forward_state,carried_forward_state,11110110000,[],001288.jpg,
10_assy_0_1,1289,11110110000,0.97,"[[""11110110000"", 0.97]]","[""base"", ""front_chassis"", ""front_chassis_pin"", ""rear_chassis"", ""front_rear_chassis_pin"", ""rear_rear_chassis_pin""]","[""carried_forward_state""]",carried_forward_state,carried_forward_state,11110110000,[],001289.jpg,
10_assy_0_1,1290,11110110000,0.97,"[[""11110110000"", 0.97]]","[""base"", ""front_chassis"", ""front_chassis_pin"", ""rear_chassis"", ""front_rear_chassis_pin"", ""rear_rear_chassis_pin""]","[""carried_forward_state""]",carried_forward_state,carried_forward_state,11110110000,[],001290.jpg,
10_assy_0_1,1291,11110110000,0.97,"[[""11110110000"", 0.97]]","[""base"", ""front_chassis"", ""front_chassis_pin"", ""rear_chassis"", ""front_rear_chassis_pin"", ""rear_rear_chassis_pin""]","[""carried_forward_state""]",carried_forward_state,carried_forward_state,11110110000,[],001291.jpg,
10_assy_0_1,1292,11110110000,0.97,"[[""11110110000"", 0.97]]","[""base"", ""front_chassis"", ""front_chassis_pin"", ""rear_chassis"", ""front_rear_chassis_pin"", ""rear_rear_chassis_pin""]","[""carried_forward_state""]",carried_forward_state,carried_forward_state,11110110000,[],001292.jpg,
10_assy_0_1,1293,11110110000,0.97,"[[""11110110000"", 0.97]]","[""base"", ""front_chassis"", ""front_chassis_pin"", ""rear_chassis"", ""front_rear_chassis_pin"", ""rear_rear_chassis_pin""]","[""carried_forward_state""]",carried_forward_state,carried_forward_state,11110110000,[],001293.jpg,
10_assy_0_1,1294,11110110000,0.97,"[[""11110110000"", 0.97]]","[""base"", ""front_chassis"", ""front_chassis_pin"", ""rear_chassis"", ""front_rear_chassis_pin"", ""rear_rear_chassis_pin""]","[""carried_forward_state""]",carried_forward_state,carried_forward_state,11110110000,[],001294.jpg,
10_assy_0_1,1295,11110110000,0.97,"[[""11110110000"", 0.97]]","[""base"", ""front_chassis"", ""front_chassis_pin"", ""rear_chassis"", ""front_rear_chassis_pin"", ""rear_rear_chassis_pin""]","[""carried_forward_state""]",carried_forward_state,carried_forward_state,11110110000,[],001295.jpg,
10_assy_0_1,1296,11110110000,0.97,"[[""11110110000"", 0.97]]","[""base"", ""front_chassis"", ""front_chassis_pin"", ""rear_chassis"", ""front_rear_chassis_pin"", ""rear_rear_chassis_pin""]","[""carried_forward_state""]",carried_forward_state,carried_forward_state,11110110000,[],001296.jpg,
10_assy_0_1,1297,11110110000,0.97,"[[""11110110000"", 0.97]]","[""base"", ""front_chassis"", ""front_chassis_pin"", ""rear_chassis"", ""front_rear_chassis_pin"", ""rear_rear_chassis_pin""]","[""carried_forward_state""]",carried_forward_state,carried_forward_state,11110110000,[],001297.jpg,
10_assy_0_1,1298,11110110000,0.97,"[[""11110110000"", 0.97]]","[""base"", ""front_chassis"", ""front_chassis_pin"", ""rear_chassis"", ""front_rear_chassis_pin"", ""rear_rear_chassis_pin""]","[""carried_forward_state""]",carried_forward_state,carried_forward_state,11110110000,[],001298.jpg,
10_assy_0_1,1299,11110110000,0.97,"[[""11110110000"", 0.97]]","[""base"", ""front_chassis"", ""front_chassis_pin"", ""rear_chassis"", ""front_rear_chassis_pin"", ""rear_rear_chassis_pin""]","[""carried_forward_state""]",carried_forward_state,carried_forward_state,11110110000,[],001299.jpg,
10_assy_0_1,1300,11110110000,0.97,"[[""11110110000"", 0.97]]","[""base"", ""front_chassis"", ""front_chassis_pin"", ""rear_chassis"", ""front_rear_chassis_pin"", ""rear_rear_chassis_pin""]","[""carried_forward_state""]",carried_forward_state,carried_forward_state,11110110000,[],001300.jpg,
10_assy_0_1,1301,11110110000,0.97,"[[""11110110000"", 0.97]]","[""base"", ""front_chassis"", ""front_chassis_pin"", ""rear_chassis"", ""front_rear_chassis_pin"", ""rear_rear_chassis_pin""]","[""carried_forward_state""]",carried_forward_state,carried_forward_state,11110110000,[],001301.jpg,
10_assy_0_1,1302,11110110000,0.97,"[[""11110110000"", 0.97]]","[""base"", ""front_chassis"", ""front_chassis_pin"", ""rear_chassis"", ""front_rear_chassis_pin"", ""rear_rear_chassis_pin""]","[""carried_forward_state""]",carried_forward_state,carried_forward_state,11110110000,[],001302.jpg,
10_assy_0_1,1303,11110110000,0.97,"[[""11110110000"", 0.97]]","[""base"", ""front_chassis"", ""front_chassis_pin"", ""rear_chassis"", ""front_rear_chassis_pin"", ""rear_rear_chassis_pin""]","[""carried_forward_state""]",carried_forward_state,carried_forward_state,11110110000,[],001303.jpg,
10_assy_0_1,1304,11110110000,0.97,"[[""11110110000"", 0.97]]","[""base"", ""front_chassis"", ""front_chassis_pin"", ""rear_chassis"", ""front_rear_chassis_pin"", ""rear_rear_chassis_pin""]","[""carried_forward_state""]",carried_forward_state,carried_forward_state,11110110000,[],001304.jpg,
10_assy_0_1,1305,11110110000,0.97,"[[""11110110000"", 0.97]]","[""base"", ""front_chassis"", ""front_chassis_pin"", ""rear_chassis"", ""front_rear_chassis_pin"", ""rear_rear_chassis_pin""]","[""carried_forward_state""]",carried_forward_state,carried_forward_state,11110110000,[],001305.jpg,
10_assy_0_1,1306,11110110000,0.97,"[[""11110110000"", 0.97]]","[""base"", ""front_chassis"", ""front_chassis_pin"", ""rear_chassis"", ""front_rear_chassis_pin"", ""rear_rear_chassis_pin""]","[""carried_forward_state""]",carried_forward_state,carried_forward_state,11110110000,[],001306.jpg,
10_assy_0_1,1307,11110110000,0.97,"[[""11110110000"", 0.97]]","[""base"", ""front_chassis"", ""front_chassis_pin"", ""rear_chassis"", ""front_rear_chassis_pin"", ""rear_rear_chassis_pin""]","[""carried_forward_state""]",carried_forward_state,carried_forward_state,11110110000,[],001307.jpg,
10_assy_0_1,1308,11110110000,0.97,"[[""11110110000"", 0.97]]","[""base"", ""front_chassis"", ""front_chassis_pin"", ""rear_chassis"", ""front_rear_chassis_pin"", ""rear_rear_chassis_pin""]","[""carried_forward_state""]",carried_forward_state,carried_forward_state,11110110000,[],001308.jpg,
10_assy_0_1,1309,11110110000,0.97,"[[""11110110000"", 0.97]]","[""base"", ""front_chassis"", ""front_chassis_pin"", ""rear_chassis"", ""front_rear_chassis_pin"", ""rear_rear_chassis_pin""]","[""carried_forward_state""]",carried_forward_state,carried_forward_state,11110110000,[],001309.jpg,
10_assy_0_1,1310,11110110000,0.97,"[[""11110110000"", 0.97]]","[""base"", ""front_chassis"", ""front_chassis_pin"", ""rear_chassis"", ""front_rear_chassis_pin"", ""rear_rear_chassis_pin""]","[""carried_forward_state""]",carried_forward_state,carried_forward_state,11110110000,[],001310.jpg,
10_assy_0_1,1311,11110110000,0.97,"[[""11110110000"", 0.97]]","[""base"", ""front_chassis"", ""front_chassis_pin"", ""rear_chassis"", ""front_rear_chassis_pin"", ""rear_rear_chassis_pin""]","[""carried_forward_state""]",carried_forward_state,carried_forward_state,11110110000,[],001311.jpg,
10_assy_0_1,1312,11110110000,0.97,"[[""11110110000"", 0.97]]","[""base"", ""front_chassis"", ""front_chassis_pin"", ""rear_chassis"", ""front_rear_chassis_pin"", ""rear_rear_chassis_pin""]","[""carried_forward_state""]",carried_forward_state,carried_forward_state,11110110000,[],001312.jpg,
10_assy_0_1,1313,11110110000,0.97,"[[""11110110000"", 0.97]]","[""base"", ""front_chassis"", ""front_chassis_pin"", ""rear_chassis"", ""front_rear_chassis_pin"", ""rear_rear_chassis_pin""]","[""carried_forward_state""]",carried_forward_state,carried_forward_state,11110110000,[],001313.jpg,
10_assy_0_1,1314,11110110000,0.97,"[[""11110110000"", 0.97]]","[""base"", ""front_chassis"", ""front_chassis_pin"", ""rear_chassis"", ""front_rear_chassis_pin"", ""rear_rear_chassis_pin""]","[""carried_forward_state""]",carried_forward_state,carried_forward_state,11110110000,[],001314.jpg,
10_assy_0_1,1315,11110110000,0.97,"[[""11110110000"", 0.97]]","[""base"", ""front_chassis"", ""front_chassis_pin"", ""rear_chassis"", ""front_rear_chassis_pin"", ""rear_rear_chassis_pin""]","[""carried_forward_state""]",carried_forward_state,carried_forward_state,11110110000,[],001315.jpg,
10_assy_0_1,1316,11110110000,0.97,"[[""11110110000"", 0.97]]","[""base"", ""front_chassis"", ""front_chassis_pin"", ""rear_chassis"", ""front_rear_chassis_pin"", ""rear_rear_chassis_pin""]","[""carried_forward_state""]",carried_forward_state,carried_forward_state,11110110000,[],001316.jpg,
10_assy_0_1,1317,11110110000,0.97,"[[""11110110000"", 0.97]]","[""base"", ""front_chassis"", ""front_chassis_pin"", ""rear_chassis"", ""front_rear_chassis_pin"", ""rear_rear_chassis_pin""]","[""carried_forward_state""]",carried_forward_state,carried_forward_state,11110110000,[],001317.jpg,
10_assy_0_1,1318,11110110000,0.97,"[[""11110110000"", 0.97]]","[""base"", ""front_chassis"", ""front_chassis_pin"", ""rear_chassis"", ""front_rear_chassis_pin"", ""rear_rear_chassis_pin""]","[""carried_forward_state""]",carried_forward_state,carried_forward_state,11110110000,[],001318.jpg,
10_assy_0_1,1319,11110110000,0.97,"[[""11110110000"", 0.97]]","[""base"", ""front_chassis"", ""front_chassis_pin"", ""rear_chassis"", ""front_rear_chassis_pin"", ""rear_rear_chassis_pin""]","[""carried_forward_state""]",carried_forward_state,carried_forward_state,11110110000,[],001319.jpg,
10_assy_0_1,1320,11110110000,0.97,"[[""11110110000"", 0.97]]","[""base"", ""front_chassis"", ""front_chassis_pin"", ""rear_chassis"", ""front_rear_chassis_pin"", ""rear_rear_chassis_pin""]","[""carried_forward_state""]",carried_forward_state,carried_forward_state,11110110000,[],001320.jpg,
10_assy_0_1,1321,11110110000,0.97,"[[""11110110000"", 0.97]]","[""base"", ""front_chassis"", ""front_chassis_pin"", ""rear_chassis"", ""front_rear_chassis_pin"", ""rear_rear_chassis_pin""]","[""carried_forward_state""]",carried_forward_state,carried_forward_state,11110110000,[],001321.jpg,
10_assy_0_1,1322,11110110000,0.97,"[[""11110110000"", 0.97]]","[""base"", ""front_chassis"", ""front_chassis_pin"", ""rear_chassis"", ""front_rear_chassis_pin"", ""rear_rear_chassis_pin""]","[""carried_forward_state""]",carried_forward_state,carried_forward_state,11110110000,[],001322.jpg,
10_assy_0_1,1323,11110110000,0.97,"[[""11110110000"", 0.97]]","[""base"", ""front_chassis"", ""front_chassis_pin"", ""rear_chassis"", ""front_rear_chassis_pin"", ""rear_rear_chassis_pin""]","[""carried_forward_state""]",carried_forward_state,carried_forward_state,11110110000,[],001323.jpg,
10_assy_0_1,1324,11110110000,0.97,"[[""11110110000"", 0.97]]","[""base"", ""front_chassis"", ""front_chassis_pin"", ""rear_chassis"", ""front_rear_chassis_pin"", ""rear_rear_chassis_pin""]","[""carried_forward_state""]",carried_forward_state,carried_forward_state,11110110000,[],001324.jpg,
10_assy_0_1,1325,11110110000,0.97,"[[""11110110000"", 0.97]]","[""base"", ""front_chassis"", ""front_chassis_pin"", ""rear_chassis"", ""front_rear_chassis_pin"", ""rear_rear_chassis_pin""]","[""carried_forward_state""]",carried_forward_state,carried_forward_state,11110110000,[],001325.jpg,
10_assy_0_1,1326,11110110000,0.97,"[[""11110110000"", 0.97]]","[""base"", ""front_chassis"", ""front_chassis_pin"", ""rear_chassis"", ""front_rear_chassis_pin"", ""rear_rear_chassis_pin""]","[""carried_forward_state""]",carried_forward_state,carried_forward_state,11110110000,[],001326.jpg,
10_assy_0_1,1327,11110110000,0.97,"[[""11110110000"", 0.97]]","[""base"", ""front_chassis"", ""front_chassis_pin"", ""rear_chassis"", ""front_rear_chassis_pin"", ""rear_rear_chassis_pin""]","[""carried_forward_state""]",carried_forward_state,carried_forward_state,11110110000,[],001327.jpg,
10_assy_0_1,1328,11110110000,0.97,"[[""11110110000"", 0.97]]","[""base"", ""front_chassis"", ""front_chassis_pin"", ""rear_chassis"", ""front_rear_chassis_pin"", ""rear_rear_chassis_pin""]","[""carried_forward_state""]",carried_forward_state,carried_forward_state,11110110000,[],001328.jpg,
10_assy_0_1,1329,11110110000,0.97,"[[""11110110000"", 0.97]]","[""base"", ""front_chassis"", ""front_chassis_pin"", ""rear_chassis"", ""front_rear_chassis_pin"", ""rear_rear_chassis_pin""]","[""carried_forward_state""]",carried_forward_state,carried_forward_state,11110110000,[],001329.jpg,
10_assy_0_1,1330,11110110000,0.97,"[[""11110110000"", 0.97]]","[""base"", ""front_chassis"", ""front_chassis_pin"", ""rear_chassis"", ""front_rear_chassis_pin"", ""rear_rear_chassis_pin""]","[""carried_forward_state""]",carried_forward_state,carried_forward_state,11110110000,[],001330.jpg,
10_assy_0_1,1331,11110110000,0.97,"[[""11110110000"", 0.97]]","[""base"", ""front_chassis"", ""front_chassis_pin"", ""rear_chassis"", ""front_rear_chassis_pin"", ""rear_rear_chassis_pin""]","[""carried_forward_state""]",carried_forward_state,carried_forward_state,11110110000,[],001331.jpg,
10_assy_0_1,1332,11110110000,0.97,"[[""11110110000"", 0.97]]","[""base"", ""front_chassis"", ""front_chassis_pin"", ""rear_chassis"", ""front_rear_chassis_pin"", ""rear_rear_chassis_pin""]","[""carried_forward_state""]",carried_forward_state,carried_forward_state,11110110000,[],001332.jpg,
10_assy_0_1,1333,11110110000,0.97,"[[""11110110000"", 0.97]]","[""base"", ""front_chassis"", ""front_chassis_pin"", ""rear_chassis"", ""front_rear_chassis_pin"", ""rear_rear_chassis_pin""]","[""carried_forward_state""]",carried_forward_state,carried_forward_state,11110110000,[],001333.jpg,
10_assy_0_1,1334,11110110000,0.97,"[[""11110110000"", 0.97]]","[""base"", ""front_chassis"", ""front_chassis_pin"", ""rear_chassis"", ""front_rear_chassis_pin"", ""rear_rear_chassis_pin""]","[""carried_forward_state""]",carried_forward_state,carried_forward_state,11110110000,[],001334.jpg,
10_assy_0_1,1335,11110110000,0.97,"[[""11110110000"", 0.97]]","[""base"", ""front_chassis"", ""front_chassis_pin"", ""rear_chassis"", ""front_rear_chassis_pin"", ""rear_rear_chassis_pin""]","[""carried_forward_state""]",carried_forward_state,carried_forward_state,11110110000,[],001335.jpg,
10_assy_0_1,1336,11110110000,0.97,"[[""11110110000"", 0.97]]","[""base"", ""front_chassis"", ""front_chassis_pin"", ""rear_chassis"", ""front_rear_chassis_pin"", ""rear_rear_chassis_pin""]","[""carried_forward_state""]",carried_forward_state,carried_forward_state,11110110000,[],001336.jpg,
10_assy_0_1,1337,11110110000,0.97,"[[""11110110000"", 0.97]]","[""base"", ""front_chassis"", ""front_chassis_pin"", ""rear_chassis"", ""front_rear_chassis_pin"", ""rear_rear_chassis_pin""]","[""carried_forward_state""]",carried_forward_state,carried_forward_state,11110110000,[],001337.jpg,
10_assy_0_1,1338,11110110000,0.97,"[[""11110110000"", 0.97]]","[""base"", ""front_chassis"", ""front_chassis_pin"", ""rear_chassis"", ""front_rear_chassis_pin"", ""rear_rear_chassis_pin""]","[""carried_forward_state""]",carried_forward_state,carried_forward_state,11110110000,[],001338.jpg,
10_assy_0_1,1339,11110110000,0.97,"[[""11110110000"", 0.97]]","[""base"", ""front_chassis"", ""front_chassis_pin"", ""rear_chassis"", ""front_rear_chassis_pin"", ""rear_rear_chassis_pin""]","[""carried_forward_state""]",carried_forward_state,carried_forward_state,11110110000,[],001339.jpg,
10_assy_0_1,1340,11110110000,0.97,"[[""11110110000"", 0.97]]","[""base"", ""front_chassis"", ""front_chassis_pin"", ""rear_chassis"", ""front_rear_chassis_pin"", ""rear_rear_chassis_pin""]","[""carried_forward_state""]",carried_forward_state,carried_forward_state,11110110000,[],001340.jpg,
10_assy_0_1,1341,11110110000,0.97,"[[""11110110000"", 0.97]]","[""base"", ""front_chassis"", ""front_chassis_pin"", ""rear_chassis"", ""front_rear_chassis_pin"", ""rear_rear_chassis_pin""]","[""carried_forward_state""]",carried_forward_state,carried_forward_state,11110110000,[],001341.jpg,
10_assy_0_1,1342,11110110000,0.97,"[[""11110110000"", 0.97]]","[""base"", ""front_chassis"", ""front_chassis_pin"", ""rear_chassis"", ""front_rear_chassis_pin"", ""rear_rear_chassis_pin""]","[""carried_forward_state""]",carried_forward_state,carried_forward_state,11110110000,[],001342.jpg,
10_assy_0_1,1343,11110110000,0.97,"[[""11110110000"", 0.97]]","[""base"", ""front_chassis"", ""front_chassis_pin"", ""rear_chassis"", ""front_rear_chassis_pin"", ""rear_rear_chassis_pin""]","[""carried_forward_state""]",carried_forward_state,carried_forward_state,11110110000,[],001343.jpg,
10_assy_0_1,1344,11110110000,0.97,"[[""11110110000"", 0.97]]","[""base"", ""front_chassis"", ""front_chassis_pin"", ""rear_chassis"", ""front_rear_chassis_pin"", ""rear_rear_chassis_pin""]","[""carried_forward_state""]",carried_forward_state,carried_forward_state,11110110000,[],001344.jpg,
10_assy_0_1,1345,11110110000,0.97,"[[""11110110000"", 0.97]]","[""base"", ""front_chassis"", ""front_chassis_pin"", ""rear_chassis"", ""front_rear_chassis_pin"", ""rear_rear_chassis_pin""]","[""carried_forward_state""]",carried_forward_state,carried_forward_state,11110110000,[],001345.jpg,
10_assy_0_1,1346,11110110000,0.97,"[[""11110110000"", 0.97]]","[""base"", ""front_chassis"", ""front_chassis_pin"", ""rear_chassis"", ""front_rear_chassis_pin"", ""rear_rear_chassis_pin""]","[""carried_forward_state""]",carried_forward_state,carried_forward_state,11110110000,[],001346.jpg,
10_assy_0_1,1347,11110110000,0.97,"[[""11110110000"", 0.97]]","[""base"", ""front_chassis"", ""front_chassis_pin"", ""rear_chassis"", ""front_rear_chassis_pin"", ""rear_rear_chassis_pin""]","[""carried_forward_state""]",carried_forward_state,carried_forward_state,11110110000,[],001347.jpg,
10_assy_0_1,1348,11110110000,0.97,"[[""11110110000"", 0.97]]","[""base"", ""front_chassis"", ""front_chassis_pin"", ""rear_chassis"", ""front_rear_chassis_pin"", ""rear_rear_chassis_pin""]","[""carried_forward_state""]",carried_forward_state,carried_forward_state,11110110000,[],001348.jpg,
10_assy_0_1,1349,11110110000,0.97,"[[""11110110000"", 0.97]]","[""base"", ""front_chassis"", ""front_chassis_pin"", ""rear_chassis"", ""front_rear_chassis_pin"", ""rear_rear_chassis_pin""]","[""carried_forward_state""]",carried_forward_state,carried_forward_state,11110110000,[],001349.jpg,
10_assy_0_1,1350,11110110000,0.97,"[[""11110110000"", 0.97]]","[""base"", ""front_chassis"", ""front_chassis_pin"", ""rear_chassis"", ""front_rear_chassis_pin"", ""rear_rear_chassis_pin""]","[""carried_forward_state""]",carried_forward_state,carried_forward_state,11110110000,[],001350.jpg,
10_assy_0_1,1351,11110110000,0.97,"[[""11110110000"", 0.97]]","[""base"", ""front_chassis"", ""front_chassis_pin"", ""rear_chassis"", ""front_rear_chassis_pin"", ""rear_rear_chassis_pin""]","[""carried_forward_state""]",carried_forward_state,carried_forward_state,11110110000,[],001351.jpg,
10_assy_0_1,1352,11110110000,0.97,"[[""11110110000"", 0.97]]","[""base"", ""front_chassis"", ""front_chassis_pin"", ""rear_chassis"", ""front_rear_chassis_pin"", ""rear_rear_chassis_pin""]","[""carried_forward_state""]",carried_forward_state,carried_forward_state,11110110000,[],001352.jpg,
10_assy_0_1,1353,11110110000,0.97,"[[""11110110000"", 0.97]]","[""base"", ""front_chassis"", ""front_chassis_pin"", ""rear_chassis"", ""front_rear_chassis_pin"", ""rear_rear_chassis_pin""]","[""carried_forward_state""]",carried_forward_state,carried_forward_state,11110110000,[],001353.jpg,
10_assy_0_1,1354,11110110000,0.97,"[[""11110110000"", 0.97]]","[""base"", ""front_chassis"", ""front_chassis_pin"", ""rear_chassis"", ""front_rear_chassis_pin"", ""rear_rear_chassis_pin""]","[""carried_forward_state""]",carried_forward_state,carried_forward_state,11110110000,[],001354.jpg,
10_assy_0_1,1355,11110110000,0.97,"[[""11110110000"", 0.97]]","[""base"", ""front_chassis"", ""front_chassis_pin"", ""rear_chassis"", ""front_rear_chassis_pin"", ""rear_rear_chassis_pin""]","[""carried_forward_state""]",carried_forward_state,carried_forward_state,11110110000,[],001355.jpg,
10_assy_0_1,1356,11110110000,0.97,"[[""11110110000"", 0.97]]","[""base"", ""front_chassis"", ""front_chassis_pin"", ""rear_chassis"", ""front_rear_chassis_pin"", ""rear_rear_chassis_pin""]","[""carried_forward_state""]",carried_forward_state,carried_forward_state,11110110000,[],001356.jpg,
10_assy_0_1,1357,11110110000,0.97,"[[""11110110000"", 0.97]]","[""base"", ""front_chassis"", ""front_chassis_pin"", ""rear_chassis"", ""front_rear_chassis_pin"", ""rear_rear_chassis_pin""]","[""carried_forward_state""]",carried_forward_state,carried_forward_state,11110110000,[],001357.jpg,
10_assy_0_1,1358,11110110000,0.97,"[[""11110110000"", 0.97]]","[""base"", ""front_chassis"", ""front_chassis_pin"", ""rear_chassis"", ""front_rear_chassis_pin"", ""rear_rear_chassis_pin""]","[""carried_forward_state""]",carried_forward_state,carried_forward_state,11110110000,[],001358.jpg,
10_assy_0_1,1359,11110110000,0.97,"[[""11110110000"", 0.97]]","[""base"", ""front_chassis"", ""front_chassis_pin"", ""rear_chassis"", ""front_rear_chassis_pin"", ""rear_rear_chassis_pin""]","[""carried_forward_state""]",carried_forward_state,carried_forward_state,11110110000,[],001359.jpg,
10_assy_0_1,1360,11110110000,0.97,"[[""11110110000"", 0.97]]","[""base"", ""front_chassis"", ""front_chassis_pin"", ""rear_chassis"", ""front_rear_chassis_pin"", ""rear_rear_chassis_pin""]","[""carried_forward_state""]",carried_forward_state,carried_forward_state,11110110000,[],001360.jpg,
10_assy_0_1,1361,11110110000,0.97,"[[""11110110000"", 0.97]]","[""base"", ""front_chassis"", ""front_chassis_pin"", ""rear_chassis"", ""front_rear_chassis_pin"", ""rear_rear_chassis_pin""]","[""carried_forward_state""]",carried_forward_state,carried_forward_state,11110110000,[],001361.jpg,
10_assy_0_1,1362,11110110000,0.97,"[[""11110110000"", 0.97]]","[""base"", ""front_chassis"", ""front_chassis_pin"", ""rear_chassis"", ""front_rear_chassis_pin"", ""rear_rear_chassis_pin""]","[""carried_forward_state""]",carried_forward_state,carried_forward_state,11110110000,[],001362.jpg,
10_assy_0_1,1363,11110110000,0.97,"[[""11110110000"", 0.97]]","[""base"", ""front_chassis"", ""front_chassis_pin"", ""rear_chassis"", ""front_rear_chassis_pin"", ""rear_rear_chassis_pin""]","[""carried_forward_state""]",carried_forward_state,carried_forward_state,11110110000,[],001363.jpg,
10_assy_0_1,1364,11110110000,0.97,"[[""11110110000"", 0.97]]","[""base"", ""front_chassis"", ""front_chassis_pin"", ""rear_chassis"", ""front_rear_chassis_pin"", ""rear_rear_chassis_pin""]","[""carried_forward_state""]",carried_forward_state,carried_forward_state,11110110000,[],001364.jpg,
10_assy_0_1,1365,11110110000,0.97,"[[""11110110000"", 0.97]]","[""base"", ""front_chassis"", ""front_chassis_pin"", ""rear_chassis"", ""front_rear_chassis_pin"", ""rear_rear_chassis_pin""]","[""carried_forward_state""]",carried_forward_state,carried_forward_state,11110110000,[],001365.jpg,
10_assy_0_1,1366,11110110000,0.97,"[[""11110110000"", 0.97]]","[""base"", ""front_chassis"", ""front_chassis_pin"", ""rear_chassis"", ""front_rear_chassis_pin"", ""rear_rear_chassis_pin""]","[""carried_forward_state""]",carried_forward_state,carried_forward_state,11110110000,[],001366.jpg,
10_assy_0_1,1367,11110110000,0.97,"[[""11110110000"", 0.97]]","[""base"", ""front_chassis"", ""front_chassis_pin"", ""rear_chassis"", ""front_rear_chassis_pin"", ""rear_rear_chassis_pin""]","[""carried_forward_state""]",carried_forward_state,carried_forward_state,11110110000,[],001367.jpg,
10_assy_0_1,1368,11110110000,0.97,"[[""11110110000"", 0.97]]","[""base"", ""front_chassis"", ""front_chassis_pin"", ""rear_chassis"", ""front_rear_chassis_pin"", ""rear_rear_chassis_pin""]","[""carried_forward_state""]",carried_forward_state,carried_forward_state,11110110000,[],001368.jpg,
10_assy_0_1,1369,11110110000,0.97,"[[""11110110000"", 0.97]]","[""base"", ""front_chassis"", ""front_chassis_pin"", ""rear_chassis"", ""front_rear_chassis_pin"", ""rear_rear_chassis_pin""]","[""carried_forward_state""]",carried_forward_state,carried_forward_state,11110110000,[],001369.jpg,
10_assy_0_1,1370,11110110000,0.97,"[[""11110110000"", 0.97]]","[""base"", ""front_chassis"", ""front_chassis_pin"", ""rear_chassis"", ""front_rear_chassis_pin"", ""rear_rear_chassis_pin""]","[""carried_forward_state""]",carried_forward_state,carried_forward_state,11110110000,[],001370.jpg,
10_assy_0_1,1371,11110110000,0.97,"[[""11110110000"", 0.97]]","[""base"", ""front_chassis"", ""front_chassis_pin"", ""rear_chassis"", ""front_rear_chassis_pin"", ""rear_rear_chassis_pin""]","[""carried_forward_state""]",carried_forward_state,carried_forward_state,11110110000,[],001371.jpg,
10_assy_0_1,1372,11110110000,0.97,"[[""11110110000"", 0.97]]","[""base"", ""front_chassis"", ""front_chassis_pin"", ""rear_chassis"", ""front_rear_chassis_pin"", ""rear_rear_chassis_pin""]","[""carried_forward_state""]",carried_forward_state,carried_forward_state,11110110000,[],001372.jpg,
10_assy_0_1,1373,11110110000,0.97,"[[""11110110000"", 0.97]]","[""base"", ""front_chassis"", ""front_chassis_pin"", ""rear_chassis"", ""front_rear_chassis_pin"", ""rear_rear_chassis_pin""]","[""carried_forward_state""]",carried_forward_state,carried_forward_state,11110110000,[],001373.jpg,
10_assy_0_1,1374,11110110000,0.97,"[[""11110110000"", 0.97]]","[""base"", ""front_chassis"", ""front_chassis_pin"", ""rear_chassis"", ""front_rear_chassis_pin"", ""rear_rear_chassis_pin""]","[""carried_forward_state""]",carried_forward_state,carried_forward_state,11110110000,[],001374.jpg,
10_assy_0_1,1375,11110110000,0.97,"[[""11110110000"", 0.97]]","[""base"", ""front_chassis"", ""front_chassis_pin"", ""rear_chassis"", ""front_rear_chassis_pin"", ""rear_rear_chassis_pin""]","[""carried_forward_state""]",carried_forward_state,carried_forward_state,11110110000,[],001375.jpg,
10_assy_0_1,1376,11110110000,0.97,"[[""11110110000"", 0.97]]","[""base"", ""front_chassis"", ""front_chassis_pin"", ""rear_chassis"", ""front_rear_chassis_pin"", ""rear_rear_chassis_pin""]","[""carried_forward_state""]",carried_forward_state,carried_forward_state,11110110000,[],001376.jpg,
10_assy_0_1,1377,11110110000,0.97,"[[""11110110000"", 0.97]]","[""base"", ""front_chassis"", ""front_chassis_pin"", ""rear_chassis"", ""front_rear_chassis_pin"", ""rear_rear_chassis_pin""]","[""carried_forward_state""]",carried_forward_state,carried_forward_state,11110110000,[],001377.jpg,
10_assy_0_1,1378,11110110000,0.97,"[[""11110110000"", 0.97]]","[""base"", ""front_chassis"", ""front_chassis_pin"", ""rear_chassis"", ""front_rear_chassis_pin"", ""rear_rear_chassis_pin""]","[""carried_forward_state""]",carried_forward_state,carried_forward_state,11110110000,[],001378.jpg,
10_assy_0_1,1379,11110110000,0.97,"[[""11110110000"", 0.97]]","[""base"", ""front_chassis"", ""front_chassis_pin"", ""rear_chassis"", ""front_rear_chassis_pin"", ""rear_rear_chassis_pin""]","[""carried_forward_state""]",carried_forward_state,carried_forward_state,11110110000,[],001379.jpg,
10_assy_0_1,1380,11110110000,0.97,"[[""11110110000"", 0.97]]","[""base"", ""front_chassis"", ""front_chassis_pin"", ""rear_chassis"", ""front_rear_chassis_pin"", ""rear_rear_chassis_pin""]","[""carried_forward_state""]",carried_forward_state,carried_forward_state,11110110000,[],001380.jpg,
10_assy_0_1,1381,11110110000,0.97,"[[""11110110000"", 0.97]]","[""base"", ""front_chassis"", ""front_chassis_pin"", ""rear_chassis"", ""front_rear_chassis_pin"", ""rear_rear_chassis_pin""]","[""carried_forward_state""]",carried_forward_state,carried_forward_state,11110110000,[],001381.jpg,
10_assy_0_1,1382,11110110000,0.97,"[[""11110110000"", 0.97]]","[""base"", ""front_chassis"", ""front_chassis_pin"", ""rear_chassis"", ""front_rear_chassis_pin"", ""rear_rear_chassis_pin""]","[""carried_forward_state""]",carried_forward_state,carried_forward_state,11110110000,[],001382.jpg,
10_assy_0_1,1383,11110110000,0.97,"[[""11110110000"", 0.97]]","[""base"", ""front_chassis"", ""front_chassis_pin"", ""rear_chassis"", ""front_rear_chassis_pin"", ""rear_rear_chassis_pin""]","[""carried_forward_state""]",carried_forward_state,carried_forward_state,11110110000,[],001383.jpg,
10_assy_0_1,1384,11110110000,0.97,"[[""11110110000"", 0.97]]","[""base"", ""front_chassis"", ""front_chassis_pin"", ""rear_chassis"", ""front_rear_chassis_pin"", ""rear_rear_chassis_pin""]","[""carried_forward_state""]",carried_forward_state,carried_forward_state,11110110000,[],001384.jpg,
10_assy_0_1,1385,11110110000,0.97,"[[""11110110000"", 0.97]]","[""base"", ""front_chassis"", ""front_chassis_pin"", ""rear_chassis"", ""front_rear_chassis_pin"", ""rear_rear_chassis_pin""]","[""carried_forward_state""]",carried_forward_state,carried_forward_state,11110110000,[],001385.jpg,
10_assy_0_1,1386,11110110000,0.97,"[[""11110110000"", 0.97]]","[""base"", ""front_chassis"", ""front_chassis_pin"", ""rear_chassis"", ""front_rear_chassis_pin"", ""rear_rear_chassis_pin""]","[""carried_forward_state""]",carried_forward_state,carried_forward_state,11110110000,[],001386.jpg,
10_assy_0_1,1387,11110110000,0.97,"[[""11110110000"", 0.97]]","[""base"", ""front_chassis"", ""front_chassis_pin"", ""rear_chassis"", ""front_rear_chassis_pin"", ""rear_rear_chassis_pin""]","[""carried_forward_state""]",carried_forward_state,carried_forward_state,11110110000,[],001387.jpg,
10_assy_0_1,1388,11110110000,0.97,"[[""11110110000"", 0.97]]","[""base"", ""front_chassis"", ""front_chassis_pin"", ""rear_chassis"", ""front_rear_chassis_pin"", ""rear_rear_chassis_pin""]","[""carried_forward_state""]",carried_forward_state,carried_forward_state,11110110000,[],001388.jpg,
10_assy_0_1,1389,11110110000,0.97,"[[""11110110000"", 0.97]]","[""base"", ""front_chassis"", ""front_chassis_pin"", ""rear_chassis"", ""front_rear_chassis_pin"", ""rear_rear_chassis_pin""]","[""carried_forward_state""]",carried_forward_state,carried_forward_state,11110110000,[],001389.jpg,
10_assy_0_1,1390,11110110000,0.97,"[[""11110110000"", 0.97]]","[""base"", ""front_chassis"", ""front_chassis_pin"", ""rear_chassis"", ""front_rear_chassis_pin"", ""rear_rear_chassis_pin""]","[""carried_forward_state""]",carried_forward_state,carried_forward_state,11110110000,[],001390.jpg,
10_assy_0_1,1391,11110110000,0.97,"[[""11110110000"", 0.97]]","[""base"", ""front_chassis"", ""front_chassis_pin"", ""rear_chassis"", ""front_rear_chassis_pin"", ""rear_rear_chassis_pin""]","[""carried_forward_state""]",carried_forward_state,carried_forward_state,11110110000,[],001391.jpg,
10_assy_0_1,1392,11110110000,0.97,"[[""11110110000"", 0.97]]","[""base"", ""front_chassis"", ""front_chassis_pin"", ""rear_chassis"", ""front_rear_chassis_pin"", ""rear_rear_chassis_pin""]","[""carried_forward_state""]",carried_forward_state,carried_forward_state,11110110000,[],001392.jpg,
10_assy_0_1,1393,11110110000,0.97,"[[""11110110000"", 0.97]]","[""base"", ""front_chassis"", ""front_chassis_pin"", ""rear_chassis"", ""front_rear_chassis_pin"", ""rear_rear_chassis_pin""]","[""carried_forward_state""]",carried_forward_state,carried_forward_state,11110110000,[],001393.jpg,
10_assy_0_1,1394,11110110000,0.97,"[[""11110110000"", 0.97]]","[""base"", ""front_chassis"", ""front_chassis_pin"", ""rear_chassis"", ""front_rear_chassis_pin"", ""rear_rear_chassis_pin""]","[""carried_forward_state""]",carried_forward_state,carried_forward_state,11110110000,[],001394.jpg,
10_assy_0_1,1395,11110110000,0.97,"[[""11110110000"", 0.97]]","[""base"", ""front_chassis"", ""front_chassis_pin"", ""rear_chassis"", ""front_rear_chassis_pin"", ""rear_rear_chassis_pin""]","[""carried_forward_state""]",carried_forward_state,carried_forward_state,11110110000,[],001395.jpg,
10_assy_0_1,1396,11110110000,0.97,"[[""11110110000"", 0.97]]","[""base"", ""front_chassis"", ""front_chassis_pin"", ""rear_chassis"", ""front_rear_chassis_pin"", ""rear_rear_chassis_pin""]","[""carried_forward_state""]",carried_forward_state,carried_forward_state,11110110000,[],001396.jpg,
10_assy_0_1,1397,11110110000,0.97,"[[""11110110000"", 0.97]]","[""base"", ""front_chassis"", ""front_chassis_pin"", ""rear_chassis"", ""front_rear_chassis_pin"", ""rear_rear_chassis_pin""]","[""carried_forward_state""]",carried_forward_state,carried_forward_state,11110110000,[],001397.jpg,
10_assy_0_1,1398,11110110000,0.97,"[[""11110110000"", 0.97]]","[""base"", ""front_chassis"", ""front_chassis_pin"", ""rear_chassis"", ""front_rear_chassis_pin"", ""rear_rear_chassis_pin""]","[""carried_forward_state""]",carried_forward_state,carried_forward_state,11110110000,[],001398.jpg,
10_assy_0_1,1399,11110110000,0.97,"[[""11110110000"", 0.97]]","[""base"", ""front_chassis"", ""front_chassis_pin"", ""rear_chassis"", ""front_rear_chassis_pin"", ""rear_rear_chassis_pin""]","[""carried_forward_state""]",carried_forward_state,carried_forward_state,11110110000,[],001399.jpg,
10_assy_0_1,1400,11110110000,0.97,"[[""11110110000"", 0.97]]","[""base"", ""front_chassis"", ""front_chassis_pin"", ""rear_chassis"", ""front_rear_chassis_pin"", ""rear_rear_chassis_pin""]","[""carried_forward_state""]",carried_forward_state,carried_forward_state,11110110000,[],001400.jpg,
10_assy_0_1,1401,11110110000,0.97,"[[""11110110000"", 0.97]]","[""base"", ""front_chassis"", ""front_chassis_pin"", ""rear_chassis"", ""front_rear_chassis_pin"", ""rear_rear_chassis_pin""]","[""carried_forward_state""]",carried_forward_state,carried_forward_state,11110110000,[],001401.jpg,
10_assy_0_1,1402,11110110000,0.97,"[[""11110110000"", 0.97]]","[""base"", ""front_chassis"", ""front_chassis_pin"", ""rear_chassis"", ""front_rear_chassis_pin"", ""rear_rear_chassis_pin""]","[""carried_forward_state""]",carried_forward_state,carried_forward_state,11110110000,[],001402.jpg,
10_assy_0_1,1403,11110110000,0.97,"[[""11110110000"", 0.97]]","[""base"", ""front_chassis"", ""front_chassis_pin"", ""rear_chassis"", ""front_rear_chassis_pin"", ""rear_rear_chassis_pin""]","[""carried_forward_state""]",carried_forward_state,carried_forward_state,11110110000,[],001403.jpg,
10_assy_0_1,1404,11110110000,0.97,"[[""11110110000"", 0.97]]","[""base"", ""front_chassis"", ""front_chassis_pin"", ""rear_chassis"", ""front_rear_chassis_pin"", ""rear_rear_chassis_pin""]","[""carried_forward_state""]",carried_forward_state,carried_forward_state,11110110000,[],001404.jpg,
10_assy_0_1,1405,11110110000,0.97,"[[""11110110000"", 0.97]]","[""base"", ""front_chassis"", ""front_chassis_pin"", ""rear_chassis"", ""front_rear_chassis_pin"", ""rear_rear_chassis_pin""]","[""carried_forward_state""]",carried_forward_state,carried_forward_state,11110110000,[],001405.jpg,
10_assy_0_1,1406,11110110000,0.97,"[[""11110110000"", 0.97]]","[""base"", ""front_chassis"", ""front_chassis_pin"", ""rear_chassis"", ""front_rear_chassis_pin"", ""rear_rear_chassis_pin""]","[""carried_forward_state""]",carried_forward_state,carried_forward_state,11110110000,[],001406.jpg,
10_assy_0_1,1407,11110110000,0.97,"[[""11110110000"", 0.97]]","[""base"", ""front_chassis"", ""front_chassis_pin"", ""rear_chassis"", ""front_rear_chassis_pin"", ""rear_rear_chassis_pin""]","[""carried_forward_state""]",carried_forward_state,carried_forward_state,11110110000,[],001407.jpg,
10_assy_0_1,1408,11110110000,0.97,"[[""11110110000"", 0.97]]","[""base"", ""front_chassis"", ""front_chassis_pin"", ""rear_chassis"", ""front_rear_chassis_pin"", ""rear_rear_chassis_pin""]","[""carried_forward_state""]",carried_forward_state,carried_forward_state,11110110000,[],001408.jpg,
10_assy_0_1,1409,11110110000,0.97,"[[""11110110000"", 0.97]]","[""base"", ""front_chassis"", ""front_chassis_pin"", ""rear_chassis"", ""front_rear_chassis_pin"", ""rear_rear_chassis_pin""]","[""carried_forward_state""]",carried_forward_state,carried_forward_state,11110110000,[],001409.jpg,
10_assy_0_1,1410,11110110000,0.97,"[[""11110110000"", 0.97]]","[""base"", ""front_chassis"", ""front_chassis_pin"", ""rear_chassis"", ""front_rear_chassis_pin"", ""rear_rear_chassis_pin""]","[""carried_forward_state""]",carried_forward_state,carried_forward_state,11110110000,[],001410.jpg,
10_assy_0_1,1411,11110110000,0.97,"[[""11110110000"", 0.97]]","[""base"", ""front_chassis"", ""front_chassis_pin"", ""rear_chassis"", ""front_rear_chassis_pin"", ""rear_rear_chassis_pin""]","[""carried_forward_state""]",carried_forward_state,carried_forward_state,11110110000,[],001411.jpg,
10_assy_0_1,1412,11110110000,0.97,"[[""11110110000"", 0.97]]","[""base"", ""front_chassis"", ""front_chassis_pin"", ""rear_chassis"", ""front_rear_chassis_pin"", ""rear_rear_chassis_pin""]","[""carried_forward_state""]",carried_forward_state,carried_forward_state,11110110000,[],001412.jpg,
10_assy_0_1,1413,11110110000,0.97,"[[""11110110000"", 0.97]]","[""base"", ""front_chassis"", ""front_chassis_pin"", ""rear_chassis"", ""front_rear_chassis_pin"", ""rear_rear_chassis_pin""]","[""carried_forward_state""]",carried_forward_state,carried_forward_state,11110110000,[],001413.jpg,
10_assy_0_1,1414,11110110000,0.97,"[[""11110110000"", 0.97]]","[""base"", ""front_chassis"", ""front_chassis_pin"", ""rear_chassis"", ""front_rear_chassis_pin"", ""rear_rear_chassis_pin""]","[""carried_forward_state""]",carried_forward_state,carried_forward_state,11110110000,[],001414.jpg,
10_assy_0_1,1415,11110110000,0.97,"[[""11110110000"", 0.97]]","[""base"", ""front_chassis"", ""front_chassis_pin"", ""rear_chassis"", ""front_rear_chassis_pin"", ""rear_rear_chassis_pin""]","[""carried_forward_state""]",carried_forward_state,carried_forward_state,11110110000,[],001415.jpg,
10_assy_0_1,1416,11110110000,0.97,"[[""11110110000"", 0.97]]","[""base"", ""front_chassis"", ""front_chassis_pin"", ""rear_chassis"", ""front_rear_chassis_pin"", ""rear_rear_chassis_pin""]","[""carried_forward_state""]",carried_forward_state,carried_forward_state,11110110000,[],001416.jpg,
10_assy_0_1,1417,11110110000,0.97,"[[""11110110000"", 0.97]]","[""base"", ""front_chassis"", ""front_chassis_pin"", ""rear_chassis"", ""front_rear_chassis_pin"", ""rear_rear_chassis_pin""]","[""carried_forward_state""]",carried_forward_state,carried_forward_state,11110110000,[],001417.jpg,
10_assy_0_1,1418,11110110000,0.97,"[[""11110110000"", 0.97]]","[""base"", ""front_chassis"", ""front_chassis_pin"", ""rear_chassis"", ""front_rear_chassis_pin"", ""rear_rear_chassis_pin""]","[""carried_forward_state""]",carried_forward_state,carried_forward_state,11110110000,[],001418.jpg,
10_assy_0_1,1419,11110110000,0.97,"[[""11110110000"", 0.97]]","[""base"", ""front_chassis"", ""front_chassis_pin"", ""rear_chassis"", ""front_rear_chassis_pin"", ""rear_rear_chassis_pin""]","[""carried_forward_state""]",carried_forward_state,carried_forward_state,11110110000,[],001419.jpg,
10_assy_0_1,1420,11110110000,0.97,"[[""11110110000"", 0.97]]","[""base"", ""front_chassis"", ""front_chassis_pin"", ""rear_chassis"", ""front_rear_chassis_pin"", ""rear_rear_chassis_pin""]","[""carried_forward_state""]",carried_forward_state,carried_forward_state,11110110000,[],001420.jpg,
10_assy_0_1,1421,11110110000,0.97,"[[""11110110000"", 0.97]]","[""base"", ""front_chassis"", ""front_chassis_pin"", ""rear_chassis"", ""front_rear_chassis_pin"", ""rear_rear_chassis_pin""]","[""carried_forward_state""]",carried_forward_state,carried_forward_state,11110110000,[],001421.jpg,
10_assy_0_1,1422,11110110000,0.97,"[[""11110110000"", 0.97]]","[""base"", ""front_chassis"", ""front_chassis_pin"", ""rear_chassis"", ""front_rear_chassis_pin"", ""rear_rear_chassis_pin""]","[""carried_forward_state""]",carried_forward_state,carried_forward_state,11110110000,[],001422.jpg,
10_assy_0_1,1423,11110110000,0.97,"[[""11110110000"", 0.97]]","[""base"", ""front_chassis"", ""front_chassis_pin"", ""rear_chassis"", ""front_rear_chassis_pin"", ""rear_rear_chassis_pin""]","[""carried_forward_state""]",carried_forward_state,carried_forward_state,11110110000,[],001423.jpg,
10_assy_0_1,1424,11110110000,0.97,"[[""11110110000"", 0.97]]","[""base"", ""front_chassis"", ""front_chassis_pin"", ""rear_chassis"", ""front_rear_chassis_pin"", ""rear_rear_chassis_pin""]","[""carried_forward_state""]",carried_forward_state,carried_forward_state,11110110000,[],001424.jpg,
10_assy_0_1,1425,11110110000,0.97,"[[""11110110000"", 0.97]]","[""base"", ""front_chassis"", ""front_chassis_pin"", ""rear_chassis"", ""front_rear_chassis_pin"", ""rear_rear_chassis_pin""]","[""carried_forward_state""]",carried_forward_state,carried_forward_state,11110110000,[],001425.jpg,
10_assy_0_1,1426,11110110000,0.97,"[[""11110110000"", 0.97]]","[""base"", ""front_chassis"", ""front_chassis_pin"", ""rear_chassis"", ""front_rear_chassis_pin"", ""rear_rear_chassis_pin""]","[""carried_forward_state""]",carried_forward_state,carried_forward_state,11110110000,[],001426.jpg,
10_assy_0_1,1427,11110110000,0.97,"[[""11110110000"", 0.97]]","[""base"", ""front_chassis"", ""front_chassis_pin"", ""rear_chassis"", ""front_rear_chassis_pin"", ""rear_rear_chassis_pin""]","[""carried_forward_state""]",carried_forward_state,carried_forward_state,11110110000,[],001427.jpg,
10_assy_0_1,1428,11110110000,0.97,"[[""11110110000"", 0.97]]","[""base"", ""front_chassis"", ""front_chassis_pin"", ""rear_chassis"", ""front_rear_chassis_pin"", ""rear_rear_chassis_pin""]","[""carried_forward_state""]",carried_forward_state,carried_forward_state,11110110000,[],001428.jpg,
10_assy_0_1,1429,11110110000,0.97,"[[""11110110000"", 0.97]]","[""base"", ""front_chassis"", ""front_chassis_pin"", ""rear_chassis"", ""front_rear_chassis_pin"", ""rear_rear_chassis_pin""]","[""carried_forward_state""]",carried_forward_state,carried_forward_state,11110110000,[],001429.jpg,
10_assy_0_1,1430,11110110000,0.97,"[[""11110110000"", 0.97]]","[""base"", ""front_chassis"", ""front_chassis_pin"", ""rear_chassis"", ""front_rear_chassis_pin"", ""rear_rear_chassis_pin""]","[""carried_forward_state""]",carried_forward_state,carried_forward_state,11110110000,[],001430.jpg,
10_assy_0_1,1431,11110110000,0.97,"[[""11110110000"", 0.97]]","[""base"", ""front_chassis"", ""front_chassis_pin"", ""rear_chassis"", ""front_rear_chassis_pin"", ""rear_rear_chassis_pin""]","[""carried_forward_state""]",carried_forward_state,carried_forward_state,11110110000,[],001431.jpg,
10_assy_0_1,1432,11110110000,0.97,"[[""11110110000"", 0.97]]","[""base"", ""front_chassis"", ""front_chassis_pin"", ""rear_chassis"", ""front_rear_chassis_pin"", ""rear_rear_chassis_pin""]","[""carried_forward_state""]",carried_forward_state,carried_forward_state,11110110000,[],001432.jpg,
10_assy_0_1,1433,11110110000,0.97,"[[""11110110000"", 0.97]]","[""base"", ""front_chassis"", ""front_chassis_pin"", ""rear_chassis"", ""front_rear_chassis_pin"", ""rear_rear_chassis_pin""]","[""carried_forward_state""]",carried_forward_state,carried_forward_state,11110110000,[],001433.jpg,
10_assy_0_1,1434,11110110000,0.97,"[[""11110110000"", 0.97]]","[""base"", ""front_chassis"", ""front_chassis_pin"", ""rear_chassis"", ""front_rear_chassis_pin"", ""rear_rear_chassis_pin""]","[""carried_forward_state""]",carried_forward_state,carried_forward_state,11110110000,[],001434.jpg,
10_assy_0_1,1435,11110110000,0.97,"[[""11110110000"", 0.97]]","[""base"", ""front_chassis"", ""front_chassis_pin"", ""rear_chassis"", ""front_rear_chassis_pin"", ""rear_rear_chassis_pin""]","[""carried_forward_state""]",carried_forward_state,carried_forward_state,11110110000,[],001435.jpg,
10_assy_0_1,1436,11110110000,0.97,"[[""11110110000"", 0.97]]","[""base"", ""front_chassis"", ""front_chassis_pin"", ""rear_chassis"", ""front_rear_chassis_pin"", ""rear_rear_chassis_pin""]","[""carried_forward_state""]",carried_forward_state,carried_forward_state,11110110000,[],001436.jpg,
10_assy_0_1,1437,11110110000,0.97,"[[""11110110000"", 0.97]]","[""base"", ""front_chassis"", ""front_chassis_pin"", ""rear_chassis"", ""front_rear_chassis_pin"", ""rear_rear_chassis_pin""]","[""carried_forward_state""]",carried_forward_state,carried_forward_state,11110110000,[],001437.jpg,
10_assy_0_1,1438,11110110000,0.97,"[[""11110110000"", 0.97]]","[""base"", ""front_chassis"", ""front_chassis_pin"", ""rear_chassis"", ""front_rear_chassis_pin"", ""rear_rear_chassis_pin""]","[""carried_forward_state""]",carried_forward_state,carried_forward_state,11110110000,[],001438.jpg,
10_assy_0_1,1439,11110110000,0.97,"[[""11110110000"", 0.97]]","[""base"", ""front_chassis"", ""front_chassis_pin"", ""rear_chassis"", ""front_rear_chassis_pin"", ""rear_rear_chassis_pin""]","[""carried_forward_state""]",carried_forward_state,carried_forward_state,11110110000,[],001439.jpg,
10_assy_0_1,1440,11110110000,0.97,"[[""11110110000"", 0.97]]","[""base"", ""front_chassis"", ""front_chassis_pin"", ""rear_chassis"", ""front_rear_chassis_pin"", ""rear_rear_chassis_pin""]","[""carried_forward_state""]",carried_forward_state,carried_forward_state,11110110000,[],001440.jpg,
10_assy_0_1,1441,11110110000,0.97,"[[""11110110000"", 0.97]]","[""base"", ""front_chassis"", ""front_chassis_pin"", ""rear_chassis"", ""front_rear_chassis_pin"", ""rear_rear_chassis_pin""]","[""carried_forward_state""]",carried_forward_state,carried_forward_state,11110110000,[],001441.jpg,
10_assy_0_1,1442,11110110000,0.97,"[[""11110110000"", 0.97]]","[""base"", ""front_chassis"", ""front_chassis_pin"", ""rear_chassis"", ""front_rear_chassis_pin"", ""rear_rear_chassis_pin""]","[""carried_forward_state""]",carried_forward_state,carried_forward_state,11110110000,[],001442.jpg,
10_assy_0_1,1443,11110110000,0.97,"[[""11110110000"", 0.97]]","[""base"", ""front_chassis"", ""front_chassis_pin"", ""rear_chassis"", ""front_rear_chassis_pin"", ""rear_rear_chassis_pin""]","[""carried_forward_state""]",carried_forward_state,carried_forward_state,11110110000,[],001443.jpg,
10_assy_0_1,1444,11110110000,0.97,"[[""11110110000"", 0.97]]","[""base"", ""front_chassis"", ""front_chassis_pin"", ""rear_chassis"", ""front_rear_chassis_pin"", ""rear_rear_chassis_pin""]","[""carried_forward_state""]",carried_forward_state,carried_forward_state,11110110000,[],001444.jpg,
10_assy_0_1,1445,11110110000,0.97,"[[""11110110000"", 0.97]]","[""base"", ""front_chassis"", ""front_chassis_pin"", ""rear_chassis"", ""front_rear_chassis_pin"", ""rear_rear_chassis_pin""]","[""carried_forward_state""]",carried_forward_state,carried_forward_state,11110110000,[],001445.jpg,
10_assy_0_1,1446,11110110000,0.97,"[[""11110110000"", 0.97]]","[""base"", ""front_chassis"", ""front_chassis_pin"", ""rear_chassis"", ""front_rear_chassis_pin"", ""rear_rear_chassis_pin""]","[""carried_forward_state""]",carried_forward_state,carried_forward_state,11110110000,[],001446.jpg,
10_assy_0_1,1447,11110110000,0.97,"[[""11110110000"", 0.97]]","[""base"", ""front_chassis"", ""front_chassis_pin"", ""rear_chassis"", ""front_rear_chassis_pin"", ""rear_rear_chassis_pin""]","[""carried_forward_state""]",carried_forward_state,carried_forward_state,11110110000,[],001447.jpg,
10_assy_0_1,1448,11110110000,0.97,"[[""11110110000"", 0.97]]","[""base"", ""front_chassis"", ""front_chassis_pin"", ""rear_chassis"", ""front_rear_chassis_pin"", ""rear_rear_chassis_pin""]","[""carried_forward_state""]",carried_forward_state,carried_forward_state,11110110000,[],001448.jpg,
10_assy_0_1,1449,11110110000,0.97,"[[""11110110000"", 0.97]]","[""base"", ""front_chassis"", ""front_chassis_pin"", ""rear_chassis"", ""front_rear_chassis_pin"", ""rear_rear_chassis_pin""]","[""carried_forward_state""]",carried_forward_state,carried_forward_state,11110110000,[],001449.jpg,
10_assy_0_1,1450,11110110000,0.97,"[[""11110110000"", 0.97]]","[""base"", ""front_chassis"", ""front_chassis_pin"", ""rear_chassis"", ""front_rear_chassis_pin"", ""rear_rear_chassis_pin""]","[""carried_forward_state""]",carried_forward_state,carried_forward_state,11110110000,[],001450.jpg,
10_assy_0_1,1451,11110110000,0.97,"[[""11110110000"", 0.97]]","[""base"", ""front_chassis"", ""front_chassis_pin"", ""rear_chassis"", ""front_rear_chassis_pin"", ""rear_rear_chassis_pin""]","[""carried_forward_state""]",carried_forward_state,carried_forward_state,11110110000,[],001451.jpg,
10_assy_0_1,1452,11110110000,0.97,"[[""11110110000"", 0.97]]","[""base"", ""front_chassis"", ""front_chassis_pin"", ""rear_chassis"", ""front_rear_chassis_pin"", ""rear_rear_chassis_pin""]","[""carried_forward_state""]",carried_forward_state,carried_forward_state,11110110000,[],001452.jpg,
10_assy_0_1,1453,11110110000,0.97,"[[""11110110000"", 0.97]]","[""base"", ""front_chassis"", ""front_chassis_pin"", ""rear_chassis"", ""front_rear_chassis_pin"", ""rear_rear_chassis_pin""]","[""carried_forward_state""]",carried_forward_state,carried_forward_state,11110110000,[],001453.jpg,
10_assy_0_1,1454,11110110000,0.97,"[[""11110110000"", 0.97]]","[""base"", ""front_chassis"", ""front_chassis_pin"", ""rear_chassis"", ""front_rear_chassis_pin"", ""rear_rear_chassis_pin""]","[""carried_forward_state""]",carried_forward_state,carried_forward_state,11110110000,[],001454.jpg,
10_assy_0_1,1455,11110110000,0.97,"[[""11110110000"", 0.97]]","[""base"", ""front_chassis"", ""front_chassis_pin"", ""rear_chassis"", ""front_rear_chassis_pin"", ""rear_rear_chassis_pin""]","[""carried_forward_state""]",carried_forward_state,carried_forward_state,11110110000,[],001455.jpg,
10_assy_0_1,1456,11110110000,0.97,"[[""11110110000"", 0.97]]","[""base"", ""front_chassis"", ""front_chassis_pin"", ""rear_chassis"", ""front_rear_chassis_pin"", ""rear_rear_chassis_pin""]","[""carried_forward_state""]",carried_forward_state,carried_forward_state,11110110000,[],001456.jpg,
10_assy_0_1,1457,11110110000,0.97,"[[""11110110000"", 0.97]]","[""base"", ""front_chassis"", ""front_chassis_pin"", ""rear_chassis"", ""front_rear_chassis_pin"", ""rear_rear_chassis_pin""]","[""carried_forward_state""]",carried_forward_state,carried_forward_state,11110110000,[],001457.jpg,
10_assy_0_1,1458,11110110000,0.97,"[[""11110110000"", 0.97]]","[""base"", ""front_chassis"", ""front_chassis_pin"", ""rear_chassis"", ""front_rear_chassis_pin"", ""rear_rear_chassis_pin""]","[""carried_forward_state""]",carried_forward_state,carried_forward_state,11110110000,[],001458.jpg,
10_assy_0_1,1459,11110110000,0.97,"[[""11110110000"", 0.97]]","[""base"", ""front_chassis"", ""front_chassis_pin"", ""rear_chassis"", ""front_rear_chassis_pin"", ""rear_rear_chassis_pin""]","[""carried_forward_state""]",carried_forward_state,carried_forward_state,11110110000,[],001459.jpg,
10_assy_0_1,1460,11110110000,0.97,"[[""11110110000"", 0.97]]","[""base"", ""front_chassis"", ""front_chassis_pin"", ""rear_chassis"", ""front_rear_chassis_pin"", ""rear_rear_chassis_pin""]","[""carried_forward_state""]",carried_forward_state,carried_forward_state,11110110000,[],001460.jpg,
10_assy_0_1,1461,11110110000,0.97,"[[""11110110000"", 0.97]]","[""base"", ""front_chassis"", ""front_chassis_pin"", ""rear_chassis"", ""front_rear_chassis_pin"", ""rear_rear_chassis_pin""]","[""carried_forward_state""]",carried_forward_state,carried_forward_state,11110110000,[],001461.jpg,
10_assy_0_1,1462,11110110000,0.97,"[[""11110110000"", 0.97]]","[""base"", ""front_chassis"", ""front_chassis_pin"", ""rear_chassis"", ""front_rear_chassis_pin"", ""rear_rear_chassis_pin""]","[""carried_forward_state""]",carried_forward_state,carried_forward_state,11110110000,[],001462.jpg,
10_assy_0_1,1463,11110110000,0.97,"[[""11110110000"", 0.97]]","[""base"", ""front_chassis"", ""front_chassis_pin"", ""rear_chassis"", ""front_rear_chassis_pin"", ""rear_rear_chassis_pin""]","[""carried_forward_state""]",carried_forward_state,carried_forward_state,11110110000,[],001463.jpg,
10_assy_0_1,1464,11110110000,0.97,"[[""11110110000"", 0.97]]","[""base"", ""front_chassis"", ""front_chassis_pin"", ""rear_chassis"", ""front_rear_chassis_pin"", ""rear_rear_chassis_pin""]","[""carried_forward_state""]",carried_forward_state,carried_forward_state,11110110000,[],001464.jpg,
10_assy_0_1,1465,11110110000,0.97,"[[""11110110000"", 0.97]]","[""base"", ""front_chassis"", ""front_chassis_pin"", ""rear_chassis"", ""front_rear_chassis_pin"", ""rear_rear_chassis_pin""]","[""carried_forward_state""]",carried_forward_state,carried_forward_state,11110110000,[],001465.jpg,
10_assy_0_1,1466,11110110000,0.97,"[[""11110110000"", 0.97]]","[""base"", ""front_chassis"", ""front_chassis_pin"", ""rear_chassis"", ""front_rear_chassis_pin"", ""rear_rear_chassis_pin""]","[""carried_forward_state""]",carried_forward_state,carried_forward_state,11110110000,[],001466.jpg,
10_assy_0_1,1467,11110110000,0.97,"[[""11110110000"", 0.97]]","[""base"", ""front_chassis"", ""front_chassis_pin"", ""rear_chassis"", ""front_rear_chassis_pin"", ""rear_rear_chassis_pin""]","[""carried_forward_state""]",carried_forward_state,carried_forward_state,11110110000,[],001467.jpg,
10_assy_0_1,1468,11110110000,0.97,"[[""11110110000"", 0.97]]","[""base"", ""front_chassis"", ""front_chassis_pin"", ""rear_chassis"", ""front_rear_chassis_pin"", ""rear_rear_chassis_pin""]","[""carried_forward_state""]",carried_forward_state,carried_forward_state,11110110000,[],001468.jpg,
10_assy_0_1,1469,11110110000,0.97,"[[""11110110000"", 0.97]]","[""base"", ""front_chassis"", ""front_chassis_pin"", ""rear_chassis"", ""front_rear_chassis_pin"", ""rear_rear_chassis_pin""]","[""carried_forward_state""]",carried_forward_state,carried_forward_state,11110110000,[],001469.jpg,
10_assy_0_1,1470,11110110000,0.97,"[[""11110110000"", 0.97]]","[""base"", ""front_chassis"", ""front_chassis_pin"", ""rear_chassis"", ""front_rear_chassis_pin"", ""rear_rear_chassis_pin""]","[""carried_forward_state""]",carried_forward_state,carried_forward_state,11110110000,[],001470.jpg,
10_assy_0_1,1471,11110110000,0.97,"[[""11110110000"", 0.97]]","[""base"", ""front_chassis"", ""front_chassis_pin"", ""rear_chassis"", ""front_rear_chassis_pin"", ""rear_rear_chassis_pin""]","[""carried_forward_state""]",carried_forward_state,carried_forward_state,11110110000,[],001471.jpg,
10_assy_0_1,1472,11110110000,0.97,"[[""11110110000"", 0.97]]","[""base"", ""front_chassis"", ""front_chassis_pin"", ""rear_chassis"", ""front_rear_chassis_pin"", ""rear_rear_chassis_pin""]","[""carried_forward_state""]",carried_forward_state,carried_forward_state,11110110000,[],001472.jpg,
10_assy_0_1,1473,11110110000,0.97,"[[""11110110000"", 0.97]]","[""base"", ""front_chassis"", ""front_chassis_pin"", ""rear_chassis"", ""front_rear_chassis_pin"", ""rear_rear_chassis_pin""]","[""carried_forward_state""]",carried_forward_state,carried_forward_state,11110110000,[],001473.jpg,
10_assy_0_1,1474,11110110000,0.97,"[[""11110110000"", 0.97]]","[""base"", ""front_chassis"", ""front_chassis_pin"", ""rear_chassis"", ""front_rear_chassis_pin"", ""rear_rear_chassis_pin""]","[""carried_forward_state""]",carried_forward_state,carried_forward_state,11110110000,[],001474.jpg,
10_assy_0_1,1475,11110110000,0.97,"[[""11110110000"", 0.97]]","[""base"", ""front_chassis"", ""front_chassis_pin"", ""rear_chassis"", ""front_rear_chassis_pin"", ""rear_rear_chassis_pin""]","[""carried_forward_state""]",carried_forward_state,carried_forward_state,11110110000,[],001475.jpg,
10_assy_0_1,1476,11110110000,0.97,"[[""11110110000"", 0.97]]","[""base"", ""front_chassis"", ""front_chassis_pin"", ""rear_chassis"", ""front_rear_chassis_pin"", ""rear_rear_chassis_pin""]","[""carried_forward_state""]",carried_forward_state,carried_forward_state,11110110000,[],001476.jpg,
10_assy_0_1,1477,11110110000,0.97,"[[""11110110000"", 0.97]]","[""base"", ""front_chassis"", ""front_chassis_pin"", ""rear_chassis"", ""front_rear_chassis_pin"", ""rear_rear_chassis_pin""]","[""carried_forward_state""]",carried_forward_state,carried_forward_state,11110110000,[],001477.jpg,
10_assy_0_1,1478,11110110000,0.97,"[[""11110110000"", 0.97]]","[""base"", ""front_chassis"", ""front_chassis_pin"", ""rear_chassis"", ""front_rear_chassis_pin"", ""rear_rear_chassis_pin""]","[""carried_forward_state""]",carried_forward_state,carried_forward_state,11110110000,[],001478.jpg,
10_assy_0_1,1479,11110110000,0.97,"[[""11110110000"", 0.97]]","[""base"", ""front_chassis"", ""front_chassis_pin"", ""rear_chassis"", ""front_rear_chassis_pin"", ""rear_rear_chassis_pin""]","[""carried_forward_state""]",carried_forward_state,carried_forward_state,11110110000,[],001479.jpg,
10_assy_0_1,1480,11110110000,0.97,"[[""11110110000"", 0.97]]","[""base"", ""front_chassis"", ""front_chassis_pin"", ""rear_chassis"", ""front_rear_chassis_pin"", ""rear_rear_chassis_pin""]","[""carried_forward_state""]",carried_forward_state,carried_forward_state,11110110000,[],001480.jpg,
10_assy_0_1,1481,11110110000,0.97,"[[""11110110000"", 0.97]]","[""base"", ""front_chassis"", ""front_chassis_pin"", ""rear_chassis"", ""front_rear_chassis_pin"", ""rear_rear_chassis_pin""]","[""carried_forward_state""]",carried_forward_state,carried_forward_state,11110110000,[],001481.jpg,
10_assy_0_1,1482,11110110000,0.97,"[[""11110110000"", 0.97]]","[""base"", ""front_chassis"", ""front_chassis_pin"", ""rear_chassis"", ""front_rear_chassis_pin"", ""rear_rear_chassis_pin""]","[""carried_forward_state""]",carried_forward_state,carried_forward_state,11110110000,[],001482.jpg,
10_assy_0_1,1483,11110110000,0.97,"[[""11110110000"", 0.97]]","[""base"", ""front_chassis"", ""front_chassis_pin"", ""rear_chassis"", ""front_rear_chassis_pin"", ""rear_rear_chassis_pin""]","[""carried_forward_state""]",carried_forward_state,carried_forward_state,11110110000,[],001483.jpg,
10_assy_0_1,1484,11110110000,0.97,"[[""11110110000"", 0.97]]","[""base"", ""front_chassis"", ""front_chassis_pin"", ""rear_chassis"", ""front_rear_chassis_pin"", ""rear_rear_chassis_pin""]","[""carried_forward_state""]",carried_forward_state,carried_forward_state,11110110000,[],001484.jpg,
10_assy_0_1,1485,11110110000,0.97,"[[""11110110000"", 0.97]]","[""base"", ""front_chassis"", ""front_chassis_pin"", ""rear_chassis"", ""front_rear_chassis_pin"", ""rear_rear_chassis_pin""]","[""carried_forward_state""]",carried_forward_state,carried_forward_state,11110110000,[],001485.jpg,
10_assy_0_1,1486,11110110000,0.97,"[[""11110110000"", 0.97]]","[""base"", ""front_chassis"", ""front_chassis_pin"", ""rear_chassis"", ""front_rear_chassis_pin"", ""rear_rear_chassis_pin""]","[""carried_forward_state""]",carried_forward_state,carried_forward_state,11110110000,[],001486.jpg,
10_assy_0_1,1487,11110110000,0.97,"[[""11110110000"", 0.97]]","[""base"", ""front_chassis"", ""front_chassis_pin"", ""rear_chassis"", ""front_rear_chassis_pin"", ""rear_rear_chassis_pin""]","[""carried_forward_state""]",carried_forward_state,carried_forward_state,11110110000,[],001487.jpg,
10_assy_0_1,1488,11110110000,0.97,"[[""11110110000"", 0.97]]","[""base"", ""front_chassis"", ""front_chassis_pin"", ""rear_chassis"", ""front_rear_chassis_pin"", ""rear_rear_chassis_pin""]","[""carried_forward_state""]",carried_forward_state,carried_forward_state,11110110000,[],001488.jpg,
10_assy_0_1,1489,11110110000,0.97,"[[""11110110000"", 0.97]]","[""base"", ""front_chassis"", ""front_chassis_pin"", ""rear_chassis"", ""front_rear_chassis_pin"", ""rear_rear_chassis_pin""]","[""carried_forward_state""]",carried_forward_state,carried_forward_state,11110110000,[],001489.jpg,
10_assy_0_1,1490,11110110000,0.97,"[[""11110110000"", 0.97]]","[""base"", ""front_chassis"", ""front_chassis_pin"", ""rear_chassis"", ""front_rear_chassis_pin"", ""rear_rear_chassis_pin""]","[""carried_forward_state""]",carried_forward_state,carried_forward_state,11110110000,[],001490.jpg,
10_assy_0_1,1491,11110110000,0.97,"[[""11110110000"", 0.97]]","[""base"", ""front_chassis"", ""front_chassis_pin"", ""rear_chassis"", ""front_rear_chassis_pin"", ""rear_rear_chassis_pin""]","[""carried_forward_state""]",carried_forward_state,carried_forward_state,11110110000,[],001491.jpg,
10_assy_0_1,1492,11110110000,0.97,"[[""11110110000"", 0.97]]","[""base"", ""front_chassis"", ""front_chassis_pin"", ""rear_chassis"", ""front_rear_chassis_pin"", ""rear_rear_chassis_pin""]","[""carried_forward_state""]",carried_forward_state,carried_forward_state,11110110000,[],001492.jpg,
10_assy_0_1,1493,11110110000,0.97,"[[""11110110000"", 0.97]]","[""base"", ""front_chassis"", ""front_chassis_pin"", ""rear_chassis"", ""front_rear_chassis_pin"", ""rear_rear_chassis_pin""]","[""carried_forward_state""]",carried_forward_state,carried_forward_state,11110110000,[],001493.jpg,
10_assy_0_1,1494,11110110000,0.97,"[[""11110110000"", 0.97]]","[""base"", ""front_chassis"", ""front_chassis_pin"", ""rear_chassis"", ""front_rear_chassis_pin"", ""rear_rear_chassis_pin""]","[""carried_forward_state""]",carried_forward_state,carried_forward_state,11110110000,[],001494.jpg,
10_assy_0_1,1495,11110110000,0.97,"[[""11110110000"", 0.97]]","[""base"", ""front_chassis"", ""front_chassis_pin"", ""rear_chassis"", ""front_rear_chassis_pin"", ""rear_rear_chassis_pin""]","[""carried_forward_state""]",carried_forward_state,carried_forward_state,11110110000,[],001495.jpg,
10_assy_0_1,1496,11110110000,0.97,"[[""11110110000"", 0.97]]","[""base"", ""front_chassis"", ""front_chassis_pin"", ""rear_chassis"", ""front_rear_chassis_pin"", ""rear_rear_chassis_pin""]","[""carried_forward_state""]",carried_forward_state,carried_forward_state,11110110000,[],001496.jpg,
10_assy_0_1,1497,11110110000,0.97,"[[""11110110000"", 0.97]]","[""base"", ""front_chassis"", ""front_chassis_pin"", ""rear_chassis"", ""front_rear_chassis_pin"", ""rear_rear_chassis_pin""]","[""carried_forward_state""]",carried_forward_state,carried_forward_state,11110110000,[],001497.jpg,
10_assy_0_1,1498,11110110000,0.97,"[[""11110110000"", 0.97]]","[""base"", ""front_chassis"", ""front_chassis_pin"", ""rear_chassis"", ""front_rear_chassis_pin"", ""rear_rear_chassis_pin""]","[""carried_forward_state""]",carried_forward_state,carried_forward_state,11110110000,[],001498.jpg,
10_assy_0_1,1499,11110110000,0.97,"[[""11110110000"", 0.97]]","[""base"", ""front_chassis"", ""front_chassis_pin"", ""rear_chassis"", ""front_rear_chassis_pin"", ""rear_rear_chassis_pin""]","[""carried_forward_state""]",carried_forward_state,carried_forward_state,11110110000,[],001499.jpg,
10_assy_0_1,1500,11110110000,0.97,"[[""11110110000"", 0.97]]","[""base"", ""front_chassis"", ""front_chassis_pin"", ""rear_chassis"", ""front_rear_chassis_pin"", ""rear_rear_chassis_pin""]","[""carried_forward_state""]",carried_forward_state,carried_forward_state,11110110000,[],001500.jpg,
10_assy_0_1,1501,11110110000,0.97,"[[""11110110000"", 0.97]]","[""base"", ""front_chassis"", ""front_chassis_pin"", ""rear_chassis"", ""front_rear_chassis_pin"", ""rear_rear_chassis_pin""]","[""carried_forward_state""]",carried_forward_state,carried_forward_state,11110110000,[],001501.jpg,
10_assy_0_1,1502,11110110000,0.97,"[[""11110110000"", 0.97]]","[""base"", ""front_chassis"", ""front_chassis_pin"", ""rear_chassis"", ""front_rear_chassis_pin"", ""rear_rear_chassis_pin""]","[""carried_forward_state""]",carried_forward_state,carried_forward_state,11110110000,[],001502.jpg,
10_assy_0_1,1503,11110110000,0.97,"[[""11110110000"", 0.97]]","[""base"", ""front_chassis"", ""front_chassis_pin"", ""rear_chassis"", ""front_rear_chassis_pin"", ""rear_rear_chassis_pin""]","[""carried_forward_state""]",carried_forward_state,carried_forward_state,11110110000,[],001503.jpg,
10_assy_0_1,1504,11110110000,0.97,"[[""11110110000"", 0.97]]","[""base"", ""front_chassis"", ""front_chassis_pin"", ""rear_chassis"", ""front_rear_chassis_pin"", ""rear_rear_chassis_pin""]","[""carried_forward_state""]",carried_forward_state,carried_forward_state,11110110000,[],001504.jpg,
10_assy_0_1,1505,11110110000,0.97,"[[""11110110000"", 0.97]]","[""base"", ""front_chassis"", ""front_chassis_pin"", ""rear_chassis"", ""front_rear_chassis_pin"", ""rear_rear_chassis_pin""]","[""carried_forward_state""]",carried_forward_state,carried_forward_state,11110110000,[],001505.jpg,
10_assy_0_1,1506,11110110000,0.97,"[[""11110110000"", 0.97]]","[""base"", ""front_chassis"", ""front_chassis_pin"", ""rear_chassis"", ""front_rear_chassis_pin"", ""rear_rear_chassis_pin""]","[""carried_forward_state""]",carried_forward_state,carried_forward_state,11110110000,[],001506.jpg,
10_assy_0_1,1507,11110110000,0.97,"[[""11110110000"", 0.97]]","[""base"", ""front_chassis"", ""front_chassis_pin"", ""rear_chassis"", ""front_rear_chassis_pin"", ""rear_rear_chassis_pin""]","[""carried_forward_state""]",carried_forward_state,carried_forward_state,11110110000,[],001507.jpg,
10_assy_0_1,1508,11110110000,0.97,"[[""11110110000"", 0.97]]","[""base"", ""front_chassis"", ""front_chassis_pin"", ""rear_chassis"", ""front_rear_chassis_pin"", ""rear_rear_chassis_pin""]","[""carried_forward_state""]",carried_forward_state,carried_forward_state,11110110000,[],001508.jpg,
10_assy_0_1,1509,11110110000,0.97,"[[""11110110000"", 0.97]]","[""base"", ""front_chassis"", ""front_chassis_pin"", ""rear_chassis"", ""front_rear_chassis_pin"", ""rear_rear_chassis_pin""]","[""carried_forward_state""]",carried_forward_state,carried_forward_state,11110110000,[],001509.jpg,
10_assy_0_1,1510,11110110000,0.97,"[[""11110110000"", 0.97]]","[""base"", ""front_chassis"", ""front_chassis_pin"", ""rear_chassis"", ""front_rear_chassis_pin"", ""rear_rear_chassis_pin""]","[""carried_forward_state""]",carried_forward_state,carried_forward_state,11110110000,[],001510.jpg,
10_assy_0_1,1511,11110110000,0.97,"[[""11110110000"", 0.97]]","[""base"", ""front_chassis"", ""front_chassis_pin"", ""rear_chassis"", ""front_rear_chassis_pin"", ""rear_rear_chassis_pin""]","[""carried_forward_state""]",carried_forward_state,carried_forward_state,11110110000,[],001511.jpg,
10_assy_0_1,1512,11110110000,0.97,"[[""11110110000"", 0.97]]","[""base"", ""front_chassis"", ""front_chassis_pin"", ""rear_chassis"", ""front_rear_chassis_pin"", ""rear_rear_chassis_pin""]","[""carried_forward_state""]",carried_forward_state,carried_forward_state,11110110000,[],001512.jpg,
10_assy_0_1,1513,11110110000,0.97,"[[""11110110000"", 0.97]]","[""base"", ""front_chassis"", ""front_chassis_pin"", ""rear_chassis"", ""front_rear_chassis_pin"", ""rear_rear_chassis_pin""]","[""carried_forward_state""]",carried_forward_state,carried_forward_state,11110110000,[],001513.jpg,
10_assy_0_1,1514,11110110000,0.97,"[[""11110110000"", 0.97]]","[""base"", ""front_chassis"", ""front_chassis_pin"", ""rear_chassis"", ""front_rear_chassis_pin"", ""rear_rear_chassis_pin""]","[""carried_forward_state""]",carried_forward_state,carried_forward_state,11110110000,[],001514.jpg,
10_assy_0_1,1515,11110110000,0.97,"[[""11110110000"", 0.97]]","[""base"", ""front_chassis"", ""front_chassis_pin"", ""rear_chassis"", ""front_rear_chassis_pin"", ""rear_rear_chassis_pin""]","[""carried_forward_state""]",carried_forward_state,carried_forward_state,11110110000,[],001515.jpg,
10_assy_0_1,1516,11110110000,0.97,"[[""11110110000"", 0.97]]","[""base"", ""front_chassis"", ""front_chassis_pin"", ""rear_chassis"", ""front_rear_chassis_pin"", ""rear_rear_chassis_pin""]","[""carried_forward_state""]",carried_forward_state,carried_forward_state,11110110000,[],001516.jpg,
10_assy_0_1,1517,11110110000,0.97,"[[""11110110000"", 0.97]]","[""base"", ""front_chassis"", ""front_chassis_pin"", ""rear_chassis"", ""front_rear_chassis_pin"", ""rear_rear_chassis_pin""]","[""carried_forward_state""]",carried_forward_state,carried_forward_state,11110110000,[],001517.jpg,
10_assy_0_1,1518,11110110000,0.97,"[[""11110110000"", 0.97]]","[""base"", ""front_chassis"", ""front_chassis_pin"", ""rear_chassis"", ""front_rear_chassis_pin"", ""rear_rear_chassis_pin""]","[""carried_forward_state""]",carried_forward_state,carried_forward_state,11110110000,[],001518.jpg,
10_assy_0_1,1519,11110110000,0.97,"[[""11110110000"", 0.97]]","[""base"", ""front_chassis"", ""front_chassis_pin"", ""rear_chassis"", ""front_rear_chassis_pin"", ""rear_rear_chassis_pin""]","[""carried_forward_state""]",carried_forward_state,carried_forward_state,11110110000,[],001519.jpg,
10_assy_0_1,1520,11110110000,0.97,"[[""11110110000"", 0.97]]","[""base"", ""front_chassis"", ""front_chassis_pin"", ""rear_chassis"", ""front_rear_chassis_pin"", ""rear_rear_chassis_pin""]","[""carried_forward_state""]",carried_forward_state,carried_forward_state,11110110000,[],001520.jpg,
10_assy_0_1,1521,11110110000,0.97,"[[""11110110000"", 0.97]]","[""base"", ""front_chassis"", ""front_chassis_pin"", ""rear_chassis"", ""front_rear_chassis_pin"", ""rear_rear_chassis_pin""]","[""carried_forward_state""]",carried_forward_state,carried_forward_state,11110110000,[],001521.jpg,
10_assy_0_1,1522,11110110000,0.97,"[[""11110110000"", 0.97]]","[""base"", ""front_chassis"", ""front_chassis_pin"", ""rear_chassis"", ""front_rear_chassis_pin"", ""rear_rear_chassis_pin""]","[""carried_forward_state""]",carried_forward_state,carried_forward_state,11110110000,[],001522.jpg,
10_assy_0_1,1523,11110110000,0.97,"[[""11110110000"", 0.97]]","[""base"", ""front_chassis"", ""front_chassis_pin"", ""rear_chassis"", ""front_rear_chassis_pin"", ""rear_rear_chassis_pin""]","[""carried_forward_state""]",carried_forward_state,carried_forward_state,11110110000,[],001523.jpg,
10_assy_0_1,1524,11110110000,0.97,"[[""11110110000"", 0.97]]","[""base"", ""front_chassis"", ""front_chassis_pin"", ""rear_chassis"", ""front_rear_chassis_pin"", ""rear_rear_chassis_pin""]","[""carried_forward_state""]",carried_forward_state,carried_forward_state,11110110000,[],001524.jpg,
10_assy_0_1,1525,11110110000,0.97,"[[""11110110000"", 0.97]]","[""base"", ""front_chassis"", ""front_chassis_pin"", ""rear_chassis"", ""front_rear_chassis_pin"", ""rear_rear_chassis_pin""]","[""carried_forward_state""]",carried_forward_state,carried_forward_state,11110110000,[],001525.jpg,
10_assy_0_1,1526,11110110000,0.97,"[[""11110110000"", 0.97]]","[""base"", ""front_chassis"", ""front_chassis_pin"", ""rear_chassis"", ""front_rear_chassis_pin"", ""rear_rear_chassis_pin""]","[""carried_forward_state""]",carried_forward_state,carried_forward_state,11110110000,[],001526.jpg,
10_assy_0_1,1527,11110110000,0.97,"[[""11110110000"", 0.97]]","[""base"", ""front_chassis"", ""front_chassis_pin"", ""rear_chassis"", ""front_rear_chassis_pin"", ""rear_rear_chassis_pin""]","[""carried_forward_state""]",carried_forward_state,carried_forward_state,11110110000,[],001527.jpg,
10_assy_0_1,1528,11110110000,0.97,"[[""11110110000"", 0.97]]","[""base"", ""front_chassis"", ""front_chassis_pin"", ""rear_chassis"", ""front_rear_chassis_pin"", ""rear_rear_chassis_pin""]","[""carried_forward_state""]",carried_forward_state,carried_forward_state,11110110000,[],001528.jpg,
10_assy_0_1,1529,11110110000,0.97,"[[""11110110000"", 0.97]]","[""base"", ""front_chassis"", ""front_chassis_pin"", ""rear_chassis"", ""front_rear_chassis_pin"", ""rear_rear_chassis_pin""]","[""carried_forward_state""]",carried_forward_state,carried_forward_state,11110110000,[],001529.jpg,
10_assy_0_1,1530,11110110000,0.97,"[[""11110110000"", 0.97]]","[""base"", ""front_chassis"", ""front_chassis_pin"", ""rear_chassis"", ""front_rear_chassis_pin"", ""rear_rear_chassis_pin""]","[""carried_forward_state""]",carried_forward_state,carried_forward_state,11110110000,[],001530.jpg,
10_assy_0_1,1531,11110110000,0.97,"[[""11110110000"", 0.97]]","[""base"", ""front_chassis"", ""front_chassis_pin"", ""rear_chassis"", ""front_rear_chassis_pin"", ""rear_rear_chassis_pin""]","[""carried_forward_state""]",carried_forward_state,carried_forward_state,11110110000,[],001531.jpg,
10_assy_0_1,1532,11110110000,0.97,"[[""11110110000"", 0.97]]","[""base"", ""front_chassis"", ""front_chassis_pin"", ""rear_chassis"", ""front_rear_chassis_pin"", ""rear_rear_chassis_pin""]","[""carried_forward_state""]",carried_forward_state,carried_forward_state,11110110000,[],001532.jpg,
10_assy_0_1,1533,11110110000,0.97,"[[""11110110000"", 0.97]]","[""base"", ""front_chassis"", ""front_chassis_pin"", ""rear_chassis"", ""front_rear_chassis_pin"", ""rear_rear_chassis_pin""]","[""carried_forward_state""]",carried_forward_state,carried_forward_state,11110110000,[],001533.jpg,
10_assy_0_1,1534,11110110000,0.97,"[[""11110110000"", 0.97]]","[""base"", ""front_chassis"", ""front_chassis_pin"", ""rear_chassis"", ""front_rear_chassis_pin"", ""rear_rear_chassis_pin""]","[""carried_forward_state""]",carried_forward_state,carried_forward_state,11110110000,[],001534.jpg,
10_assy_0_1,1535,11110110000,0.97,"[[""11110110000"", 0.97]]","[""base"", ""front_chassis"", ""front_chassis_pin"", ""rear_chassis"", ""front_rear_chassis_pin"", ""rear_rear_chassis_pin""]","[""carried_forward_state""]",carried_forward_state,carried_forward_state,11110110000,[],001535.jpg,
10_assy_0_1,1536,11110110000,0.97,"[[""11110110000"", 0.97]]","[""base"", ""front_chassis"", ""front_chassis_pin"", ""rear_chassis"", ""front_rear_chassis_pin"", ""rear_rear_chassis_pin""]","[""carried_forward_state""]",carried_forward_state,carried_forward_state,11110110000,[],001536.jpg,
10_assy_0_1,1537,11110110000,0.97,"[[""11110110000"", 0.97]]","[""base"", ""front_chassis"", ""front_chassis_pin"", ""rear_chassis"", ""front_rear_chassis_pin"", ""rear_rear_chassis_pin""]","[""carried_forward_state""]",carried_forward_state,carried_forward_state,11110110000,[],001537.jpg,
10_assy_0_1,1538,11110110000,0.97,"[[""11110110000"", 0.97]]","[""base"", ""front_chassis"", ""front_chassis_pin"", ""rear_chassis"", ""front_rear_chassis_pin"", ""rear_rear_chassis_pin""]","[""carried_forward_state""]",carried_forward_state,carried_forward_state,11110110000,[],001538.jpg,
10_assy_0_1,1539,11110110000,0.97,"[[""11110110000"", 0.97]]","[""base"", ""front_chassis"", ""front_chassis_pin"", ""rear_chassis"", ""front_rear_chassis_pin"", ""rear_rear_chassis_pin""]","[""carried_forward_state""]",carried_forward_state,carried_forward_state,11110110000,[],001539.jpg,
10_assy_0_1,1540,11110110000,0.97,"[[""11110110000"", 0.97]]","[""base"", ""front_chassis"", ""front_chassis_pin"", ""rear_chassis"", ""front_rear_chassis_pin"", ""rear_rear_chassis_pin""]","[""carried_forward_state""]",carried_forward_state,carried_forward_state,11110110000,[],001540.jpg,
10_assy_0_1,1541,11110110000,0.97,"[[""11110110000"", 0.97]]","[""base"", ""front_chassis"", ""front_chassis_pin"", ""rear_chassis"", ""front_rear_chassis_pin"", ""rear_rear_chassis_pin""]","[""carried_forward_state""]",carried_forward_state,carried_forward_state,11110110000,[],001541.jpg,
10_assy_0_1,1542,11110110000,0.97,"[[""11110110000"", 0.97]]","[""base"", ""front_chassis"", ""front_chassis_pin"", ""rear_chassis"", ""front_rear_chassis_pin"", ""rear_rear_chassis_pin""]","[""carried_forward_state""]",carried_forward_state,carried_forward_state,11110110000,[],001542.jpg,
10_assy_0_1,1543,11110110000,0.97,"[[""11110110000"", 0.97]]","[""base"", ""front_chassis"", ""front_chassis_pin"", ""rear_chassis"", ""front_rear_chassis_pin"", ""rear_rear_chassis_pin""]","[""carried_forward_state""]",carried_forward_state,carried_forward_state,11110110000,[],001543.jpg,
10_assy_0_1,1544,11110110000,0.97,"[[""11110110000"", 0.97]]","[""base"", ""front_chassis"", ""front_chassis_pin"", ""rear_chassis"", ""front_rear_chassis_pin"", ""rear_rear_chassis_pin""]","[""carried_forward_state""]",carried_forward_state,carried_forward_state,11110110000,[],001544.jpg,
10_assy_0_1,1545,11110110000,0.97,"[[""11110110000"", 0.97]]","[""base"", ""front_chassis"", ""front_chassis_pin"", ""rear_chassis"", ""front_rear_chassis_pin"", ""rear_rear_chassis_pin""]","[""carried_forward_state""]",carried_forward_state,carried_forward_state,11110110000,[],001545.jpg,
10_assy_0_1,1546,11110110000,0.97,"[[""11110110000"", 0.97]]","[""base"", ""front_chassis"", ""front_chassis_pin"", ""rear_chassis"", ""front_rear_chassis_pin"", ""rear_rear_chassis_pin""]","[""carried_forward_state""]",carried_forward_state,carried_forward_state,11110110000,[],001546.jpg,
10_assy_0_1,1547,11110110000,0.97,"[[""11110110000"", 0.97]]","[""base"", ""front_chassis"", ""front_chassis_pin"", ""rear_chassis"", ""front_rear_chassis_pin"", ""rear_rear_chassis_pin""]","[""carried_forward_state""]",carried_forward_state,carried_forward_state,11110110000,[],001547.jpg,
10_assy_0_1,1548,11110110000,0.97,"[[""11110110000"", 0.97]]","[""base"", ""front_chassis"", ""front_chassis_pin"", ""rear_chassis"", ""front_rear_chassis_pin"", ""rear_rear_chassis_pin""]","[""carried_forward_state""]",carried_forward_state,carried_forward_state,11110110000,[],001548.jpg,
10_assy_0_1,1549,11110110000,0.97,"[[""11110110000"", 0.97]]","[""base"", ""front_chassis"", ""front_chassis_pin"", ""rear_chassis"", ""front_rear_chassis_pin"", ""rear_rear_chassis_pin""]","[""carried_forward_state""]",carried_forward_state,carried_forward_state,11110110000,[],001549.jpg,
10_assy_0_1,1550,11110110000,0.97,"[[""11110110000"", 0.97]]","[""base"", ""front_chassis"", ""front_chassis_pin"", ""rear_chassis"", ""front_rear_chassis_pin"", ""rear_rear_chassis_pin""]","[""carried_forward_state""]",carried_forward_state,carried_forward_state,11110110000,[],001550.jpg,
10_assy_0_1,1551,11110110000,0.97,"[[""11110110000"", 0.97]]","[""base"", ""front_chassis"", ""front_chassis_pin"", ""rear_chassis"", ""front_rear_chassis_pin"", ""rear_rear_chassis_pin""]","[""carried_forward_state""]",carried_forward_state,carried_forward_state,11110110000,[],001551.jpg,
10_assy_0_1,1552,11110110000,0.97,"[[""11110110000"", 0.97]]","[""base"", ""front_chassis"", ""front_chassis_pin"", ""rear_chassis"", ""front_rear_chassis_pin"", ""rear_rear_chassis_pin""]","[""carried_forward_state""]",carried_forward_state,carried_forward_state,11110110000,[],001552.jpg,
10_assy_0_1,1553,11110110000,0.97,"[[""11110110000"", 0.97]]","[""base"", ""front_chassis"", ""front_chassis_pin"", ""rear_chassis"", ""front_rear_chassis_pin"", ""rear_rear_chassis_pin""]","[""carried_forward_state""]",carried_forward_state,carried_forward_state,11110110000,[],001553.jpg,
10_assy_0_1,1554,11110110000,0.97,"[[""11110110000"", 0.97]]","[""base"", ""front_chassis"", ""front_chassis_pin"", ""rear_chassis"", ""front_rear_chassis_pin"", ""rear_rear_chassis_pin""]","[""carried_forward_state""]",carried_forward_state,carried_forward_state,11110110000,[],001554.jpg,
10_assy_0_1,1555,11110110000,0.97,"[[""11110110000"", 0.97]]","[""base"", ""front_chassis"", ""front_chassis_pin"", ""rear_chassis"", ""front_rear_chassis_pin"", ""rear_rear_chassis_pin""]","[""carried_forward_state""]",carried_forward_state,carried_forward_state,11110110000,[],001555.jpg,
10_assy_0_1,1556,11110110000,0.97,"[[""11110110000"", 0.97]]","[""base"", ""front_chassis"", ""front_chassis_pin"", ""rear_chassis"", ""front_rear_chassis_pin"", ""rear_rear_chassis_pin""]","[""carried_forward_state""]",carried_forward_state,carried_forward_state,11110110000,[],001556.jpg,
10_assy_0_1,1557,11110110000,0.97,"[[""11110110000"", 0.97]]","[""base"", ""front_chassis"", ""front_chassis_pin"", ""rear_chassis"", ""front_rear_chassis_pin"", ""rear_rear_chassis_pin""]","[""carried_forward_state""]",carried_forward_state,carried_forward_state,11110110000,[],001557.jpg,
10_assy_0_1,1558,11110110000,0.97,"[[""11110110000"", 0.97]]","[""base"", ""front_chassis"", ""front_chassis_pin"", ""rear_chassis"", ""front_rear_chassis_pin"", ""rear_rear_chassis_pin""]","[""carried_forward_state""]",carried_forward_state,carried_forward_state,11110110000,[],001558.jpg,
10_assy_0_1,1559,11110110000,0.97,"[[""11110110000"", 0.97]]","[""base"", ""front_chassis"", ""front_chassis_pin"", ""rear_chassis"", ""front_rear_chassis_pin"", ""rear_rear_chassis_pin""]","[""carried_forward_state""]",carried_forward_state,carried_forward_state,11110110000,[],001559.jpg,
10_assy_0_1,1560,11110110000,0.97,"[[""11110110000"", 0.97]]","[""base"", ""front_chassis"", ""front_chassis_pin"", ""rear_chassis"", ""front_rear_chassis_pin"", ""rear_rear_chassis_pin""]","[""carried_forward_state""]",carried_forward_state,carried_forward_state,11110110000,[],001560.jpg,
10_assy_0_1,1561,11110110000,0.97,"[[""11110110000"", 0.97]]","[""base"", ""front_chassis"", ""front_chassis_pin"", ""rear_chassis"", ""front_rear_chassis_pin"", ""rear_rear_chassis_pin""]","[""carried_forward_state""]",carried_forward_state,carried_forward_state,11110110000,[],001561.jpg,
10_assy_0_1,1562,11110110000,0.97,"[[""11110110000"", 0.97]]","[""base"", ""front_chassis"", ""front_chassis_pin"", ""rear_chassis"", ""front_rear_chassis_pin"", ""rear_rear_chassis_pin""]","[""carried_forward_state""]",carried_forward_state,carried_forward_state,11110110000,[],001562.jpg,
10_assy_0_1,1563,11110110000,0.97,"[[""11110110000"", 0.97]]","[""base"", ""front_chassis"", ""front_chassis_pin"", ""rear_chassis"", ""front_rear_chassis_pin"", ""rear_rear_chassis_pin""]","[""carried_forward_state""]",carried_forward_state,carried_forward_state,11110110000,[],001563.jpg,
10_assy_0_1,1564,11110110000,0.97,"[[""11110110000"", 0.97]]","[""base"", ""front_chassis"", ""front_chassis_pin"", ""rear_chassis"", ""front_rear_chassis_pin"", ""rear_rear_chassis_pin""]","[""carried_forward_state""]",carried_forward_state,carried_forward_state,11110110000,[],001564.jpg,
10_assy_0_1,1565,11110110000,0.97,"[[""11110110000"", 0.97]]","[""base"", ""front_chassis"", ""front_chassis_pin"", ""rear_chassis"", ""front_rear_chassis_pin"", ""rear_rear_chassis_pin""]","[""carried_forward_state""]",carried_forward_state,carried_forward_state,11110110000,[],001565.jpg,
10_assy_0_1,1566,11110110000,0.97,"[[""11110110000"", 0.97]]","[""base"", ""front_chassis"", ""front_chassis_pin"", ""rear_chassis"", ""front_rear_chassis_pin"", ""rear_rear_chassis_pin""]","[""carried_forward_state""]",carried_forward_state,carried_forward_state,11110110000,[],001566.jpg,
10_assy_0_1,1567,11110110000,0.97,"[[""11110110000"", 0.97]]","[""base"", ""front_chassis"", ""front_chassis_pin"", ""rear_chassis"", ""front_rear_chassis_pin"", ""rear_rear_chassis_pin""]","[""carried_forward_state""]",carried_forward_state,carried_forward_state,11110110000,[],001567.jpg,
10_assy_0_1,1568,11110110000,0.97,"[[""11110110000"", 0.97]]","[""base"", ""front_chassis"", ""front_chassis_pin"", ""rear_chassis"", ""front_rear_chassis_pin"", ""rear_rear_chassis_pin""]","[""carried_forward_state""]",carried_forward_state,carried_forward_state,11110110000,[],001568.jpg,
10_assy_0_1,1569,11110110000,0.97,"[[""11110110000"", 0.97]]","[""base"", ""front_chassis"", ""front_chassis_pin"", ""rear_chassis"", ""front_rear_chassis_pin"", ""rear_rear_chassis_pin""]","[""carried_forward_state""]",carried_forward_state,carried_forward_state,11110110000,[],001569.jpg,
10_assy_0_1,1570,11110110000,0.97,"[[""11110110000"", 0.97]]","[""base"", ""front_chassis"", ""front_chassis_pin"", ""rear_chassis"", ""front_rear_chassis_pin"", ""rear_rear_chassis_pin""]","[""carried_forward_state""]",carried_forward_state,carried_forward_state,11110110000,[],001570.jpg,
10_assy_0_1,1571,11110110000,0.97,"[[""11110110000"", 0.97]]","[""base"", ""front_chassis"", ""front_chassis_pin"", ""rear_chassis"", ""front_rear_chassis_pin"", ""rear_rear_chassis_pin""]","[""carried_forward_state""]",carried_forward_state,carried_forward_state,11110110000,[],001571.jpg,
10_assy_0_1,1572,11110110000,0.97,"[[""11110110000"", 0.97]]","[""base"", ""front_chassis"", ""front_chassis_pin"", ""rear_chassis"", ""front_rear_chassis_pin"", ""rear_rear_chassis_pin""]","[""carried_forward_state""]",carried_forward_state,carried_forward_state,11110110000,[],001572.jpg,
10_assy_0_1,1573,11110110000,0.97,"[[""11110110000"", 0.97]]","[""base"", ""front_chassis"", ""front_chassis_pin"", ""rear_chassis"", ""front_rear_chassis_pin"", ""rear_rear_chassis_pin""]","[""carried_forward_state""]",carried_forward_state,carried_forward_state,11110110000,[],001573.jpg,
10_assy_0_1,1574,11110110000,0.97,"[[""11110110000"", 0.97]]","[""base"", ""front_chassis"", ""front_chassis_pin"", ""rear_chassis"", ""front_rear_chassis_pin"", ""rear_rear_chassis_pin""]","[""carried_forward_state""]",carried_forward_state,carried_forward_state,11110110000,[],001574.jpg,
10_assy_0_1,1575,11110110000,0.97,"[[""11110110000"", 0.97]]","[""base"", ""front_chassis"", ""front_chassis_pin"", ""rear_chassis"", ""front_rear_chassis_pin"", ""rear_rear_chassis_pin""]","[""carried_forward_state""]",carried_forward_state,carried_forward_state,11110110000,[],001575.jpg,
10_assy_0_1,1576,11110110000,0.97,"[[""11110110000"", 0.97]]","[""base"", ""front_chassis"", ""front_chassis_pin"", ""rear_chassis"", ""front_rear_chassis_pin"", ""rear_rear_chassis_pin""]","[""carried_forward_state""]",carried_forward_state,carried_forward_state,11110110000,[],001576.jpg,
10_assy_0_1,1577,11110110000,0.97,"[[""11110110000"", 0.97]]","[""base"", ""front_chassis"", ""front_chassis_pin"", ""rear_chassis"", ""front_rear_chassis_pin"", ""rear_rear_chassis_pin""]","[""carried_forward_state""]",carried_forward_state,carried_forward_state,11110110000,[],001577.jpg,
10_assy_0_1,1578,11110110000,0.97,"[[""11110110000"", 0.97]]","[""base"", ""front_chassis"", ""front_chassis_pin"", ""rear_chassis"", ""front_rear_chassis_pin"", ""rear_rear_chassis_pin""]","[""carried_forward_state""]",carried_forward_state,carried_forward_state,11110110000,[],001578.jpg,
10_assy_0_1,1579,11110110000,0.97,"[[""11110110000"", 0.97]]","[""base"", ""front_chassis"", ""front_chassis_pin"", ""rear_chassis"", ""front_rear_chassis_pin"", ""rear_rear_chassis_pin""]","[""carried_forward_state""]",carried_forward_state,carried_forward_state,11110110000,[],001579.jpg,
10_assy_0_1,1580,11110110000,0.97,"[[""11110110000"", 0.97]]","[""base"", ""front_chassis"", ""front_chassis_pin"", ""rear_chassis"", ""front_rear_chassis_pin"", ""rear_rear_chassis_pin""]","[""carried_forward_state""]",carried_forward_state,carried_forward_state,11110110000,[],001580.jpg,
10_assy_0_1,1581,11110110000,0.97,"[[""11110110000"", 0.97]]","[""base"", ""front_chassis"", ""front_chassis_pin"", ""rear_chassis"", ""front_rear_chassis_pin"", ""rear_rear_chassis_pin""]","[""carried_forward_state""]",carried_forward_state,carried_forward_state,11110110000,[],001581.jpg,
10_assy_0_1,1582,11110110000,0.97,"[[""11110110000"", 0.97]]","[""base"", ""front_chassis"", ""front_chassis_pin"", ""rear_chassis"", ""front_rear_chassis_pin"", ""rear_rear_chassis_pin""]","[""carried_forward_state""]",carried_forward_state,carried_forward_state,11110110000,[],001582.jpg,
10_assy_0_1,1583,11110110000,0.97,"[[""11110110000"", 0.97]]","[""base"", ""front_chassis"", ""front_chassis_pin"", ""rear_chassis"", ""front_rear_chassis_pin"", ""rear_rear_chassis_pin""]","[""carried_forward_state""]",carried_forward_state,carried_forward_state,11110110000,[],001583.jpg,
10_assy_0_1,1584,11110110000,0.97,"[[""11110110000"", 0.97]]","[""base"", ""front_chassis"", ""front_chassis_pin"", ""rear_chassis"", ""front_rear_chassis_pin"", ""rear_rear_chassis_pin""]","[""carried_forward_state""]",carried_forward_state,carried_forward_state,11110110000,[],001584.jpg,
10_assy_0_1,1585,11110110000,0.97,"[[""11110110000"", 0.97]]","[""base"", ""front_chassis"", ""front_chassis_pin"", ""rear_chassis"", ""front_rear_chassis_pin"", ""rear_rear_chassis_pin""]","[""carried_forward_state""]",carried_forward_state,carried_forward_state,11110110000,[],001585.jpg,
10_assy_0_1,1586,11110110000,0.97,"[[""11110110000"", 0.97]]","[""base"", ""front_chassis"", ""front_chassis_pin"", ""rear_chassis"", ""front_rear_chassis_pin"", ""rear_rear_chassis_pin""]","[""carried_forward_state""]",carried_forward_state,carried_forward_state,11110110000,[],001586.jpg,
10_assy_0_1,1587,11110110000,0.97,"[[""11110110000"", 0.97]]","[""base"", ""front_chassis"", ""front_chassis_pin"", ""rear_chassis"", ""front_rear_chassis_pin"", ""rear_rear_chassis_pin""]","[""carried_forward_state""]",carried_forward_state,carried_forward_state,11110110000,[],001587.jpg,
10_assy_0_1,1588,11110110000,0.97,"[[""11110110000"", 0.97]]","[""base"", ""front_chassis"", ""front_chassis_pin"", ""rear_chassis"", ""front_rear_chassis_pin"", ""rear_rear_chassis_pin""]","[""carried_forward_state""]",carried_forward_state,carried_forward_state,11110110000,[],001588.jpg,
10_assy_0_1,1589,11110110000,0.97,"[[""11110110000"", 0.97]]","[""base"", ""front_chassis"", ""front_chassis_pin"", ""rear_chassis"", ""front_rear_chassis_pin"", ""rear_rear_chassis_pin""]","[""carried_forward_state""]",carried_forward_state,carried_forward_state,11110110000,[],001589.jpg,
10_assy_0_1,1590,11110110000,0.97,"[[""11110110000"", 0.97]]","[""base"", ""front_chassis"", ""front_chassis_pin"", ""rear_chassis"", ""front_rear_chassis_pin"", ""rear_rear_chassis_pin""]","[""carried_forward_state""]",carried_forward_state,carried_forward_state,11110110000,[],001590.jpg,
10_assy_0_1,1591,11110110000,0.97,"[[""11110110000"", 0.97]]","[""base"", ""front_chassis"", ""front_chassis_pin"", ""rear_chassis"", ""front_rear_chassis_pin"", ""rear_rear_chassis_pin""]","[""carried_forward_state""]",carried_forward_state,carried_forward_state,11110110000,[],001591.jpg,
10_assy_0_1,1592,11110110000,0.97,"[[""11110110000"", 0.97]]","[""base"", ""front_chassis"", ""front_chassis_pin"", ""rear_chassis"", ""front_rear_chassis_pin"", ""rear_rear_chassis_pin""]","[""carried_forward_state""]",carried_forward_state,carried_forward_state,11110110000,[],001592.jpg,
10_assy_0_1,1593,11110110000,0.97,"[[""11110110000"", 0.97]]","[""base"", ""front_chassis"", ""front_chassis_pin"", ""rear_chassis"", ""front_rear_chassis_pin"", ""rear_rear_chassis_pin""]","[""carried_forward_state""]",carried_forward_state,carried_forward_state,11110110000,[],001593.jpg,
10_assy_0_1,1594,11110110000,0.97,"[[""11110110000"", 0.97]]","[""base"", ""front_chassis"", ""front_chassis_pin"", ""rear_chassis"", ""front_rear_chassis_pin"", ""rear_rear_chassis_pin""]","[""carried_forward_state""]",carried_forward_state,carried_forward_state,11110110000,[],001594.jpg,
10_assy_0_1,1595,11110110000,0.97,"[[""11110110000"", 0.97]]","[""base"", ""front_chassis"", ""front_chassis_pin"", ""rear_chassis"", ""front_rear_chassis_pin"", ""rear_rear_chassis_pin""]","[""carried_forward_state""]",carried_forward_state,carried_forward_state,11110110000,[],001595.jpg,
10_assy_0_1,1596,11110110000,0.97,"[[""11110110000"", 0.97]]","[""base"", ""front_chassis"", ""front_chassis_pin"", ""rear_chassis"", ""front_rear_chassis_pin"", ""rear_rear_chassis_pin""]","[""carried_forward_state""]",carried_forward_state,carried_forward_state,11110110000,[],001596.jpg,
10_assy_0_1,1597,11110110000,0.97,"[[""11110110000"", 0.97]]","[""base"", ""front_chassis"", ""front_chassis_pin"", ""rear_chassis"", ""front_rear_chassis_pin"", ""rear_rear_chassis_pin""]","[""carried_forward_state""]",carried_forward_state,carried_forward_state,11110110000,[],001597.jpg,
10_assy_0_1,1598,11110110000,0.97,"[[""11110110000"", 0.97]]","[""base"", ""front_chassis"", ""front_chassis_pin"", ""rear_chassis"", ""front_rear_chassis_pin"", ""rear_rear_chassis_pin""]","[""carried_forward_state""]",carried_forward_state,carried_forward_state,11110110000,[],001598.jpg,
10_assy_0_1,1599,11110110000,0.97,"[[""11110110000"", 0.97]]","[""base"", ""front_chassis"", ""front_chassis_pin"", ""rear_chassis"", ""front_rear_chassis_pin"", ""rear_rear_chassis_pin""]","[""carried_forward_state""]",carried_forward_state,carried_forward_state,11110110000,[],001599.jpg,
10_assy_0_1,1600,11110110000,0.97,"[[""11110110000"", 0.97]]","[""base"", ""front_chassis"", ""front_chassis_pin"", ""rear_chassis"", ""front_rear_chassis_pin"", ""rear_rear_chassis_pin""]","[""carried_forward_state""]",carried_forward_state,carried_forward_state,11110110000,[],001600.jpg,
10_assy_0_1,1601,11110110000,0.97,"[[""11110110000"", 0.97]]","[""base"", ""front_chassis"", ""front_chassis_pin"", ""rear_chassis"", ""front_rear_chassis_pin"", ""rear_rear_chassis_pin""]","[""carried_forward_state""]",carried_forward_state,carried_forward_state,11110110000,[],001601.jpg,
10_assy_0_1,1602,11110110000,0.97,"[[""11110110000"", 0.97]]","[""base"", ""front_chassis"", ""front_chassis_pin"", ""rear_chassis"", ""front_rear_chassis_pin"", ""rear_rear_chassis_pin""]","[""carried_forward_state""]",carried_forward_state,carried_forward_state,11110110000,[],001602.jpg,
10_assy_0_1,1603,11110110000,0.97,"[[""11110110000"", 0.97]]","[""base"", ""front_chassis"", ""front_chassis_pin"", ""rear_chassis"", ""front_rear_chassis_pin"", ""rear_rear_chassis_pin""]","[""carried_forward_state""]",carried_forward_state,carried_forward_state,11110110000,[],001603.jpg,
10_assy_0_1,1604,11110110000,0.97,"[[""11110110000"", 0.97]]","[""base"", ""front_chassis"", ""front_chassis_pin"", ""rear_chassis"", ""front_rear_chassis_pin"", ""rear_rear_chassis_pin""]","[""carried_forward_state""]",carried_forward_state,carried_forward_state,11110110000,[],001604.jpg,
10_assy_0_1,1605,11110110000,0.97,"[[""11110110000"", 0.97]]","[""base"", ""front_chassis"", ""front_chassis_pin"", ""rear_chassis"", ""front_rear_chassis_pin"", ""rear_rear_chassis_pin""]","[""carried_forward_state""]",carried_forward_state,carried_forward_state,11110110000,[],001605.jpg,
10_assy_0_1,1606,11110110000,0.97,"[[""11110110000"", 0.97]]","[""base"", ""front_chassis"", ""front_chassis_pin"", ""rear_chassis"", ""front_rear_chassis_pin"", ""rear_rear_chassis_pin""]","[""carried_forward_state""]",carried_forward_state,carried_forward_state,11110110000,[],001606.jpg,
10_assy_0_1,1607,11110110000,0.97,"[[""11110110000"", 0.97]]","[""base"", ""front_chassis"", ""front_chassis_pin"", ""rear_chassis"", ""front_rear_chassis_pin"", ""rear_rear_chassis_pin""]","[""carried_forward_state""]",carried_forward_state,carried_forward_state,11110110000,[],001607.jpg,
10_assy_0_1,1608,11110110000,0.97,"[[""11110110000"", 0.97]]","[""base"", ""front_chassis"", ""front_chassis_pin"", ""rear_chassis"", ""front_rear_chassis_pin"", ""rear_rear_chassis_pin""]","[""carried_forward_state""]",carried_forward_state,carried_forward_state,11110110000,[],001608.jpg,
10_assy_0_1,1609,11110110000,0.97,"[[""11110110000"", 0.97]]","[""base"", ""front_chassis"", ""front_chassis_pin"", ""rear_chassis"", ""front_rear_chassis_pin"", ""rear_rear_chassis_pin""]","[""carried_forward_state""]",carried_forward_state,carried_forward_state,11110110000,[],001609.jpg,
10_assy_0_1,1610,11110110000,0.97,"[[""11110110000"", 0.97]]","[""base"", ""front_chassis"", ""front_chassis_pin"", ""rear_chassis"", ""front_rear_chassis_pin"", ""rear_rear_chassis_pin""]","[""carried_forward_state""]",carried_forward_state,carried_forward_state,11110110000,[],001610.jpg,
10_assy_0_1,1611,11110110000,0.97,"[[""11110110000"", 0.97]]","[""base"", ""front_chassis"", ""front_chassis_pin"", ""rear_chassis"", ""front_rear_chassis_pin"", ""rear_rear_chassis_pin""]","[""carried_forward_state""]",carried_forward_state,carried_forward_state,11110110000,[],001611.jpg,
10_assy_0_1,1612,11110110000,0.97,"[[""11110110000"", 0.97]]","[""base"", ""front_chassis"", ""front_chassis_pin"", ""rear_chassis"", ""front_rear_chassis_pin"", ""rear_rear_chassis_pin""]","[""carried_forward_state""]",carried_forward_state,carried_forward_state,11110110000,[],001612.jpg,
10_assy_0_1,1613,11110110000,0.97,"[[""11110110000"", 0.97]]","[""base"", ""front_chassis"", ""front_chassis_pin"", ""rear_chassis"", ""front_rear_chassis_pin"", ""rear_rear_chassis_pin""]","[""carried_forward_state""]",carried_forward_state,carried_forward_state,11110110000,[],001613.jpg,
10_assy_0_1,1614,11110110000,0.97,"[[""11110110000"", 0.97]]","[""base"", ""front_chassis"", ""front_chassis_pin"", ""rear_chassis"", ""front_rear_chassis_pin"", ""rear_rear_chassis_pin""]","[""carried_forward_state""]",carried_forward_state,carried_forward_state,11110110000,[],001614.jpg,
10_assy_0_1,1615,11110110000,0.97,"[[""11110110000"", 0.97]]","[""base"", ""front_chassis"", ""front_chassis_pin"", ""rear_chassis"", ""front_rear_chassis_pin"", ""rear_rear_chassis_pin""]","[""carried_forward_state""]",carried_forward_state,carried_forward_state,11110110000,[],001615.jpg,
10_assy_0_1,1616,11110110000,0.97,"[[""11110110000"", 0.97]]","[""base"", ""front_chassis"", ""front_chassis_pin"", ""rear_chassis"", ""front_rear_chassis_pin"", ""rear_rear_chassis_pin""]","[""carried_forward_state""]",carried_forward_state,carried_forward_state,11110110000,[],001616.jpg,
10_assy_0_1,1617,11110110000,0.97,"[[""11110110000"", 0.97]]","[""base"", ""front_chassis"", ""front_chassis_pin"", ""rear_chassis"", ""front_rear_chassis_pin"", ""rear_rear_chassis_pin""]","[""carried_forward_state""]",carried_forward_state,carried_forward_state,11110110000,[],001617.jpg,
10_assy_0_1,1618,11110110000,0.97,"[[""11110110000"", 0.97]]","[""base"", ""front_chassis"", ""front_chassis_pin"", ""rear_chassis"", ""front_rear_chassis_pin"", ""rear_rear_chassis_pin""]","[""carried_forward_state""]",carried_forward_state,carried_forward_state,11110110000,[],001618.jpg,
10_assy_0_1,1619,11110110000,0.97,"[[""11110110000"", 0.97]]","[""base"", ""front_chassis"", ""front_chassis_pin"", ""rear_chassis"", ""front_rear_chassis_pin"", ""rear_rear_chassis_pin""]","[""carried_forward_state""]",carried_forward_state,carried_forward_state,11110110000,[],001619.jpg,
10_assy_0_1,1620,11110110000,0.97,"[[""11110110000"", 0.97]]","[""base"", ""front_chassis"", ""front_chassis_pin"", ""rear_chassis"", ""front_rear_chassis_pin"", ""rear_rear_chassis_pin""]","[""carried_forward_state""]",carried_forward_state,carried_forward_state,11110110000,[],001620.jpg,
10_assy_0_1,1621,11110110000,0.97,"[[""11110110000"", 0.97]]","[""base"", ""front_chassis"", ""front_chassis_pin"", ""rear_chassis"", ""front_rear_chassis_pin"", ""rear_rear_chassis_pin""]","[""carried_forward_state""]",carried_forward_state,carried_forward_state,11110110000,[],001621.jpg,
10_assy_0_1,1622,11110110000,0.97,"[[""11110110000"", 0.97]]","[""base"", ""front_chassis"", ""front_chassis_pin"", ""rear_chassis"", ""front_rear_chassis_pin"", ""rear_rear_chassis_pin""]","[""carried_forward_state""]",carried_forward_state,carried_forward_state,11110110000,[],001622.jpg,
10_assy_0_1,1623,11110110000,0.97,"[[""11110110000"", 0.97]]","[""base"", ""front_chassis"", ""front_chassis_pin"", ""rear_chassis"", ""front_rear_chassis_pin"", ""rear_rear_chassis_pin""]","[""carried_forward_state""]",carried_forward_state,carried_forward_state,11110110000,[],001623.jpg,
10_assy_0_1,1624,11110110000,0.97,"[[""11110110000"", 0.97]]","[""base"", ""front_chassis"", ""front_chassis_pin"", ""rear_chassis"", ""front_rear_chassis_pin"", ""rear_rear_chassis_pin""]","[""carried_forward_state""]",carried_forward_state,carried_forward_state,11110110000,[],001624.jpg,
10_assy_0_1,1625,11110110000,0.97,"[[""11110110000"", 0.97]]","[""base"", ""front_chassis"", ""front_chassis_pin"", ""rear_chassis"", ""front_rear_chassis_pin"", ""rear_rear_chassis_pin""]","[""carried_forward_state""]",carried_forward_state,carried_forward_state,11110110000,[],001625.jpg,
10_assy_0_1,1626,11110110000,0.97,"[[""11110110000"", 0.97]]","[""base"", ""front_chassis"", ""front_chassis_pin"", ""rear_chassis"", ""front_rear_chassis_pin"", ""rear_rear_chassis_pin""]","[""carried_forward_state""]",carried_forward_state,carried_forward_state,11110110000,[],001626.jpg,
10_assy_0_1,1627,11110110000,0.97,"[[""11110110000"", 0.97]]","[""base"", ""front_chassis"", ""front_chassis_pin"", ""rear_chassis"", ""front_rear_chassis_pin"", ""rear_rear_chassis_pin""]","[""carried_forward_state""]",carried_forward_state,carried_forward_state,11110110000,[],001627.jpg,
10_assy_0_1,1628,11110110000,0.97,"[[""11110110000"", 0.97]]","[""base"", ""front_chassis"", ""front_chassis_pin"", ""rear_chassis"", ""front_rear_chassis_pin"", ""rear_rear_chassis_pin""]","[""carried_forward_state""]",carried_forward_state,carried_forward_state,11110110000,[],001628.jpg,
10_assy_0_1,1629,11110110000,0.97,"[[""11110110000"", 0.97]]","[""base"", ""front_chassis"", ""front_chassis_pin"", ""rear_chassis"", ""front_rear_chassis_pin"", ""rear_rear_chassis_pin""]","[""carried_forward_state""]",carried_forward_state,carried_forward_state,11110110000,[],001629.jpg,
10_assy_0_1,1630,11110110000,0.97,"[[""11110110000"", 0.97]]","[""base"", ""front_chassis"", ""front_chassis_pin"", ""rear_chassis"", ""front_rear_chassis_pin"", ""rear_rear_chassis_pin""]","[""carried_forward_state""]",carried_forward_state,carried_forward_state,11110110000,[],001630.jpg,
10_assy_0_1,1631,11110110000,0.97,"[[""11110110000"", 0.97]]","[""base"", ""front_chassis"", ""front_chassis_pin"", ""rear_chassis"", ""front_rear_chassis_pin"", ""rear_rear_chassis_pin""]","[""carried_forward_state""]",carried_forward_state,carried_forward_state,11110110000,[],001631.jpg,
10_assy_0_1,1632,11110110000,0.97,"[[""11110110000"", 0.97]]","[""base"", ""front_chassis"", ""front_chassis_pin"", ""rear_chassis"", ""front_rear_chassis_pin"", ""rear_rear_chassis_pin""]","[""carried_forward_state""]",carried_forward_state,carried_forward_state,11110110000,[],001632.jpg,
10_assy_0_1,1633,11110110000,0.97,"[[""11110110000"", 0.97]]","[""base"", ""front_chassis"", ""front_chassis_pin"", ""rear_chassis"", ""front_rear_chassis_pin"", ""rear_rear_chassis_pin""]","[""carried_forward_state""]",carried_forward_state,carried_forward_state,11110110000,[],001633.jpg,
10_assy_0_1,1634,11110110000,0.97,"[[""11110110000"", 0.97]]","[""base"", ""front_chassis"", ""front_chassis_pin"", ""rear_chassis"", ""front_rear_chassis_pin"", ""rear_rear_chassis_pin""]","[""carried_forward_state""]",carried_forward_state,carried_forward_state,11110110000,[],001634.jpg,
10_assy_0_1,1635,11110110000,0.97,"[[""11110110000"", 0.97]]","[""base"", ""front_chassis"", ""front_chassis_pin"", ""rear_chassis"", ""front_rear_chassis_pin"", ""rear_rear_chassis_pin""]","[""carried_forward_state""]",carried_forward_state,carried_forward_state,11110110000,[],001635.jpg,
10_assy_0_1,1636,11110110000,0.97,"[[""11110110000"", 0.97]]","[""base"", ""front_chassis"", ""front_chassis_pin"", ""rear_chassis"", ""front_rear_chassis_pin"", ""rear_rear_chassis_pin""]","[""carried_forward_state""]",carried_forward_state,carried_forward_state,11110110000,[],001636.jpg,
10_assy_0_1,1637,11110110000,0.97,"[[""11110110000"", 0.97]]","[""base"", ""front_chassis"", ""front_chassis_pin"", ""rear_chassis"", ""front_rear_chassis_pin"", ""rear_rear_chassis_pin""]","[""carried_forward_state""]",carried_forward_state,carried_forward_state,11110110000,[],001637.jpg,
10_assy_0_1,1638,11110110000,0.97,"[[""11110110000"", 0.97]]","[""base"", ""front_chassis"", ""front_chassis_pin"", ""rear_chassis"", ""front_rear_chassis_pin"", ""rear_rear_chassis_pin""]","[""carried_forward_state""]",carried_forward_state,carried_forward_state,11110110000,[],001638.jpg,
10_assy_0_1,1639,11110110000,0.97,"[[""11110110000"", 0.97]]","[""base"", ""front_chassis"", ""front_chassis_pin"", ""rear_chassis"", ""front_rear_chassis_pin"", ""rear_rear_chassis_pin""]","[""carried_forward_state""]",carried_forward_state,carried_forward_state,11110110000,[],001639.jpg,
10_assy_0_1,1640,11110110000,0.97,"[[""11110110000"", 0.97]]","[""base"", ""front_chassis"", ""front_chassis_pin"", ""rear_chassis"", ""front_rear_chassis_pin"", ""rear_rear_chassis_pin""]","[""carried_forward_state""]",carried_forward_state,carried_forward_state,11110110000,[],001640.jpg,
10_assy_0_1,1641,11110110000,0.97,"[[""11110110000"", 0.97]]","[""base"", ""front_chassis"", ""front_chassis_pin"", ""rear_chassis"", ""front_rear_chassis_pin"", ""rear_rear_chassis_pin""]","[""carried_forward_state""]",carried_forward_state,carried_forward_state,11110110000,[],001641.jpg,
10_assy_0_1,1642,11110110000,0.97,"[[""11110110000"", 0.97]]","[""base"", ""front_chassis"", ""front_chassis_pin"", ""rear_chassis"", ""front_rear_chassis_pin"", ""rear_rear_chassis_pin""]","[""carried_forward_state""]",carried_forward_state,carried_forward_state,11110110000,[],001642.jpg,
10_assy_0_1,1643,11110110000,0.97,"[[""11110110000"", 0.97]]","[""base"", ""front_chassis"", ""front_chassis_pin"", ""rear_chassis"", ""front_rear_chassis_pin"", ""rear_rear_chassis_pin""]","[""carried_forward_state""]",carried_forward_state,carried_forward_state,11110110000,[],001643.jpg,
10_assy_0_1,1644,11110110000,0.97,"[[""11110110000"", 0.97]]","[""base"", ""front_chassis"", ""front_chassis_pin"", ""rear_chassis"", ""front_rear_chassis_pin"", ""rear_rear_chassis_pin""]","[""carried_forward_state""]",carried_forward_state,carried_forward_state,11110110000,[],001644.jpg,
10_assy_0_1,1645,11110110000,0.97,"[[""11110110000"", 0.97]]","[""base"", ""front_chassis"", ""front_chassis_pin"", ""rear_chassis"", ""front_rear_chassis_pin"", ""rear_rear_chassis_pin""]","[""carried_forward_state""]",carried_forward_state,carried_forward_state,11110110000,[],001645.jpg,
10_assy_0_1,1646,11110110000,0.97,"[[""11110110000"", 0.97]]","[""base"", ""front_chassis"", ""front_chassis_pin"", ""rear_chassis"", ""front_rear_chassis_pin"", ""rear_rear_chassis_pin""]","[""carried_forward_state""]",carried_forward_state,carried_forward_state,11110110000,[],001646.jpg,
10_assy_0_1,1647,11110110000,0.97,"[[""11110110000"", 0.97]]","[""base"", ""front_chassis"", ""front_chassis_pin"", ""rear_chassis"", ""front_rear_chassis_pin"", ""rear_rear_chassis_pin""]","[""carried_forward_state""]",carried_forward_state,carried_forward_state,11110110000,[],001647.jpg,
10_assy_0_1,1648,11110110000,0.97,"[[""11110110000"", 0.97]]","[""base"", ""front_chassis"", ""front_chassis_pin"", ""rear_chassis"", ""front_rear_chassis_pin"", ""rear_rear_chassis_pin""]","[""carried_forward_state""]",carried_forward_state,carried_forward_state,11110110000,[],001648.jpg,
10_assy_0_1,1649,11110110000,0.97,"[[""11110110000"", 0.97]]","[""base"", ""front_chassis"", ""front_chassis_pin"", ""rear_chassis"", ""front_rear_chassis_pin"", ""rear_rear_chassis_pin""]","[""carried_forward_state""]",carried_forward_state,carried_forward_state,11110110000,[],001649.jpg,
10_assy_0_1,1650,11110110000,0.97,"[[""11110110000"", 0.97]]","[""base"", ""front_chassis"", ""front_chassis_pin"", ""rear_chassis"", ""front_rear_chassis_pin"", ""rear_rear_chassis_pin""]","[""carried_forward_state""]",carried_forward_state,carried_forward_state,11110110000,[],001650.jpg,
10_assy_0_1,1651,11110110000,0.97,"[[""11110110000"", 0.97]]","[""base"", ""front_chassis"", ""front_chassis_pin"", ""rear_chassis"", ""front_rear_chassis_pin"", ""rear_rear_chassis_pin""]","[""carried_forward_state""]",carried_forward_state,carried_forward_state,11110110000,[],001651.jpg,
10_assy_0_1,1652,11110110000,0.97,"[[""11110110000"", 0.97]]","[""base"", ""front_chassis"", ""front_chassis_pin"", ""rear_chassis"", ""front_rear_chassis_pin"", ""rear_rear_chassis_pin""]","[""carried_forward_state""]",carried_forward_state,carried_forward_state,11110110000,[],001652.jpg,
10_assy_0_1,1653,11110110000,0.97,"[[""11110110000"", 0.97]]","[""base"", ""front_chassis"", ""front_chassis_pin"", ""rear_chassis"", ""front_rear_chassis_pin"", ""rear_rear_chassis_pin""]","[""carried_forward_state""]",carried_forward_state,carried_forward_state,11110110000,[],001653.jpg,
10_assy_0_1,1654,11110110000,0.97,"[[""11110110000"", 0.97]]","[""base"", ""front_chassis"", ""front_chassis_pin"", ""rear_chassis"", ""front_rear_chassis_pin"", ""rear_rear_chassis_pin""]","[""carried_forward_state""]",carried_forward_state,carried_forward_state,11110110000,[],001654.jpg,
10_assy_0_1,1655,11110110000,0.97,"[[""11110110000"", 0.97]]","[""base"", ""front_chassis"", ""front_chassis_pin"", ""rear_chassis"", ""front_rear_chassis_pin"", ""rear_rear_chassis_pin""]","[""carried_forward_state""]",carried_forward_state,carried_forward_state,11110110000,[],001655.jpg,
10_assy_0_1,1656,11110110000,0.97,"[[""11110110000"", 0.97]]","[""base"", ""front_chassis"", ""front_chassis_pin"", ""rear_chassis"", ""front_rear_chassis_pin"", ""rear_rear_chassis_pin""]","[""carried_forward_state""]",carried_forward_state,carried_forward_state,11110110000,[],001656.jpg,
10_assy_0_1,1657,11110110000,0.97,"[[""11110110000"", 0.97]]","[""base"", ""front_chassis"", ""front_chassis_pin"", ""rear_chassis"", ""front_rear_chassis_pin"", ""rear_rear_chassis_pin""]","[""carried_forward_state""]",carried_forward_state,carried_forward_state,11110110000,[],001657.jpg,
10_assy_0_1,1658,11110110000,0.97,"[[""11110110000"", 0.97]]","[""base"", ""front_chassis"", ""front_chassis_pin"", ""rear_chassis"", ""front_rear_chassis_pin"", ""rear_rear_chassis_pin""]","[""carried_forward_state""]",carried_forward_state,carried_forward_state,11110110000,[],001658.jpg,
10_assy_0_1,1659,11110110000,0.97,"[[""11110110000"", 0.97]]","[""base"", ""front_chassis"", ""front_chassis_pin"", ""rear_chassis"", ""front_rear_chassis_pin"", ""rear_rear_chassis_pin""]","[""carried_forward_state""]",carried_forward_state,carried_forward_state,11110110000,[],001659.jpg,
10_assy_0_1,1660,11110110000,0.97,"[[""11110110000"", 0.97]]","[""base"", ""front_chassis"", ""front_chassis_pin"", ""rear_chassis"", ""front_rear_chassis_pin"", ""rear_rear_chassis_pin""]","[""carried_forward_state""]",carried_forward_state,carried_forward_state,11110110000,[],001660.jpg,
10_assy_0_1,1661,11110110000,0.97,"[[""11110110000"", 0.97]]","[""base"", ""front_chassis"", ""front_chassis_pin"", ""rear_chassis"", ""front_rear_chassis_pin"", ""rear_rear_chassis_pin""]","[""carried_forward_state""]",carried_forward_state,carried_forward_state,11110110000,[],001661.jpg,
10_assy_0_1,1662,11110110000,0.97,"[[""11110110000"", 0.97]]","[""base"", ""front_chassis"", ""front_chassis_pin"", ""rear_chassis"", ""front_rear_chassis_pin"", ""rear_rear_chassis_pin""]","[""carried_forward_state""]",carried_forward_state,carried_forward_state,11110110000,[],001662.jpg,
10_assy_0_1,1663,11110110000,0.97,"[[""11110110000"", 0.97]]","[""base"", ""front_chassis"", ""front_chassis_pin"", ""rear_chassis"", ""front_rear_chassis_pin"", ""rear_rear_chassis_pin""]","[""carried_forward_state""]",carried_forward_state,carried_forward_state,11110110000,[],001663.jpg,
10_assy_0_1,1664,11110110000,0.97,"[[""11110110000"", 0.97]]","[""base"", ""front_chassis"", ""front_chassis_pin"", ""rear_chassis"", ""front_rear_chassis_pin"", ""rear_rear_chassis_pin""]","[""carried_forward_state""]",carried_forward_state,carried_forward_state,11110110000,[],001664.jpg,
10_assy_0_1,1665,11110110000,0.97,"[[""11110110000"", 0.97]]","[""base"", ""front_chassis"", ""front_chassis_pin"", ""rear_chassis"", ""front_rear_chassis_pin"", ""rear_rear_chassis_pin""]","[""carried_forward_state""]",carried_forward_state,carried_forward_state,11110110000,[],001665.jpg,
10_assy_0_1,1666,11110110000,0.97,"[[""11110110000"", 0.97]]","[""base"", ""front_chassis"", ""front_chassis_pin"", ""rear_chassis"", ""front_rear_chassis_pin"", ""rear_rear_chassis_pin""]","[""carried_forward_state""]",carried_forward_state,carried_forward_state,11110110000,[],001666.jpg,
10_assy_0_1,1667,11110110000,0.97,"[[""11110110000"", 0.97]]","[""base"", ""front_chassis"", ""front_chassis_pin"", ""rear_chassis"", ""front_rear_chassis_pin"", ""rear_rear_chassis_pin""]","[""carried_forward_state""]",carried_forward_state,carried_forward_state,11110110000,[],001667.jpg,
10_assy_0_1,1668,11110110000,0.97,"[[""11110110000"", 0.97]]","[""base"", ""front_chassis"", ""front_chassis_pin"", ""rear_chassis"", ""front_rear_chassis_pin"", ""rear_rear_chassis_pin""]","[""carried_forward_state""]",carried_forward_state,carried_forward_state,11110110000,[],001668.jpg,
10_assy_0_1,1669,11110110000,0.97,"[[""11110110000"", 0.97]]","[""base"", ""front_chassis"", ""front_chassis_pin"", ""rear_chassis"", ""front_rear_chassis_pin"", ""rear_rear_chassis_pin""]","[""carried_forward_state""]",carried_forward_state,carried_forward_state,11110110000,[],001669.jpg,
10_assy_0_1,1670,11110110000,0.97,"[[""11110110000"", 0.97]]","[""base"", ""front_chassis"", ""front_chassis_pin"", ""rear_chassis"", ""front_rear_chassis_pin"", ""rear_rear_chassis_pin""]","[""carried_forward_state""]",carried_forward_state,carried_forward_state,11110110000,[],001670.jpg,
10_assy_0_1,1671,11110110000,0.97,"[[""11110110000"", 0.97]]","[""base"", ""front_chassis"", ""front_chassis_pin"", ""rear_chassis"", ""front_rear_chassis_pin"", ""rear_rear_chassis_pin""]","[""carried_forward_state""]",carried_forward_state,carried_forward_state,11110110000,[],001671.jpg,
10_assy_0_1,1672,11110110000,0.97,"[[""11110110000"", 0.97]]","[""base"", ""front_chassis"", ""front_chassis_pin"", ""rear_chassis"", ""front_rear_chassis_pin"", ""rear_rear_chassis_pin""]","[""carried_forward_state""]",carried_forward_state,carried_forward_state,11110110000,[],001672.jpg,
10_assy_0_1,1673,11110110000,0.97,"[[""11110110000"", 0.97]]","[""base"", ""front_chassis"", ""front_chassis_pin"", ""rear_chassis"", ""front_rear_chassis_pin"", ""rear_rear_chassis_pin""]","[""carried_forward_state""]",carried_forward_state,carried_forward_state,11110110000,[],001673.jpg,
10_assy_0_1,1674,11110110000,0.97,"[[""11110110000"", 0.97]]","[""base"", ""front_chassis"", ""front_chassis_pin"", ""rear_chassis"", ""front_rear_chassis_pin"", ""rear_rear_chassis_pin""]","[""carried_forward_state""]",carried_forward_state,carried_forward_state,11110110000,[],001674.jpg,
10_assy_0_1,1675,11110110000,0.97,"[[""11110110000"", 0.97]]","[""base"", ""front_chassis"", ""front_chassis_pin"", ""rear_chassis"", ""front_rear_chassis_pin"", ""rear_rear_chassis_pin""]","[""carried_forward_state""]",carried_forward_state,carried_forward_state,11110110000,[],001675.jpg,
10_assy_0_1,1676,11110110000,0.97,"[[""11110110000"", 0.97]]","[""base"", ""front_chassis"", ""front_chassis_pin"", ""rear_chassis"", ""front_rear_chassis_pin"", ""rear_rear_chassis_pin""]","[""carried_forward_state""]",carried_forward_state,carried_forward_state,11110110000,[],001676.jpg,
10_assy_0_1,1677,11110110000,0.97,"[[""11110110000"", 0.97]]","[""base"", ""front_chassis"", ""front_chassis_pin"", ""rear_chassis"", ""front_rear_chassis_pin"", ""rear_rear_chassis_pin""]","[""carried_forward_state""]",carried_forward_state,carried_forward_state,11110110000,[],001677.jpg,
10_assy_0_1,1678,11110110000,0.97,"[[""11110110000"", 0.97]]","[""base"", ""front_chassis"", ""front_chassis_pin"", ""rear_chassis"", ""front_rear_chassis_pin"", ""rear_rear_chassis_pin""]","[""carried_forward_state""]",carried_forward_state,carried_forward_state,11110110000,[],001678.jpg,
10_assy_0_1,1679,11110110000,0.97,"[[""11110110000"", 0.97]]","[""base"", ""front_chassis"", ""front_chassis_pin"", ""rear_chassis"", ""front_rear_chassis_pin"", ""rear_rear_chassis_pin""]","[""carried_forward_state""]",carried_forward_state,carried_forward_state,11110110000,[],001679.jpg,
10_assy_0_1,1680,11110110000,0.97,"[[""11110110000"", 0.97]]","[""base"", ""front_chassis"", ""front_chassis_pin"", ""rear_chassis"", ""front_rear_chassis_pin"", ""rear_rear_chassis_pin""]","[""carried_forward_state""]",carried_forward_state,carried_forward_state,11110110000,[],001680.jpg,
10_assy_0_1,1681,11110110000,0.97,"[[""11110110000"", 0.97]]","[""base"", ""front_chassis"", ""front_chassis_pin"", ""rear_chassis"", ""front_rear_chassis_pin"", ""rear_rear_chassis_pin""]","[""carried_forward_state""]",carried_forward_state,carried_forward_state,11110110000,[],001681.jpg,
10_assy_0_1,1682,11110110000,0.97,"[[""11110110000"", 0.97]]","[""base"", ""front_chassis"", ""front_chassis_pin"", ""rear_chassis"", ""front_rear_chassis_pin"", ""rear_rear_chassis_pin""]","[""carried_forward_state""]",carried_forward_state,carried_forward_state,11110110000,[],001682.jpg,
10_assy_0_1,1683,11110110000,0.97,"[[""11110110000"", 0.97]]","[""base"", ""front_chassis"", ""front_chassis_pin"", ""rear_chassis"", ""front_rear_chassis_pin"", ""rear_rear_chassis_pin""]","[""carried_forward_state""]",carried_forward_state,carried_forward_state,11110110000,[],001683.jpg,
10_assy_0_1,1684,11110110000,0.97,"[[""11110110000"", 0.97]]","[""base"", ""front_chassis"", ""front_chassis_pin"", ""rear_chassis"", ""front_rear_chassis_pin"", ""rear_rear_chassis_pin""]","[""carried_forward_state""]",carried_forward_state,carried_forward_state,11110110000,[],001684.jpg,
10_assy_0_1,1685,11110110000,0.97,"[[""11110110000"", 0.97]]","[""base"", ""front_chassis"", ""front_chassis_pin"", ""rear_chassis"", ""front_rear_chassis_pin"", ""rear_rear_chassis_pin""]","[""carried_forward_state""]",carried_forward_state,carried_forward_state,11110110000,[],001685.jpg,
10_assy_0_1,1686,11110110000,0.97,"[[""11110110000"", 0.97]]","[""base"", ""front_chassis"", ""front_chassis_pin"", ""rear_chassis"", ""front_rear_chassis_pin"", ""rear_rear_chassis_pin""]","[""carried_forward_state""]",carried_forward_state,carried_forward_state,11110110000,[],001686.jpg,
10_assy_0_1,1687,11110110000,0.97,"[[""11110110000"", 0.97]]","[""base"", ""front_chassis"", ""front_chassis_pin"", ""rear_chassis"", ""front_rear_chassis_pin"", ""rear_rear_chassis_pin""]","[""carried_forward_state""]",carried_forward_state,carried_forward_state,11110110000,[],001687.jpg,
10_assy_0_1,1688,11110110000,0.97,"[[""11110110000"", 0.97]]","[""base"", ""front_chassis"", ""front_chassis_pin"", ""rear_chassis"", ""front_rear_chassis_pin"", ""rear_rear_chassis_pin""]","[""carried_forward_state""]",carried_forward_state,carried_forward_state,11110110000,[],001688.jpg,
10_assy_0_1,1689,11110110000,0.97,"[[""11110110000"", 0.97]]","[""base"", ""front_chassis"", ""front_chassis_pin"", ""rear_chassis"", ""front_rear_chassis_pin"", ""rear_rear_chassis_pin""]","[""carried_forward_state""]",carried_forward_state,carried_forward_state,11110110000,[],001689.jpg,
10_assy_0_1,1690,11110110000,0.97,"[[""11110110000"", 0.97]]","[""base"", ""front_chassis"", ""front_chassis_pin"", ""rear_chassis"", ""front_rear_chassis_pin"", ""rear_rear_chassis_pin""]","[""carried_forward_state""]",carried_forward_state,carried_forward_state,11110110000,[],001690.jpg,
10_assy_0_1,1691,11110110000,0.97,"[[""11110110000"", 0.97]]","[""base"", ""front_chassis"", ""front_chassis_pin"", ""rear_chassis"", ""front_rear_chassis_pin"", ""rear_rear_chassis_pin""]","[""carried_forward_state""]",carried_forward_state,carried_forward_state,11110110000,[],001691.jpg,
10_assy_0_1,1692,11110110000,0.97,"[[""11110110000"", 0.97]]","[""base"", ""front_chassis"", ""front_chassis_pin"", ""rear_chassis"", ""front_rear_chassis_pin"", ""rear_rear_chassis_pin""]","[""carried_forward_state""]",carried_forward_state,carried_forward_state,11110110000,[],001692.jpg,
10_assy_0_1,1693,11110110000,0.97,"[[""11110110000"", 0.97]]","[""base"", ""front_chassis"", ""front_chassis_pin"", ""rear_chassis"", ""front_rear_chassis_pin"", ""rear_rear_chassis_pin""]","[""carried_forward_state""]",carried_forward_state,carried_forward_state,11110110000,[],001693.jpg,
10_assy_0_1,1694,11110110000,0.97,"[[""11110110000"", 0.97]]","[""base"", ""front_chassis"", ""front_chassis_pin"", ""rear_chassis"", ""front_rear_chassis_pin"", ""rear_rear_chassis_pin""]","[""carried_forward_state""]",carried_forward_state,carried_forward_state,11110110000,[],001694.jpg,
10_assy_0_1,1695,11110110000,0.97,"[[""11110110000"", 0.97]]","[""base"", ""front_chassis"", ""front_chassis_pin"", ""rear_chassis"", ""front_rear_chassis_pin"", ""rear_rear_chassis_pin""]","[""carried_forward_state""]",carried_forward_state,carried_forward_state,11110110000,[],001695.jpg,
10_assy_0_1,1696,11110110000,0.97,"[[""11110110000"", 0.97]]","[""base"", ""front_chassis"", ""front_chassis_pin"", ""rear_chassis"", ""front_rear_chassis_pin"", ""rear_rear_chassis_pin""]","[""carried_forward_state""]",carried_forward_state,carried_forward_state,11110110000,[],001696.jpg,
10_assy_0_1,1697,11110110000,0.97,"[[""11110110000"", 0.97]]","[""base"", ""front_chassis"", ""front_chassis_pin"", ""rear_chassis"", ""front_rear_chassis_pin"", ""rear_rear_chassis_pin""]","[""carried_forward_state""]",carried_forward_state,carried_forward_state,11110110000,[],001697.jpg,
10_assy_0_1,1698,11110110000,0.97,"[[""11110110000"", 0.97]]","[""base"", ""front_chassis"", ""front_chassis_pin"", ""rear_chassis"", ""front_rear_chassis_pin"", ""rear_rear_chassis_pin""]","[""carried_forward_state""]",carried_forward_state,carried_forward_state,11110110000,[],001698.jpg,
10_assy_0_1,1699,11110110000,0.97,"[[""11110110000"", 0.97]]","[""base"", ""front_chassis"", ""front_chassis_pin"", ""rear_chassis"", ""front_rear_chassis_pin"", ""rear_rear_chassis_pin""]","[""carried_forward_state""]",carried_forward_state,carried_forward_state,11110110000,[],001699.jpg,
10_assy_0_1,1700,11110110000,0.97,"[[""11110110000"", 0.97]]","[""base"", ""front_chassis"", ""front_chassis_pin"", ""rear_chassis"", ""front_rear_chassis_pin"", ""rear_rear_chassis_pin""]","[""carried_forward_state""]",carried_forward_state,carried_forward_state,11110110000,[],001700.jpg,
10_assy_0_1,1701,11110110000,0.97,"[[""11110110000"", 0.97]]","[""base"", ""front_chassis"", ""front_chassis_pin"", ""rear_chassis"", ""front_rear_chassis_pin"", ""rear_rear_chassis_pin""]","[""carried_forward_state""]",carried_forward_state,carried_forward_state,11110110000,[],001701.jpg,
10_assy_0_1,1702,11110110000,0.97,"[[""11110110000"", 0.97]]","[""base"", ""front_chassis"", ""front_chassis_pin"", ""rear_chassis"", ""front_rear_chassis_pin"", ""rear_rear_chassis_pin""]","[""carried_forward_state""]",carried_forward_state,carried_forward_state,11110110000,[],001702.jpg,
10_assy_0_1,1703,11110110000,0.97,"[[""11110110000"", 0.97]]","[""base"", ""front_chassis"", ""front_chassis_pin"", ""rear_chassis"", ""front_rear_chassis_pin"", ""rear_rear_chassis_pin""]","[""carried_forward_state""]",carried_forward_state,carried_forward_state,11110110000,[],001703.jpg,
10_assy_0_1,1704,11110110000,0.97,"[[""11110110000"", 0.97]]","[""base"", ""front_chassis"", ""front_chassis_pin"", ""rear_chassis"", ""front_rear_chassis_pin"", ""rear_rear_chassis_pin""]","[""carried_forward_state""]",carried_forward_state,carried_forward_state,11110110000,[],001704.jpg,
10_assy_0_1,1705,11110110000,0.97,"[[""11110110000"", 0.97]]","[""base"", ""front_chassis"", ""front_chassis_pin"", ""rear_chassis"", ""front_rear_chassis_pin"", ""rear_rear_chassis_pin""]","[""carried_forward_state""]",carried_forward_state,carried_forward_state,11110110000,[],001705.jpg,
10_assy_0_1,1706,11110110000,0.97,"[[""11110110000"", 0.97]]","[""base"", ""front_chassis"", ""front_chassis_pin"", ""rear_chassis"", ""front_rear_chassis_pin"", ""rear_rear_chassis_pin""]","[""carried_forward_state""]",carried_forward_state,carried_forward_state,11110110000,[],001706.jpg,
10_assy_0_1,1707,11110110000,0.97,"[[""11110110000"", 0.97]]","[""base"", ""front_chassis"", ""front_chassis_pin"", ""rear_chassis"", ""front_rear_chassis_pin"", ""rear_rear_chassis_pin""]","[""carried_forward_state""]",carried_forward_state,carried_forward_state,11110110000,[],001707.jpg,
10_assy_0_1,1708,11110110000,0.97,"[[""11110110000"", 0.97]]","[""base"", ""front_chassis"", ""front_chassis_pin"", ""rear_chassis"", ""front_rear_chassis_pin"", ""rear_rear_chassis_pin""]","[""carried_forward_state""]",carried_forward_state,carried_forward_state,11110110000,[],001708.jpg,
10_assy_0_1,1709,11110110000,0.97,"[[""11110110000"", 0.97]]","[""base"", ""front_chassis"", ""front_chassis_pin"", ""rear_chassis"", ""front_rear_chassis_pin"", ""rear_rear_chassis_pin""]","[""carried_forward_state""]",carried_forward_state,carried_forward_state,11110110000,[],001709.jpg,
10_assy_0_1,1710,11110110000,0.97,"[[""11110110000"", 0.97]]","[""base"", ""front_chassis"", ""front_chassis_pin"", ""rear_chassis"", ""front_rear_chassis_pin"", ""rear_rear_chassis_pin""]","[""carried_forward_state""]",carried_forward_state,carried_forward_state,11110110000,[],001710.jpg,
10_assy_0_1,1711,11110110000,0.97,"[[""11110110000"", 0.97]]","[""base"", ""front_chassis"", ""front_chassis_pin"", ""rear_chassis"", ""front_rear_chassis_pin"", ""rear_rear_chassis_pin""]","[""carried_forward_state""]",carried_forward_state,carried_forward_state,11110110000,[],001711.jpg,
10_assy_0_1,1712,11110110000,0.97,"[[""11110110000"", 0.97]]","[""base"", ""front_chassis"", ""front_chassis_pin"", ""rear_chassis"", ""front_rear_chassis_pin"", ""rear_rear_chassis_pin""]","[""carried_forward_state""]",carried_forward_state,carried_forward_state,11110110000,[],001712.jpg,
10_assy_0_1,1713,11110110000,0.97,"[[""11110110000"", 0.97]]","[""base"", ""front_chassis"", ""front_chassis_pin"", ""rear_chassis"", ""front_rear_chassis_pin"", ""rear_rear_chassis_pin""]","[""carried_forward_state""]",carried_forward_state,carried_forward_state,11110110000,[],001713.jpg,
10_assy_0_1,1714,11110110000,0.97,"[[""11110110000"", 0.97]]","[""base"", ""front_chassis"", ""front_chassis_pin"", ""rear_chassis"", ""front_rear_chassis_pin"", ""rear_rear_chassis_pin""]","[""carried_forward_state""]",carried_forward_state,carried_forward_state,11110110000,[],001714.jpg,
10_assy_0_1,1715,11110110000,0.97,"[[""11110110000"", 0.97]]","[""base"", ""front_chassis"", ""front_chassis_pin"", ""rear_chassis"", ""front_rear_chassis_pin"", ""rear_rear_chassis_pin""]","[""carried_forward_state""]",carried_forward_state,carried_forward_state,11110110000,[],001715.jpg,
10_assy_0_1,1716,11110110000,0.97,"[[""11110110000"", 0.97]]","[""base"", ""front_chassis"", ""front_chassis_pin"", ""rear_chassis"", ""front_rear_chassis_pin"", ""rear_rear_chassis_pin""]","[""carried_forward_state""]",carried_forward_state,carried_forward_state,11110110000,[],001716.jpg,
10_assy_0_1,1717,11110110000,0.97,"[[""11110110000"", 0.97]]","[""base"", ""front_chassis"", ""front_chassis_pin"", ""rear_chassis"", ""front_rear_chassis_pin"", ""rear_rear_chassis_pin""]","[""carried_forward_state""]",carried_forward_state,carried_forward_state,11110110000,[],001717.jpg,
10_assy_0_1,1718,11110110000,0.97,"[[""11110110000"", 0.97]]","[""base"", ""front_chassis"", ""front_chassis_pin"", ""rear_chassis"", ""front_rear_chassis_pin"", ""rear_rear_chassis_pin""]","[""carried_forward_state""]",carried_forward_state,carried_forward_state,11110110000,[],001718.jpg,
10_assy_0_1,1719,11110110000,0.97,"[[""11110110000"", 0.97]]","[""base"", ""front_chassis"", ""front_chassis_pin"", ""rear_chassis"", ""front_rear_chassis_pin"", ""rear_rear_chassis_pin""]","[""carried_forward_state""]",carried_forward_state,carried_forward_state,11110110000,[],001719.jpg,
10_assy_0_1,1720,11110110000,0.97,"[[""11110110000"", 0.97]]","[""base"", ""front_chassis"", ""front_chassis_pin"", ""rear_chassis"", ""front_rear_chassis_pin"", ""rear_rear_chassis_pin""]","[""carried_forward_state""]",carried_forward_state,carried_forward_state,11110110000,[],001720.jpg,
10_assy_0_1,1721,11110110000,0.97,"[[""11110110000"", 0.97]]","[""base"", ""front_chassis"", ""front_chassis_pin"", ""rear_chassis"", ""front_rear_chassis_pin"", ""rear_rear_chassis_pin""]","[""carried_forward_state""]",carried_forward_state,carried_forward_state,11110110000,[],001721.jpg,
10_assy_0_1,1722,11110110000,0.97,"[[""11110110000"", 0.97]]","[""base"", ""front_chassis"", ""front_chassis_pin"", ""rear_chassis"", ""front_rear_chassis_pin"", ""rear_rear_chassis_pin""]","[""carried_forward_state""]",carried_forward_state,carried_forward_state,11110110000,[],001722.jpg,
10_assy_0_1,1723,11110110000,0.97,"[[""11110110000"", 0.97]]","[""base"", ""front_chassis"", ""front_chassis_pin"", ""rear_chassis"", ""front_rear_chassis_pin"", ""rear_rear_chassis_pin""]","[""carried_forward_state""]",carried_forward_state,carried_forward_state,11110110000,[],001723.jpg,
10_assy_0_1,1724,11110110000,0.97,"[[""11110110000"", 0.97]]","[""base"", ""front_chassis"", ""front_chassis_pin"", ""rear_chassis"", ""front_rear_chassis_pin"", ""rear_rear_chassis_pin""]","[""carried_forward_state""]",carried_forward_state,carried_forward_state,11110110000,[],001724.jpg,
10_assy_0_1,1725,11110110000,0.97,"[[""11110110000"", 0.97]]","[""base"", ""front_chassis"", ""front_chassis_pin"", ""rear_chassis"", ""front_rear_chassis_pin"", ""rear_rear_chassis_pin""]","[""carried_forward_state""]",carried_forward_state,carried_forward_state,11110110000,[],001725.jpg,
10_assy_0_1,1726,11110110000,0.97,"[[""11110110000"", 0.97]]","[""base"", ""front_chassis"", ""front_chassis_pin"", ""rear_chassis"", ""front_rear_chassis_pin"", ""rear_rear_chassis_pin""]","[""carried_forward_state""]",carried_forward_state,carried_forward_state,11110110000,[],001726.jpg,
10_assy_0_1,1727,11110110000,0.97,"[[""11110110000"", 0.97]]","[""base"", ""front_chassis"", ""front_chassis_pin"", ""rear_chassis"", ""front_rear_chassis_pin"", ""rear_rear_chassis_pin""]","[""carried_forward_state""]",carried_forward_state,carried_forward_state,11110110000,[],001727.jpg,
10_assy_0_1,1728,11110110000,0.97,"[[""11110110000"", 0.97]]","[""base"", ""front_chassis"", ""front_chassis_pin"", ""rear_chassis"", ""front_rear_chassis_pin"", ""rear_rear_chassis_pin""]","[""carried_forward_state""]",carried_forward_state,carried_forward_state,11110110000,[],001728.jpg,
10_assy_0_1,1729,11110110000,0.97,"[[""11110110000"", 0.97]]","[""base"", ""front_chassis"", ""front_chassis_pin"", ""rear_chassis"", ""front_rear_chassis_pin"", ""rear_rear_chassis_pin""]","[""carried_forward_state""]",carried_forward_state,carried_forward_state,11110110000,[],001729.jpg,
10_assy_0_1,1730,11110110000,0.97,"[[""11110110000"", 0.97]]","[""base"", ""front_chassis"", ""front_chassis_pin"", ""rear_chassis"", ""front_rear_chassis_pin"", ""rear_rear_chassis_pin""]","[""carried_forward_state""]",carried_forward_state,carried_forward_state,11110110000,[],001730.jpg,
10_assy_0_1,1731,11110110000,0.97,"[[""11110110000"", 0.97]]","[""base"", ""front_chassis"", ""front_chassis_pin"", ""rear_chassis"", ""front_rear_chassis_pin"", ""rear_rear_chassis_pin""]","[""carried_forward_state""]",carried_forward_state,carried_forward_state,11110110000,[],001731.jpg,
10_assy_0_1,1732,11110110000,0.97,"[[""11110110000"", 0.97]]","[""base"", ""front_chassis"", ""front_chassis_pin"", ""rear_chassis"", ""front_rear_chassis_pin"", ""rear_rear_chassis_pin""]","[""carried_forward_state""]",carried_forward_state,carried_forward_state,11110110000,[],001732.jpg,
10_assy_0_1,1733,11110110000,0.97,"[[""11110110000"", 0.97]]","[""base"", ""front_chassis"", ""front_chassis_pin"", ""rear_chassis"", ""front_rear_chassis_pin"", ""rear_rear_chassis_pin""]","[""carried_forward_state""]",carried_forward_state,carried_forward_state,11110110000,[],001733.jpg,
10_assy_0_1,1734,11110110000,0.97,"[[""11110110000"", 0.97]]","[""base"", ""front_chassis"", ""front_chassis_pin"", ""rear_chassis"", ""front_rear_chassis_pin"", ""rear_rear_chassis_pin""]","[""carried_forward_state""]",carried_forward_state,carried_forward_state,11110110000,[],001734.jpg,
10_assy_0_1,1735,11110110000,0.97,"[[""11110110000"", 0.97]]","[""base"", ""front_chassis"", ""front_chassis_pin"", ""rear_chassis"", ""front_rear_chassis_pin"", ""rear_rear_chassis_pin""]","[""carried_forward_state""]",carried_forward_state,carried_forward_state,11110110000,[],001735.jpg,
10_assy_0_1,1736,11110110000,0.97,"[[""11110110000"", 0.97]]","[""base"", ""front_chassis"", ""front_chassis_pin"", ""rear_chassis"", ""front_rear_chassis_pin"", ""rear_rear_chassis_pin""]","[""carried_forward_state""]",carried_forward_state,carried_forward_state,11110110000,[],001736.jpg,
10_assy_0_1,1737,11110110000,0.97,"[[""11110110000"", 0.97]]","[""base"", ""front_chassis"", ""front_chassis_pin"", ""rear_chassis"", ""front_rear_chassis_pin"", ""rear_rear_chassis_pin""]","[""carried_forward_state""]",carried_forward_state,carried_forward_state,11110110000,[],001737.jpg,
10_assy_0_1,1738,11110110000,0.97,"[[""11110110000"", 0.97]]","[""base"", ""front_chassis"", ""front_chassis_pin"", ""rear_chassis"", ""front_rear_chassis_pin"", ""rear_rear_chassis_pin""]","[""carried_forward_state""]",carried_forward_state,carried_forward_state,11110110000,[],001738.jpg,
10_assy_0_1,1739,11110110000,0.97,"[[""11110110000"", 0.97]]","[""base"", ""front_chassis"", ""front_chassis_pin"", ""rear_chassis"", ""front_rear_chassis_pin"", ""rear_rear_chassis_pin""]","[""carried_forward_state""]",carried_forward_state,carried_forward_state,11110110000,[],001739.jpg,
10_assy_0_1,1740,11110110000,0.97,"[[""11110110000"", 0.97]]","[""base"", ""front_chassis"", ""front_chassis_pin"", ""rear_chassis"", ""front_rear_chassis_pin"", ""rear_rear_chassis_pin""]","[""carried_forward_state""]",carried_forward_state,carried_forward_state,11110110000,[],001740.jpg,
10_assy_0_1,1741,11110110000,0.97,"[[""11110110000"", 0.97]]","[""base"", ""front_chassis"", ""front_chassis_pin"", ""rear_chassis"", ""front_rear_chassis_pin"", ""rear_rear_chassis_pin""]","[""carried_forward_state""]",carried_forward_state,carried_forward_state,11110110000,[],001741.jpg,
10_assy_0_1,1742,11110110000,0.97,"[[""11110110000"", 0.97]]","[""base"", ""front_chassis"", ""front_chassis_pin"", ""rear_chassis"", ""front_rear_chassis_pin"", ""rear_rear_chassis_pin""]","[""carried_forward_state""]",carried_forward_state,carried_forward_state,11110110000,[],001742.jpg,
10_assy_0_1,1743,11110110000,0.97,"[[""11110110000"", 0.97]]","[""base"", ""front_chassis"", ""front_chassis_pin"", ""rear_chassis"", ""front_rear_chassis_pin"", ""rear_rear_chassis_pin""]","[""carried_forward_state""]",carried_forward_state,carried_forward_state,11110110000,[],001743.jpg,
10_assy_0_1,1744,11110110000,0.97,"[[""11110110000"", 0.97]]","[""base"", ""front_chassis"", ""front_chassis_pin"", ""rear_chassis"", ""front_rear_chassis_pin"", ""rear_rear_chassis_pin""]","[""carried_forward_state""]",carried_forward_state,carried_forward_state,11110110000,[],001744.jpg,
10_assy_0_1,1745,11110110000,0.97,"[[""11110110000"", 0.97]]","[""base"", ""front_chassis"", ""front_chassis_pin"", ""rear_chassis"", ""front_rear_chassis_pin"", ""rear_rear_chassis_pin""]","[""carried_forward_state""]",carried_forward_state,carried_forward_state,11110110000,[],001745.jpg,
10_assy_0_1,1746,11110110000,0.97,"[[""11110110000"", 0.97]]","[""base"", ""front_chassis"", ""front_chassis_pin"", ""rear_chassis"", ""front_rear_chassis_pin"", ""rear_rear_chassis_pin""]","[""carried_forward_state""]",carried_forward_state,carried_forward_state,11110110000,[],001746.jpg,
10_assy_0_1,1747,11110110000,0.97,"[[""11110110000"", 0.97]]","[""base"", ""front_chassis"", ""front_chassis_pin"", ""rear_chassis"", ""front_rear_chassis_pin"", ""rear_rear_chassis_pin""]","[""carried_forward_state""]",carried_forward_state,carried_forward_state,11110110000,[],001747.jpg,
10_assy_0_1,1748,11110110000,0.97,"[[""11110110000"", 0.97]]","[""base"", ""front_chassis"", ""front_chassis_pin"", ""rear_chassis"", ""front_rear_chassis_pin"", ""rear_rear_chassis_pin""]","[""carried_forward_state""]",carried_forward_state,carried_forward_state,11110110000,[],001748.jpg,
10_assy_0_1,1749,11110110000,0.97,"[[""11110110000"", 0.97]]","[""base"", ""front_chassis"", ""front_chassis_pin"", ""rear_chassis"", ""front_rear_chassis_pin"", ""rear_rear_chassis_pin""]","[""carried_forward_state""]",carried_forward_state,carried_forward_state,11110110000,[],001749.jpg,
10_assy_0_1,1750,11110110000,0.97,"[[""11110110000"", 0.97]]","[""base"", ""front_chassis"", ""front_chassis_pin"", ""rear_chassis"", ""front_rear_chassis_pin"", ""rear_rear_chassis_pin""]","[""carried_forward_state""]",carried_forward_state,carried_forward_state,11110110000,[],001750.jpg,
10_assy_0_1,1751,11110110000,0.97,"[[""11110110000"", 0.97]]","[""base"", ""front_chassis"", ""front_chassis_pin"", ""rear_chassis"", ""front_rear_chassis_pin"", ""rear_rear_chassis_pin""]","[""carried_forward_state""]",carried_forward_state,carried_forward_state,11110110000,[],001751.jpg,
10_assy_0_1,1752,11110110000,0.97,"[[""11110110000"", 0.97]]","[""base"", ""front_chassis"", ""front_chassis_pin"", ""rear_chassis"", ""front_rear_chassis_pin"", ""rear_rear_chassis_pin""]","[""carried_forward_state""]",carried_forward_state,carried_forward_state,11110110000,[],001752.jpg,
10_assy_0_1,1753,11110110000,0.97,"[[""11110110000"", 0.97]]","[""base"", ""front_chassis"", ""front_chassis_pin"", ""rear_chassis"", ""front_rear_chassis_pin"", ""rear_rear_chassis_pin""]","[""carried_forward_state""]",carried_forward_state,carried_forward_state,11110110000,[],001753.jpg,
10_assy_0_1,1754,11110110000,0.97,"[[""11110110000"", 0.97]]","[""base"", ""front_chassis"", ""front_chassis_pin"", ""rear_chassis"", ""front_rear_chassis_pin"", ""rear_rear_chassis_pin""]","[""carried_forward_state""]",carried_forward_state,carried_forward_state,11110110000,[],001754.jpg,
10_assy_0_1,1755,11110110000,0.97,"[[""11110110000"", 0.97]]","[""base"", ""front_chassis"", ""front_chassis_pin"", ""rear_chassis"", ""front_rear_chassis_pin"", ""rear_rear_chassis_pin""]","[""carried_forward_state""]",carried_forward_state,carried_forward_state,11110110000,[],001755.jpg,
10_assy_0_1,1756,11110110000,0.97,"[[""11110110000"", 0.97]]","[""base"", ""front_chassis"", ""front_chassis_pin"", ""rear_chassis"", ""front_rear_chassis_pin"", ""rear_rear_chassis_pin""]","[""carried_forward_state""]",carried_forward_state,carried_forward_state,11110110000,[],001756.jpg,
10_assy_0_1,1757,11110110000,0.97,"[[""11110110000"", 0.97]]","[""base"", ""front_chassis"", ""front_chassis_pin"", ""rear_chassis"", ""front_rear_chassis_pin"", ""rear_rear_chassis_pin""]","[""carried_forward_state""]",carried_forward_state,carried_forward_state,11110110000,[],001757.jpg,
10_assy_0_1,1758,11110110000,0.97,"[[""11110110000"", 0.97]]","[""base"", ""front_chassis"", ""front_chassis_pin"", ""rear_chassis"", ""front_rear_chassis_pin"", ""rear_rear_chassis_pin""]","[""carried_forward_state""]",carried_forward_state,carried_forward_state,11110110000,[],001758.jpg,
10_assy_0_1,1759,11110110000,0.97,"[[""11110110000"", 0.97]]","[""base"", ""front_chassis"", ""front_chassis_pin"", ""rear_chassis"", ""front_rear_chassis_pin"", ""rear_rear_chassis_pin""]","[""carried_forward_state""]",carried_forward_state,carried_forward_state,11110110000,[],001759.jpg,
10_assy_0_1,1760,11110110000,0.97,"[[""11110110000"", 0.97]]","[""base"", ""front_chassis"", ""front_chassis_pin"", ""rear_chassis"", ""front_rear_chassis_pin"", ""rear_rear_chassis_pin""]","[""carried_forward_state""]",carried_forward_state,carried_forward_state,11110110000,[],001760.jpg,
10_assy_0_1,1761,11110110000,0.97,"[[""11110110000"", 0.97]]","[""base"", ""front_chassis"", ""front_chassis_pin"", ""rear_chassis"", ""front_rear_chassis_pin"", ""rear_rear_chassis_pin""]","[""carried_forward_state""]",carried_forward_state,carried_forward_state,11110110000,[],001761.jpg,
10_assy_0_1,1762,11110110000,0.97,"[[""11110110000"", 0.97]]","[""base"", ""front_chassis"", ""front_chassis_pin"", ""rear_chassis"", ""front_rear_chassis_pin"", ""rear_rear_chassis_pin""]","[""carried_forward_state""]",carried_forward_state,carried_forward_state,11110110000,[],001762.jpg,
10_assy_0_1,1763,11110110000,0.97,"[[""11110110000"", 0.97]]","[""base"", ""front_chassis"", ""front_chassis_pin"", ""rear_chassis"", ""front_rear_chassis_pin"", ""rear_rear_chassis_pin""]","[""carried_forward_state""]",carried_forward_state,carried_forward_state,11110110000,[],001763.jpg,
10_assy_0_1,1764,11110110000,0.97,"[[""11110110000"", 0.97]]","[""base"", ""front_chassis"", ""front_chassis_pin"", ""rear_chassis"", ""front_rear_chassis_pin"", ""rear_rear_chassis_pin""]","[""carried_forward_state""]",carried_forward_state,carried_forward_state,11110110000,[],001764.jpg,
10_assy_0_1,1765,11110110000,0.97,"[[""11110110000"", 0.97]]","[""base"", ""front_chassis"", ""front_chassis_pin"", ""rear_chassis"", ""front_rear_chassis_pin"", ""rear_rear_chassis_pin""]","[""carried_forward_state""]",carried_forward_state,carried_forward_state,11110110000,[],001765.jpg,
10_assy_0_1,1766,11110110000,0.97,"[[""11110110000"", 0.97]]","[""base"", ""front_chassis"", ""front_chassis_pin"", ""rear_chassis"", ""front_rear_chassis_pin"", ""rear_rear_chassis_pin""]","[""carried_forward_state""]",carried_forward_state,carried_forward_state,11110110000,[],001766.jpg,
10_assy_0_1,1767,11110110000,0.97,"[[""11110110000"", 0.97]]","[""base"", ""front_chassis"", ""front_chassis_pin"", ""rear_chassis"", ""front_rear_chassis_pin"", ""rear_rear_chassis_pin""]","[""carried_forward_state""]",carried_forward_state,carried_forward_state,11110110000,[],001767.jpg,
10_assy_0_1,1768,11110110000,0.97,"[[""11110110000"", 0.97]]","[""base"", ""front_chassis"", ""front_chassis_pin"", ""rear_chassis"", ""front_rear_chassis_pin"", ""rear_rear_chassis_pin""]","[""carried_forward_state""]",carried_forward_state,carried_forward_state,11110110000,[],001768.jpg,
10_assy_0_1,1769,11110110000,0.97,"[[""11110110000"", 0.97]]","[""base"", ""front_chassis"", ""front_chassis_pin"", ""rear_chassis"", ""front_rear_chassis_pin"", ""rear_rear_chassis_pin""]","[""carried_forward_state""]",carried_forward_state,carried_forward_state,11110110000,[],001769.jpg,
10_assy_0_1,1770,11110110000,0.97,"[[""11110110000"", 0.97]]","[""base"", ""front_chassis"", ""front_chassis_pin"", ""rear_chassis"", ""front_rear_chassis_pin"", ""rear_rear_chassis_pin""]","[""carried_forward_state""]",carried_forward_state,carried_forward_state,11110110000,[],001770.jpg,
10_assy_0_1,1771,11110110000,0.97,"[[""11110110000"", 0.97]]","[""base"", ""front_chassis"", ""front_chassis_pin"", ""rear_chassis"", ""front_rear_chassis_pin"", ""rear_rear_chassis_pin""]","[""carried_forward_state""]",carried_forward_state,carried_forward_state,11110110000,[],001771.jpg,
10_assy_0_1,1772,11110110000,0.97,"[[""11110110000"", 0.97]]","[""base"", ""front_chassis"", ""front_chassis_pin"", ""rear_chassis"", ""front_rear_chassis_pin"", ""rear_rear_chassis_pin""]","[""carried_forward_state""]",carried_forward_state,carried_forward_state,11110110000,[],001772.jpg,
10_assy_0_1,1773,11110110000,0.97,"[[""11110110000"", 0.97]]","[""base"", ""front_chassis"", ""front_chassis_pin"", ""rear_chassis"", ""front_rear_chassis_pin"", ""rear_rear_chassis_pin""]","[""carried_forward_state""]",carried_forward_state,carried_forward_state,11110110000,[],001773.jpg,
10_assy_0_1,1774,11110110000,0.97,"[[""11110110000"", 0.97]]","[""base"", ""front_chassis"", ""front_chassis_pin"", ""rear_chassis"", ""front_rear_chassis_pin"", ""rear_rear_chassis_pin""]","[""carried_forward_state""]",carried_forward_state,carried_forward_state,11110110000,[],001774.jpg,
10_assy_0_1,1775,11110110000,0.97,"[[""11110110000"", 0.97]]","[""base"", ""front_chassis"", ""front_chassis_pin"", ""rear_chassis"", ""front_rear_chassis_pin"", ""rear_rear_chassis_pin""]","[""carried_forward_state""]",carried_forward_state,carried_forward_state,11110110000,[],001775.jpg,
10_assy_0_1,1776,11110110000,0.97,"[[""11110110000"", 0.97]]","[""base"", ""front_chassis"", ""front_chassis_pin"", ""rear_chassis"", ""front_rear_chassis_pin"", ""rear_rear_chassis_pin""]","[""carried_forward_state""]",carried_forward_state,carried_forward_state,11110110000,[],001776.jpg,
10_assy_0_1,1777,11110110000,0.97,"[[""11110110000"", 0.97]]","[""base"", ""front_chassis"", ""front_chassis_pin"", ""rear_chassis"", ""front_rear_chassis_pin"", ""rear_rear_chassis_pin""]","[""carried_forward_state""]",carried_forward_state,carried_forward_state,11110110000,[],001777.jpg,
10_assy_0_1,1778,11110110000,0.97,"[[""11110110000"", 0.97]]","[""base"", ""front_chassis"", ""front_chassis_pin"", ""rear_chassis"", ""front_rear_chassis_pin"", ""rear_rear_chassis_pin""]","[""carried_forward_state""]",carried_forward_state,carried_forward_state,11110110000,[],001778.jpg,
10_assy_0_1,1779,11110110000,0.97,"[[""11110110000"", 0.97]]","[""base"", ""front_chassis"", ""front_chassis_pin"", ""rear_chassis"", ""front_rear_chassis_pin"", ""rear_rear_chassis_pin""]","[""carried_forward_state""]",carried_forward_state,carried_forward_state,11110110000,[],001779.jpg,
10_assy_0_1,1780,11110110000,0.97,"[[""11110110000"", 0.97]]","[""base"", ""front_chassis"", ""front_chassis_pin"", ""rear_chassis"", ""front_rear_chassis_pin"", ""rear_rear_chassis_pin""]","[""carried_forward_state""]",carried_forward_state,carried_forward_state,11110110000,[],001780.jpg,
10_assy_0_1,1781,11110110000,0.97,"[[""11110110000"", 0.97]]","[""base"", ""front_chassis"", ""front_chassis_pin"", ""rear_chassis"", ""front_rear_chassis_pin"", ""rear_rear_chassis_pin""]","[""carried_forward_state""]",carried_forward_state,carried_forward_state,11110110000,[],001781.jpg,
10_assy_0_1,1782,11110110000,0.97,"[[""11110110000"", 0.97]]","[""base"", ""front_chassis"", ""front_chassis_pin"", ""rear_chassis"", ""front_rear_chassis_pin"", ""rear_rear_chassis_pin""]","[""carried_forward_state""]",carried_forward_state,carried_forward_state,11110110000,[],001782.jpg,
10_assy_0_1,1783,11110110000,0.97,"[[""11110110000"", 0.97]]","[""base"", ""front_chassis"", ""front_chassis_pin"", ""rear_chassis"", ""front_rear_chassis_pin"", ""rear_rear_chassis_pin""]","[""carried_forward_state""]",carried_forward_state,carried_forward_state,11110110000,[],001783.jpg,
10_assy_0_1,1784,11110110000,0.97,"[[""11110110000"", 0.97]]","[""base"", ""front_chassis"", ""front_chassis_pin"", ""rear_chassis"", ""front_rear_chassis_pin"", ""rear_rear_chassis_pin""]","[""carried_forward_state""]",carried_forward_state,carried_forward_state,11110110000,[],001784.jpg,
10_assy_0_1,1785,11110110000,0.97,"[[""11110110000"", 0.97]]","[""base"", ""front_chassis"", ""front_chassis_pin"", ""rear_chassis"", ""front_rear_chassis_pin"", ""rear_rear_chassis_pin""]","[""carried_forward_state""]",carried_forward_state,carried_forward_state,11110110000,[],001785.jpg,
10_assy_0_1,1786,11110110000,0.97,"[[""11110110000"", 0.97]]","[""base"", ""front_chassis"", ""front_chassis_pin"", ""rear_chassis"", ""front_rear_chassis_pin"", ""rear_rear_chassis_pin""]","[""carried_forward_state""]",carried_forward_state,carried_forward_state,11110110000,[],001786.jpg,
10_assy_0_1,1787,11110110000,0.97,"[[""11110110000"", 0.97]]","[""base"", ""front_chassis"", ""front_chassis_pin"", ""rear_chassis"", ""front_rear_chassis_pin"", ""rear_rear_chassis_pin""]","[""carried_forward_state""]",carried_forward_state,carried_forward_state,11110110000,[],001787.jpg,
10_assy_0_1,1788,11110110000,0.97,"[[""11110110000"", 0.97]]","[""base"", ""front_chassis"", ""front_chassis_pin"", ""rear_chassis"", ""front_rear_chassis_pin"", ""rear_rear_chassis_pin""]","[""carried_forward_state""]",carried_forward_state,carried_forward_state,11110110000,[],001788.jpg,
10_assy_0_1,1789,11110110000,0.97,"[[""11110110000"", 0.97]]","[""base"", ""front_chassis"", ""front_chassis_pin"", ""rear_chassis"", ""front_rear_chassis_pin"", ""rear_rear_chassis_pin""]","[""carried_forward_state""]",carried_forward_state,carried_forward_state,11110110000,[],001789.jpg,
10_assy_0_1,1790,11110110000,0.97,"[[""11110110000"", 0.97]]","[""base"", ""front_chassis"", ""front_chassis_pin"", ""rear_chassis"", ""front_rear_chassis_pin"", ""rear_rear_chassis_pin""]","[""carried_forward_state""]",carried_forward_state,carried_forward_state,11110110000,[],001790.jpg,
10_assy_0_1,1791,11110110000,0.97,"[[""11110110000"", 0.97]]","[""base"", ""front_chassis"", ""front_chassis_pin"", ""rear_chassis"", ""front_rear_chassis_pin"", ""rear_rear_chassis_pin""]","[""carried_forward_state""]",carried_forward_state,carried_forward_state,11110110000,[],001791.jpg,
10_assy_0_1,1792,11110110000,0.97,"[[""11110110000"", 0.97]]","[""base"", ""front_chassis"", ""front_chassis_pin"", ""rear_chassis"", ""front_rear_chassis_pin"", ""rear_rear_chassis_pin""]","[""carried_forward_state""]",carried_forward_state,carried_forward_state,11110110000,[],001792.jpg,
10_assy_0_1,1793,11110110000,0.97,"[[""11110110000"", 0.97]]","[""base"", ""front_chassis"", ""front_chassis_pin"", ""rear_chassis"", ""front_rear_chassis_pin"", ""rear_rear_chassis_pin""]","[""carried_forward_state""]",carried_forward_state,carried_forward_state,11110110000,[],001793.jpg,
10_assy_0_1,1794,11110110000,0.97,"[[""11110110000"", 0.97]]","[""base"", ""front_chassis"", ""front_chassis_pin"", ""rear_chassis"", ""front_rear_chassis_pin"", ""rear_rear_chassis_pin""]","[""carried_forward_state""]",carried_forward_state,carried_forward_state,11110110000,[],001794.jpg,
10_assy_0_1,1795,11110110000,0.97,"[[""11110110000"", 0.97]]","[""base"", ""front_chassis"", ""front_chassis_pin"", ""rear_chassis"", ""front_rear_chassis_pin"", ""rear_rear_chassis_pin""]","[""carried_forward_state""]",carried_forward_state,carried_forward_state,11110110000,[],001795.jpg,
10_assy_0_1,1796,11110110000,0.97,"[[""11110110000"", 0.97]]","[""base"", ""front_chassis"", ""front_chassis_pin"", ""rear_chassis"", ""front_rear_chassis_pin"", ""rear_rear_chassis_pin""]","[""carried_forward_state""]",carried_forward_state,carried_forward_state,11110110000,[],001796.jpg,
10_assy_0_1,1797,11110110000,0.97,"[[""11110110000"", 0.97]]","[""base"", ""front_chassis"", ""front_chassis_pin"", ""rear_chassis"", ""front_rear_chassis_pin"", ""rear_rear_chassis_pin""]","[""carried_forward_state""]",carried_forward_state,carried_forward_state,11110110000,[],001797.jpg,
10_assy_0_1,1798,11110110000,0.97,"[[""11110110000"", 0.97]]","[""base"", ""front_chassis"", ""front_chassis_pin"", ""rear_chassis"", ""front_rear_chassis_pin"", ""rear_rear_chassis_pin""]","[""carried_forward_state""]",carried_forward_state,carried_forward_state,11110110000,[],001798.jpg,
10_assy_0_1,1799,11110110000,0.97,"[[""11110110000"", 0.97]]","[""base"", ""front_chassis"", ""front_chassis_pin"", ""rear_chassis"", ""front_rear_chassis_pin"", ""rear_rear_chassis_pin""]","[""carried_forward_state""]",carried_forward_state,carried_forward_state,11110110000,[],001799.jpg,
10_assy_0_1,1800,11110110000,0.97,"[[""11110110000"", 0.97]]","[""base"", ""front_chassis"", ""front_chassis_pin"", ""rear_chassis"", ""front_rear_chassis_pin"", ""rear_rear_chassis_pin""]","[""carried_forward_state""]",carried_forward_state,carried_forward_state,11110110000,[],001800.jpg,
10_assy_0_1,1801,11110110000,0.97,"[[""11110110000"", 0.97]]","[""base"", ""front_chassis"", ""front_chassis_pin"", ""rear_chassis"", ""front_rear_chassis_pin"", ""rear_rear_chassis_pin""]","[""carried_forward_state""]",carried_forward_state,carried_forward_state,11110110000,[],001801.jpg,
10_assy_0_1,1802,11110110000,0.97,"[[""11110110000"", 0.97]]","[""base"", ""front_chassis"", ""front_chassis_pin"", ""rear_chassis"", ""front_rear_chassis_pin"", ""rear_rear_chassis_pin""]","[""carried_forward_state""]",carried_forward_state,carried_forward_state,11110110000,[],001802.jpg,
10_assy_0_1,1803,11110110000,0.97,"[[""11110110000"", 0.97]]","[""base"", ""front_chassis"", ""front_chassis_pin"", ""rear_chassis"", ""front_rear_chassis_pin"", ""rear_rear_chassis_pin""]","[""carried_forward_state""]",carried_forward_state,carried_forward_state,11110110000,[],001803.jpg,
10_assy_0_1,1804,11110110000,0.97,"[[""11110110000"", 0.97]]","[""base"", ""front_chassis"", ""front_chassis_pin"", ""rear_chassis"", ""front_rear_chassis_pin"", ""rear_rear_chassis_pin""]","[""carried_forward_state""]",carried_forward_state,carried_forward_state,11110110000,[],001804.jpg,
10_assy_0_1,1805,11110110000,0.97,"[[""11110110000"", 0.97]]","[""base"", ""front_chassis"", ""front_chassis_pin"", ""rear_chassis"", ""front_rear_chassis_pin"", ""rear_rear_chassis_pin""]","[""carried_forward_state""]",carried_forward_state,carried_forward_state,11110110000,[],001805.jpg,
10_assy_0_1,1806,11110110000,0.97,"[[""11110110000"", 0.97]]","[""base"", ""front_chassis"", ""front_chassis_pin"", ""rear_chassis"", ""front_rear_chassis_pin"", ""rear_rear_chassis_pin""]","[""carried_forward_state""]",carried_forward_state,carried_forward_state,11110110000,[],001806.jpg,
10_assy_0_1,1807,11110110000,0.97,"[[""11110110000"", 0.97]]","[""base"", ""front_chassis"", ""front_chassis_pin"", ""rear_chassis"", ""front_rear_chassis_pin"", ""rear_rear_chassis_pin""]","[""carried_forward_state""]",carried_forward_state,carried_forward_state,11110110000,[],001807.jpg,
10_assy_0_1,1808,11110110000,0.97,"[[""11110110000"", 0.97]]","[""base"", ""front_chassis"", ""front_chassis_pin"", ""rear_chassis"", ""front_rear_chassis_pin"", ""rear_rear_chassis_pin""]","[""carried_forward_state""]",carried_forward_state,carried_forward_state,11110110000,[],001808.jpg,
10_assy_0_1,1809,11110110000,0.97,"[[""11110110000"", 0.97]]","[""base"", ""front_chassis"", ""front_chassis_pin"", ""rear_chassis"", ""front_rear_chassis_pin"", ""rear_rear_chassis_pin""]","[""carried_forward_state""]",carried_forward_state,carried_forward_state,11110110000,[],001809.jpg,
10_assy_0_1,1810,11110110000,0.97,"[[""11110110000"", 0.97]]","[""base"", ""front_chassis"", ""front_chassis_pin"", ""rear_chassis"", ""front_rear_chassis_pin"", ""rear_rear_chassis_pin""]","[""carried_forward_state""]",carried_forward_state,carried_forward_state,11110110000,[],001810.jpg,
10_assy_0_1,1811,11110110000,0.97,"[[""11110110000"", 0.97]]","[""base"", ""front_chassis"", ""front_chassis_pin"", ""rear_chassis"", ""front_rear_chassis_pin"", ""rear_rear_chassis_pin""]","[""carried_forward_state""]",carried_forward_state,carried_forward_state,11110110000,[],001811.jpg,
10_assy_0_1,1812,11110110000,0.97,"[[""11110110000"", 0.97]]","[""base"", ""front_chassis"", ""front_chassis_pin"", ""rear_chassis"", ""front_rear_chassis_pin"", ""rear_rear_chassis_pin""]","[""carried_forward_state""]",carried_forward_state,carried_forward_state,11110110000,[],001812.jpg,
10_assy_0_1,1813,11110110000,0.97,"[[""11110110000"", 0.97]]","[""base"", ""front_chassis"", ""front_chassis_pin"", ""rear_chassis"", ""front_rear_chassis_pin"", ""rear_rear_chassis_pin""]","[""carried_forward_state""]",carried_forward_state,carried_forward_state,11110110000,[],001813.jpg,
10_assy_0_1,1814,11110110000,0.97,"[[""11110110000"", 0.97]]","[""base"", ""front_chassis"", ""front_chassis_pin"", ""rear_chassis"", ""front_rear_chassis_pin"", ""rear_rear_chassis_pin""]","[""carried_forward_state""]",carried_forward_state,carried_forward_state,11110110000,[],001814.jpg,
10_assy_0_1,1815,11110110000,0.97,"[[""11110110000"", 0.97]]","[""base"", ""front_chassis"", ""front_chassis_pin"", ""rear_chassis"", ""front_rear_chassis_pin"", ""rear_rear_chassis_pin""]","[""carried_forward_state""]",carried_forward_state,carried_forward_state,11110110000,[],001815.jpg,
10_assy_0_1,1816,11110110000,0.97,"[[""11110110000"", 0.97]]","[""base"", ""front_chassis"", ""front_chassis_pin"", ""rear_chassis"", ""front_rear_chassis_pin"", ""rear_rear_chassis_pin""]","[""carried_forward_state""]",carried_forward_state,carried_forward_state,11110110000,[],001816.jpg,
10_assy_0_1,1817,11110110000,0.97,"[[""11110110000"", 0.97]]","[""base"", ""front_chassis"", ""front_chassis_pin"", ""rear_chassis"", ""front_rear_chassis_pin"", ""rear_rear_chassis_pin""]","[""carried_forward_state""]",carried_forward_state,carried_forward_state,11110110000,[],001817.jpg,
10_assy_0_1,1818,11110110000,0.97,"[[""11110110000"", 0.97]]","[""base"", ""front_chassis"", ""front_chassis_pin"", ""rear_chassis"", ""front_rear_chassis_pin"", ""rear_rear_chassis_pin""]","[""carried_forward_state""]",carried_forward_state,carried_forward_state,11110110000,[],001818.jpg,
10_assy_0_1,1819,11110110000,0.97,"[[""11110110000"", 0.97]]","[""base"", ""front_chassis"", ""front_chassis_pin"", ""rear_chassis"", ""front_rear_chassis_pin"", ""rear_rear_chassis_pin""]","[""carried_forward_state""]",carried_forward_state,carried_forward_state,11110110000,[],001819.jpg,
10_assy_0_1,1820,11110110000,0.97,"[[""11110110000"", 0.97]]","[""base"", ""front_chassis"", ""front_chassis_pin"", ""rear_chassis"", ""front_rear_chassis_pin"", ""rear_rear_chassis_pin""]","[""carried_forward_state""]",carried_forward_state,carried_forward_state,11110110000,[],001820.jpg,
10_assy_0_1,1821,11110110000,0.97,"[[""11110110000"", 0.97]]","[""base"", ""front_chassis"", ""front_chassis_pin"", ""rear_chassis"", ""front_rear_chassis_pin"", ""rear_rear_chassis_pin""]","[""carried_forward_state""]",carried_forward_state,carried_forward_state,11110110000,[],001821.jpg,
10_assy_0_1,1822,11110110000,0.97,"[[""11110110000"", 0.97]]","[""base"", ""front_chassis"", ""front_chassis_pin"", ""rear_chassis"", ""front_rear_chassis_pin"", ""rear_rear_chassis_pin""]","[""carried_forward_state""]",carried_forward_state,carried_forward_state,11110110000,[],001822.jpg,
10_assy_0_1,1823,11110110000,0.97,"[[""11110110000"", 0.97]]","[""base"", ""front_chassis"", ""front_chassis_pin"", ""rear_chassis"", ""front_rear_chassis_pin"", ""rear_rear_chassis_pin""]","[""carried_forward_state""]",carried_forward_state,carried_forward_state,11110110000,[],001823.jpg,
10_assy_0_1,1824,11110110000,0.97,"[[""11110110000"", 0.97]]","[""base"", ""front_chassis"", ""front_chassis_pin"", ""rear_chassis"", ""front_rear_chassis_pin"", ""rear_rear_chassis_pin""]","[""carried_forward_state""]",carried_forward_state,carried_forward_state,11110110000,[],001824.jpg,
10_assy_0_1,1825,11110110000,0.97,"[[""11110110000"", 0.97]]","[""base"", ""front_chassis"", ""front_chassis_pin"", ""rear_chassis"", ""front_rear_chassis_pin"", ""rear_rear_chassis_pin""]","[""carried_forward_state""]",carried_forward_state,carried_forward_state,11110110000,[],001825.jpg,
10_assy_0_1,1826,11110110000,0.97,"[[""11110110000"", 0.97]]","[""base"", ""front_chassis"", ""front_chassis_pin"", ""rear_chassis"", ""front_rear_chassis_pin"", ""rear_rear_chassis_pin""]","[""carried_forward_state""]",carried_forward_state,carried_forward_state,11110110000,[],001826.jpg,
10_assy_0_1,1827,11110110000,0.97,"[[""11110110000"", 0.97]]","[""base"", ""front_chassis"", ""front_chassis_pin"", ""rear_chassis"", ""front_rear_chassis_pin"", ""rear_rear_chassis_pin""]","[""carried_forward_state""]",carried_forward_state,carried_forward_state,11110110000,[],001827.jpg,
10_assy_0_1,1828,11110110000,0.97,"[[""11110110000"", 0.97]]","[""base"", ""front_chassis"", ""front_chassis_pin"", ""rear_chassis"", ""front_rear_chassis_pin"", ""rear_rear_chassis_pin""]","[""carried_forward_state""]",carried_forward_state,carried_forward_state,11110110000,[],001828.jpg,
10_assy_0_1,1829,11110110000,0.97,"[[""11110110000"", 0.97]]","[""base"", ""front_chassis"", ""front_chassis_pin"", ""rear_chassis"", ""front_rear_chassis_pin"", ""rear_rear_chassis_pin""]","[""carried_forward_state""]",carried_forward_state,carried_forward_state,11110110000,[],001829.jpg,
10_assy_0_1,1830,11110110000,0.97,"[[""11110110000"", 0.97]]","[""base"", ""front_chassis"", ""front_chassis_pin"", ""rear_chassis"", ""front_rear_chassis_pin"", ""rear_rear_chassis_pin""]","[""carried_forward_state""]",carried_forward_state,carried_forward_state,11110110000,[],001830.jpg,
10_assy_0_1,1831,11110110000,0.97,"[[""11110110000"", 0.97]]","[""base"", ""front_chassis"", ""front_chassis_pin"", ""rear_chassis"", ""front_rear_chassis_pin"", ""rear_rear_chassis_pin""]","[""carried_forward_state""]",carried_forward_state,carried_forward_state,11110110000,[],001831.jpg,
10_assy_0_1,1832,11110110000,0.97,"[[""11110110000"", 0.97]]","[""base"", ""front_chassis"", ""front_chassis_pin"", ""rear_chassis"", ""front_rear_chassis_pin"", ""rear_rear_chassis_pin""]","[""carried_forward_state""]",carried_forward_state,carried_forward_state,11110110000,[],001832.jpg,
10_assy_0_1,1833,11110110000,0.97,"[[""11110110000"", 0.97]]","[""base"", ""front_chassis"", ""front_chassis_pin"", ""rear_chassis"", ""front_rear_chassis_pin"", ""rear_rear_chassis_pin""]","[""carried_forward_state""]",carried_forward_state,carried_forward_state,11110110000,[],001833.jpg,
10_assy_0_1,1834,11110110000,0.97,"[[""11110110000"", 0.97]]","[""base"", ""front_chassis"", ""front_chassis_pin"", ""rear_chassis"", ""front_rear_chassis_pin"", ""rear_rear_chassis_pin""]","[""carried_forward_state""]",carried_forward_state,carried_forward_state,11110110000,[],001834.jpg,
10_assy_0_1,1835,11110110000,0.97,"[[""11110110000"", 0.97]]","[""base"", ""front_chassis"", ""front_chassis_pin"", ""rear_chassis"", ""front_rear_chassis_pin"", ""rear_rear_chassis_pin""]","[""carried_forward_state""]",carried_forward_state,carried_forward_state,11110110000,[],001835.jpg,
10_assy_0_1,1836,11110110000,0.97,"[[""11110110000"", 0.97]]","[""base"", ""front_chassis"", ""front_chassis_pin"", ""rear_chassis"", ""front_rear_chassis_pin"", ""rear_rear_chassis_pin""]","[""carried_forward_state""]",carried_forward_state,carried_forward_state,11110110000,[],001836.jpg,
10_assy_0_1,1837,11110110000,0.97,"[[""11110110000"", 0.97]]","[""base"", ""front_chassis"", ""front_chassis_pin"", ""rear_chassis"", ""front_rear_chassis_pin"", ""rear_rear_chassis_pin""]","[""carried_forward_state""]",carried_forward_state,carried_forward_state,11110110000,[],001837.jpg,
10_assy_0_1,1838,11110110000,0.97,"[[""11110110000"", 0.97]]","[""base"", ""front_chassis"", ""front_chassis_pin"", ""rear_chassis"", ""front_rear_chassis_pin"", ""rear_rear_chassis_pin""]","[""carried_forward_state""]",carried_forward_state,carried_forward_state,11110110000,[],001838.jpg,
10_assy_0_1,1839,11110110000,0.97,"[[""11110110000"", 0.97]]","[""base"", ""front_chassis"", ""front_chassis_pin"", ""rear_chassis"", ""front_rear_chassis_pin"", ""rear_rear_chassis_pin""]","[""carried_forward_state""]",carried_forward_state,carried_forward_state,11110110000,[],001839.jpg,
10_assy_0_1,1840,11110110000,0.97,"[[""11110110000"", 0.97]]","[""base"", ""front_chassis"", ""front_chassis_pin"", ""rear_chassis"", ""front_rear_chassis_pin"", ""rear_rear_chassis_pin""]","[""carried_forward_state""]",carried_forward_state,carried_forward_state,11110110000,[],001840.jpg,
10_assy_0_1,1841,11110110000,0.97,"[[""11110110000"", 0.97]]","[""base"", ""front_chassis"", ""front_chassis_pin"", ""rear_chassis"", ""front_rear_chassis_pin"", ""rear_rear_chassis_pin""]","[""carried_forward_state""]",carried_forward_state,carried_forward_state,11110110000,[],001841.jpg,
10_assy_0_1,1842,11110110000,0.97,"[[""11110110000"", 0.97]]","[""base"", ""front_chassis"", ""front_chassis_pin"", ""rear_chassis"", ""front_rear_chassis_pin"", ""rear_rear_chassis_pin""]","[""carried_forward_state""]",carried_forward_state,carried_forward_state,11110110000,[],001842.jpg,
10_assy_0_1,1843,11110110000,0.97,"[[""11110110000"", 0.97]]","[""base"", ""front_chassis"", ""front_chassis_pin"", ""rear_chassis"", ""front_rear_chassis_pin"", ""rear_rear_chassis_pin""]","[""carried_forward_state""]",carried_forward_state,carried_forward_state,11110110000,[],001843.jpg,
10_assy_0_1,1844,11110110000,0.97,"[[""11110110000"", 0.97]]","[""base"", ""front_chassis"", ""front_chassis_pin"", ""rear_chassis"", ""front_rear_chassis_pin"", ""rear_rear_chassis_pin""]","[""carried_forward_state""]",carried_forward_state,carried_forward_state,11110110000,[],001844.jpg,
10_assy_0_1,1845,11110110000,0.97,"[[""11110110000"", 0.97]]","[""base"", ""front_chassis"", ""front_chassis_pin"", ""rear_chassis"", ""front_rear_chassis_pin"", ""rear_rear_chassis_pin""]","[""carried_forward_state""]",carried_forward_state,carried_forward_state,11110110000,[],001845.jpg,
10_assy_0_1,1846,11110110000,0.97,"[[""11110110000"", 0.97]]","[""base"", ""front_chassis"", ""front_chassis_pin"", ""rear_chassis"", ""front_rear_chassis_pin"", ""rear_rear_chassis_pin""]","[""carried_forward_state""]",carried_forward_state,carried_forward_state,11110110000,[],001846.jpg,
10_assy_0_1,1847,11110110000,0.97,"[[""11110110000"", 0.97]]","[""base"", ""front_chassis"", ""front_chassis_pin"", ""rear_chassis"", ""front_rear_chassis_pin"", ""rear_rear_chassis_pin""]","[""carried_forward_state""]",carried_forward_state,carried_forward_state,11110110000,[],001847.jpg,
10_assy_0_1,1848,11110110000,0.97,"[[""11110110000"", 0.97]]","[""base"", ""front_chassis"", ""front_chassis_pin"", ""rear_chassis"", ""front_rear_chassis_pin"", ""rear_rear_chassis_pin""]","[""carried_forward_state""]",carried_forward_state,carried_forward_state,11110110000,[],001848.jpg,
10_assy_0_1,1849,11110110000,0.97,"[[""11110110000"", 0.97]]","[""base"", ""front_chassis"", ""front_chassis_pin"", ""rear_chassis"", ""front_rear_chassis_pin"", ""rear_rear_chassis_pin""]","[""carried_forward_state""]",carried_forward_state,carried_forward_state,11110110000,[],001849.jpg,
10_assy_0_1,1850,11110110000,0.97,"[[""11110110000"", 0.97]]","[""base"", ""front_chassis"", ""front_chassis_pin"", ""rear_chassis"", ""front_rear_chassis_pin"", ""rear_rear_chassis_pin""]","[""carried_forward_state""]",carried_forward_state,carried_forward_state,11110110000,[],001850.jpg,
10_assy_0_1,1851,11110110000,0.97,"[[""11110110000"", 0.97]]","[""base"", ""front_chassis"", ""front_chassis_pin"", ""rear_chassis"", ""front_rear_chassis_pin"", ""rear_rear_chassis_pin""]","[""carried_forward_state""]",carried_forward_state,carried_forward_state,11110110000,[],001851.jpg,
10_assy_0_1,1852,11110110000,0.97,"[[""11110110000"", 0.97]]","[""base"", ""front_chassis"", ""front_chassis_pin"", ""rear_chassis"", ""front_rear_chassis_pin"", ""rear_rear_chassis_pin""]","[""carried_forward_state""]",carried_forward_state,carried_forward_state,11110110000,[],001852.jpg,
10_assy_0_1,1853,11110110000,0.97,"[[""11110110000"", 0.97]]","[""base"", ""front_chassis"", ""front_chassis_pin"", ""rear_chassis"", ""front_rear_chassis_pin"", ""rear_rear_chassis_pin""]","[""carried_forward_state""]",carried_forward_state,carried_forward_state,11110110000,[],001853.jpg,
10_assy_0_1,1854,11110110000,0.97,"[[""11110110000"", 0.97]]","[""base"", ""front_chassis"", ""front_chassis_pin"", ""rear_chassis"", ""front_rear_chassis_pin"", ""rear_rear_chassis_pin""]","[""carried_forward_state""]",carried_forward_state,carried_forward_state,11110110000,[],001854.jpg,
10_assy_0_1,1855,11110110000,0.97,"[[""11110110000"", 0.97]]","[""base"", ""front_chassis"", ""front_chassis_pin"", ""rear_chassis"", ""front_rear_chassis_pin"", ""rear_rear_chassis_pin""]","[""carried_forward_state""]",carried_forward_state,carried_forward_state,11110110000,[],001855.jpg,
10_assy_0_1,1856,11110110000,0.97,"[[""11110110000"", 0.97]]","[""base"", ""front_chassis"", ""front_chassis_pin"", ""rear_chassis"", ""front_rear_chassis_pin"", ""rear_rear_chassis_pin""]","[""carried_forward_state""]",carried_forward_state,carried_forward_state,11110110000,[],001856.jpg,
10_assy_0_1,1857,11110110000,0.97,"[[""11110110000"", 0.97]]","[""base"", ""front_chassis"", ""front_chassis_pin"", ""rear_chassis"", ""front_rear_chassis_pin"", ""rear_rear_chassis_pin""]","[""carried_forward_state""]",carried_forward_state,carried_forward_state,11110110000,[],001857.jpg,
10_assy_0_1,1858,11110110000,0.97,"[[""11110110000"", 0.97]]","[""base"", ""front_chassis"", ""front_chassis_pin"", ""rear_chassis"", ""front_rear_chassis_pin"", ""rear_rear_chassis_pin""]","[""carried_forward_state""]",carried_forward_state,carried_forward_state,11110110000,[],001858.jpg,
10_assy_0_1,1859,11110110000,0.97,"[[""11110110000"", 0.97]]","[""base"", ""front_chassis"", ""front_chassis_pin"", ""rear_chassis"", ""front_rear_chassis_pin"", ""rear_rear_chassis_pin""]","[""carried_forward_state""]",carried_forward_state,carried_forward_state,11110110000,[],001859.jpg,
10_assy_0_1,1860,11110110000,0.97,"[[""11110110000"", 0.97]]","[""base"", ""front_chassis"", ""front_chassis_pin"", ""rear_chassis"", ""front_rear_chassis_pin"", ""rear_rear_chassis_pin""]","[""carried_forward_state""]",carried_forward_state,carried_forward_state,11110110000,[],001860.jpg,
10_assy_0_1,1861,11110110000,0.97,"[[""11110110000"", 0.97]]","[""base"", ""front_chassis"", ""front_chassis_pin"", ""rear_chassis"", ""front_rear_chassis_pin"", ""rear_rear_chassis_pin""]","[""carried_forward_state""]",carried_forward_state,carried_forward_state,11110110000,[],001861.jpg,
10_assy_0_1,1862,11110110000,0.97,"[[""11110110000"", 0.97]]","[""base"", ""front_chassis"", ""front_chassis_pin"", ""rear_chassis"", ""front_rear_chassis_pin"", ""rear_rear_chassis_pin""]","[""carried_forward_state""]",carried_forward_state,carried_forward_state,11110110000,[],001862.jpg,
10_assy_0_1,1863,11110110000,0.97,"[[""11110110000"", 0.97]]","[""base"", ""front_chassis"", ""front_chassis_pin"", ""rear_chassis"", ""front_rear_chassis_pin"", ""rear_rear_chassis_pin""]","[""carried_forward_state""]",carried_forward_state,carried_forward_state,11110110000,[],001863.jpg,
10_assy_0_1,1864,11110110000,0.97,"[[""11110110000"", 0.97]]","[""base"", ""front_chassis"", ""front_chassis_pin"", ""rear_chassis"", ""front_rear_chassis_pin"", ""rear_rear_chassis_pin""]","[""carried_forward_state""]",carried_forward_state,carried_forward_state,11110110000,[],001864.jpg,
10_assy_0_1,1865,11110110000,0.97,"[[""11110110000"", 0.97]]","[""base"", ""front_chassis"", ""front_chassis_pin"", ""rear_chassis"", ""front_rear_chassis_pin"", ""rear_rear_chassis_pin""]","[""carried_forward_state""]",carried_forward_state,carried_forward_state,11110110000,[],001865.jpg,
10_assy_0_1,1866,11110110000,0.97,"[[""11110110000"", 0.97]]","[""base"", ""front_chassis"", ""front_chassis_pin"", ""rear_chassis"", ""front_rear_chassis_pin"", ""rear_rear_chassis_pin""]","[""carried_forward_state""]",carried_forward_state,carried_forward_state,11110110000,[],001866.jpg,
10_assy_0_1,1867,11110110000,0.97,"[[""11110110000"", 0.97]]","[""base"", ""front_chassis"", ""front_chassis_pin"", ""rear_chassis"", ""front_rear_chassis_pin"", ""rear_rear_chassis_pin""]","[""carried_forward_state""]",carried_forward_state,carried_forward_state,11110110000,[],001867.jpg,
10_assy_0_1,1868,11110110000,0.97,"[[""11110110000"", 0.97]]","[""base"", ""front_chassis"", ""front_chassis_pin"", ""rear_chassis"", ""front_rear_chassis_pin"", ""rear_rear_chassis_pin""]","[""carried_forward_state""]",carried_forward_state,carried_forward_state,11110110000,[],001868.jpg,
10_assy_0_1,1869,11110110000,0.97,"[[""11110110000"", 0.97]]","[""base"", ""front_chassis"", ""front_chassis_pin"", ""rear_chassis"", ""front_rear_chassis_pin"", ""rear_rear_chassis_pin""]","[""carried_forward_state""]",carried_forward_state,carried_forward_state,11110110000,[],001869.jpg,
10_assy_0_1,1870,11110110000,0.97,"[[""11110110000"", 0.97]]","[""base"", ""front_chassis"", ""front_chassis_pin"", ""rear_chassis"", ""front_rear_chassis_pin"", ""rear_rear_chassis_pin""]","[""carried_forward_state""]",carried_forward_state,carried_forward_state,11110110000,[],001870.jpg,
10_assy_0_1,1871,11110110000,0.97,"[[""11110110000"", 0.97]]","[""base"", ""front_chassis"", ""front_chassis_pin"", ""rear_chassis"", ""front_rear_chassis_pin"", ""rear_rear_chassis_pin""]","[""carried_forward_state""]",carried_forward_state,carried_forward_state,11110110000,[],001871.jpg,
10_assy_0_1,1872,11110110000,0.97,"[[""11110110000"", 0.97]]","[""base"", ""front_chassis"", ""front_chassis_pin"", ""rear_chassis"", ""front_rear_chassis_pin"", ""rear_rear_chassis_pin""]","[""carried_forward_state""]",carried_forward_state,carried_forward_state,11110110000,[],001872.jpg,
10_assy_0_1,1873,11110110000,0.97,"[[""11110110000"", 0.97]]","[""base"", ""front_chassis"", ""front_chassis_pin"", ""rear_chassis"", ""front_rear_chassis_pin"", ""rear_rear_chassis_pin""]","[""carried_forward_state""]",carried_forward_state,carried_forward_state,11110110000,[],001873.jpg,
10_assy_0_1,1874,11110110000,0.97,"[[""11110110000"", 0.97]]","[""base"", ""front_chassis"", ""front_chassis_pin"", ""rear_chassis"", ""front_rear_chassis_pin"", ""rear_rear_chassis_pin""]","[""carried_forward_state""]",carried_forward_state,carried_forward_state,11110110000,[],001874.jpg,
10_assy_0_1,1875,11110110000,0.97,"[[""11110110000"", 0.97]]","[""base"", ""front_chassis"", ""front_chassis_pin"", ""rear_chassis"", ""front_rear_chassis_pin"", ""rear_rear_chassis_pin""]","[""carried_forward_state""]",carried_forward_state,carried_forward_state,11110110000,[],001875.jpg,
10_assy_0_1,1876,11110110000,0.97,"[[""11110110000"", 0.97]]","[""base"", ""front_chassis"", ""front_chassis_pin"", ""rear_chassis"", ""front_rear_chassis_pin"", ""rear_rear_chassis_pin""]","[""carried_forward_state""]",carried_forward_state,carried_forward_state,11110110000,[],001876.jpg,
10_assy_0_1,1877,11110110000,0.97,"[[""11110110000"", 0.97]]","[""base"", ""front_chassis"", ""front_chassis_pin"", ""rear_chassis"", ""front_rear_chassis_pin"", ""rear_rear_chassis_pin""]","[""carried_forward_state""]",carried_forward_state,carried_forward_state,11110110000,[],001877.jpg,
10_assy_0_1,1878,11110110000,0.97,"[[""11110110000"", 0.97]]","[""base"", ""front_chassis"", ""front_chassis_pin"", ""rear_chassis"", ""front_rear_chassis_pin"", ""rear_rear_chassis_pin""]","[""carried_forward_state""]",carried_forward_state,carried_forward_state,11110110000,[],001878.jpg,
10_assy_0_1,1879,11110110000,0.97,"[[""11110110000"", 0.97]]","[""base"", ""front_chassis"", ""front_chassis_pin"", ""rear_chassis"", ""front_rear_chassis_pin"", ""rear_rear_chassis_pin""]","[""carried_forward_state""]",carried_forward_state,carried_forward_state,11110110000,[],001879.jpg,
10_assy_0_1,1880,11110110000,0.97,"[[""11110110000"", 0.97]]","[""base"", ""front_chassis"", ""front_chassis_pin"", ""rear_chassis"", ""front_rear_chassis_pin"", ""rear_rear_chassis_pin""]","[""carried_forward_state""]",carried_forward_state,carried_forward_state,11110110000,[],001880.jpg,
10_assy_0_1,1881,11110110000,0.97,"[[""11110110000"", 0.97]]","[""base"", ""front_chassis"", ""front_chassis_pin"", ""rear_chassis"", ""front_rear_chassis_pin"", ""rear_rear_chassis_pin""]","[""carried_forward_state""]",carried_forward_state,carried_forward_state,11110110000,[],001881.jpg,
10_assy_0_1,1882,11110110000,0.97,"[[""11110110000"", 0.97]]","[""base"", ""front_chassis"", ""front_chassis_pin"", ""rear_chassis"", ""front_rear_chassis_pin"", ""rear_rear_chassis_pin""]","[""carried_forward_state""]",carried_forward_state,carried_forward_state,11110110000,[],001882.jpg,
10_assy_0_1,1883,11110110000,0.97,"[[""11110110000"", 0.97]]","[""base"", ""front_chassis"", ""front_chassis_pin"", ""rear_chassis"", ""front_rear_chassis_pin"", ""rear_rear_chassis_pin""]","[""carried_forward_state""]",carried_forward_state,carried_forward_state,11110110000,[],001883.jpg,
10_assy_0_1,1884,11110110000,0.97,"[[""11110110000"", 0.97]]","[""base"", ""front_chassis"", ""front_chassis_pin"", ""rear_chassis"", ""front_rear_chassis_pin"", ""rear_rear_chassis_pin""]","[""carried_forward_state""]",carried_forward_state,carried_forward_state,11110110000,[],001884.jpg,
10_assy_0_1,1885,11110110000,0.97,"[[""11110110000"", 0.97]]","[""base"", ""front_chassis"", ""front_chassis_pin"", ""rear_chassis"", ""front_rear_chassis_pin"", ""rear_rear_chassis_pin""]","[""carried_forward_state""]",carried_forward_state,carried_forward_state,11110110000,[],001885.jpg,
10_assy_0_1,1886,11110110000,0.97,"[[""11110110000"", 0.97]]","[""base"", ""front_chassis"", ""front_chassis_pin"", ""rear_chassis"", ""front_rear_chassis_pin"", ""rear_rear_chassis_pin""]","[""carried_forward_state""]",carried_forward_state,carried_forward_state,11110110000,[],001886.jpg,
10_assy_0_1,1887,11110110000,0.97,"[[""11110110000"", 0.97]]","[""base"", ""front_chassis"", ""front_chassis_pin"", ""rear_chassis"", ""front_rear_chassis_pin"", ""rear_rear_chassis_pin""]","[""carried_forward_state""]",carried_forward_state,carried_forward_state,11110110000,[],001887.jpg,
10_assy_0_1,1888,11110110000,0.97,"[[""11110110000"", 0.97]]","[""base"", ""front_chassis"", ""front_chassis_pin"", ""rear_chassis"", ""front_rear_chassis_pin"", ""rear_rear_chassis_pin""]","[""carried_forward_state""]",carried_forward_state,carried_forward_state,11110110000,[],001888.jpg,
10_assy_0_1,1889,11110110000,0.97,"[[""11110110000"", 0.97]]","[""base"", ""front_chassis"", ""front_chassis_pin"", ""rear_chassis"", ""front_rear_chassis_pin"", ""rear_rear_chassis_pin""]","[""carried_forward_state""]",carried_forward_state,carried_forward_state,11110110000,[],001889.jpg,
10_assy_0_1,1890,11110110000,0.97,"[[""11110110000"", 0.97]]","[""base"", ""front_chassis"", ""front_chassis_pin"", ""rear_chassis"", ""front_rear_chassis_pin"", ""rear_rear_chassis_pin""]","[""carried_forward_state""]",carried_forward_state,carried_forward_state,11110110000,[],001890.jpg,
10_assy_0_1,1891,11110110000,0.97,"[[""11110110000"", 0.97]]","[""base"", ""front_chassis"", ""front_chassis_pin"", ""rear_chassis"", ""front_rear_chassis_pin"", ""rear_rear_chassis_pin""]","[""carried_forward_state""]",carried_forward_state,carried_forward_state,11110110000,[],001891.jpg,
10_assy_0_1,1892,11110110000,0.97,"[[""11110110000"", 0.97]]","[""base"", ""front_chassis"", ""front_chassis_pin"", ""rear_chassis"", ""front_rear_chassis_pin"", ""rear_rear_chassis_pin""]","[""carried_forward_state""]",carried_forward_state,carried_forward_state,11110110000,[],001892.jpg,
10_assy_0_1,1893,11110110000,0.97,"[[""11110110000"", 0.97]]","[""base"", ""front_chassis"", ""front_chassis_pin"", ""rear_chassis"", ""front_rear_chassis_pin"", ""rear_rear_chassis_pin""]","[""carried_forward_state""]",carried_forward_state,carried_forward_state,11110110000,[],001893.jpg,
10_assy_0_1,1894,11110110000,0.97,"[[""11110110000"", 0.97]]","[""base"", ""front_chassis"", ""front_chassis_pin"", ""rear_chassis"", ""front_rear_chassis_pin"", ""rear_rear_chassis_pin""]","[""carried_forward_state""]",carried_forward_state,carried_forward_state,11110110000,[],001894.jpg,
10_assy_0_1,1895,11110110000,0.97,"[[""11110110000"", 0.97]]","[""base"", ""front_chassis"", ""front_chassis_pin"", ""rear_chassis"", ""front_rear_chassis_pin"", ""rear_rear_chassis_pin""]","[""carried_forward_state""]",carried_forward_state,carried_forward_state,11110110000,[],001895.jpg,
10_assy_0_1,1896,11110110000,0.97,"[[""11110110000"", 0.97]]","[""base"", ""front_chassis"", ""front_chassis_pin"", ""rear_chassis"", ""front_rear_chassis_pin"", ""rear_rear_chassis_pin""]","[""carried_forward_state""]",carried_forward_state,carried_forward_state,11110110000,[],001896.jpg,
10_assy_0_1,1897,11110110000,0.97,"[[""11110110000"", 0.97]]","[""base"", ""front_chassis"", ""front_chassis_pin"", ""rear_chassis"", ""front_rear_chassis_pin"", ""rear_rear_chassis_pin""]","[""carried_forward_state""]",carried_forward_state,carried_forward_state,11110110000,[],001897.jpg,
10_assy_0_1,1898,11110110000,0.97,"[[""11110110000"", 0.97]]","[""base"", ""front_chassis"", ""front_chassis_pin"", ""rear_chassis"", ""front_rear_chassis_pin"", ""rear_rear_chassis_pin""]","[""carried_forward_state""]",carried_forward_state,carried_forward_state,11110110000,[],001898.jpg,
10_assy_0_1,1899,11110110000,0.97,"[[""11110110000"", 0.97]]","[""base"", ""front_chassis"", ""front_chassis_pin"", ""rear_chassis"", ""front_rear_chassis_pin"", ""rear_rear_chassis_pin""]","[""carried_forward_state""]",carried_forward_state,carried_forward_state,11110110000,[],001899.jpg,
10_assy_0_1,1900,11110110000,0.97,"[[""11110110000"", 0.97]]","[""base"", ""front_chassis"", ""front_chassis_pin"", ""rear_chassis"", ""front_rear_chassis_pin"", ""rear_rear_chassis_pin""]","[""carried_forward_state""]",carried_forward_state,carried_forward_state,11110110000,[],001900.jpg,
10_assy_0_1,1901,11110110000,0.97,"[[""11110110000"", 0.97]]","[""base"", ""front_chassis"", ""front_chassis_pin"", ""rear_chassis"", ""front_rear_chassis_pin"", ""rear_rear_chassis_pin""]","[""carried_forward_state""]",carried_forward_state,carried_forward_state,11110110000,[],001901.jpg,
10_assy_0_1,1902,11110110000,0.97,"[[""11110110000"", 0.97]]","[""base"", ""front_chassis"", ""front_chassis_pin"", ""rear_chassis"", ""front_rear_chassis_pin"", ""rear_rear_chassis_pin""]","[""carried_forward_state""]",carried_forward_state,carried_forward_state,11110110000,[],001902.jpg,
10_assy_0_1,1903,11110110000,0.97,"[[""11110110000"", 0.97]]","[""base"", ""front_chassis"", ""front_chassis_pin"", ""rear_chassis"", ""front_rear_chassis_pin"", ""rear_rear_chassis_pin""]","[""carried_forward_state""]",carried_forward_state,carried_forward_state,11110110000,[],001903.jpg,
10_assy_0_1,1904,11110110000,0.97,"[[""11110110000"", 0.97]]","[""base"", ""front_chassis"", ""front_chassis_pin"", ""rear_chassis"", ""front_rear_chassis_pin"", ""rear_rear_chassis_pin""]","[""carried_forward_state""]",carried_forward_state,carried_forward_state,11110110000,[],001904.jpg,
10_assy_0_1,1905,11110110000,0.97,"[[""11110110000"", 0.97]]","[""base"", ""front_chassis"", ""front_chassis_pin"", ""rear_chassis"", ""front_rear_chassis_pin"", ""rear_rear_chassis_pin""]","[""carried_forward_state""]",carried_forward_state,carried_forward_state,11110110000,[],001905.jpg,
10_assy_0_1,1906,11110110000,0.97,"[[""11110110000"", 0.97]]","[""base"", ""front_chassis"", ""front_chassis_pin"", ""rear_chassis"", ""front_rear_chassis_pin"", ""rear_rear_chassis_pin""]","[""carried_forward_state""]",carried_forward_state,carried_forward_state,11110110000,[],001906.jpg,
10_assy_0_1,1907,11110110000,0.97,"[[""11110110000"", 0.97]]","[""base"", ""front_chassis"", ""front_chassis_pin"", ""rear_chassis"", ""front_rear_chassis_pin"", ""rear_rear_chassis_pin""]","[""carried_forward_state""]",carried_forward_state,carried_forward_state,11110110000,[],001907.jpg,
10_assy_0_1,1908,11110110000,0.97,"[[""11110110000"", 0.97]]","[""base"", ""front_chassis"", ""front_chassis_pin"", ""rear_chassis"", ""front_rear_chassis_pin"", ""rear_rear_chassis_pin""]","[""carried_forward_state""]",carried_forward_state,carried_forward_state,11110110000,[],001908.jpg,
10_assy_0_1,1909,11110110000,0.97,"[[""11110110000"", 0.97]]","[""base"", ""front_chassis"", ""front_chassis_pin"", ""rear_chassis"", ""front_rear_chassis_pin"", ""rear_rear_chassis_pin""]","[""carried_forward_state""]",carried_forward_state,carried_forward_state,11110110000,[],001909.jpg,
10_assy_0_1,1910,11110110000,0.97,"[[""11110110000"", 0.97]]","[""base"", ""front_chassis"", ""front_chassis_pin"", ""rear_chassis"", ""front_rear_chassis_pin"", ""rear_rear_chassis_pin""]","[""carried_forward_state""]",carried_forward_state,carried_forward_state,11110110000,[],001910.jpg,
10_assy_0_1,1911,11110110000,0.97,"[[""11110110000"", 0.97]]","[""base"", ""front_chassis"", ""front_chassis_pin"", ""rear_chassis"", ""front_rear_chassis_pin"", ""rear_rear_chassis_pin""]","[""carried_forward_state""]",carried_forward_state,carried_forward_state,11110110000,[],001911.jpg,
10_assy_0_1,1912,11110110000,0.97,"[[""11110110000"", 0.97]]","[""base"", ""front_chassis"", ""front_chassis_pin"", ""rear_chassis"", ""front_rear_chassis_pin"", ""rear_rear_chassis_pin""]","[""carried_forward_state""]",carried_forward_state,carried_forward_state,11110110000,[],001912.jpg,
10_assy_0_1,1913,11110110000,0.97,"[[""11110110000"", 0.97]]","[""base"", ""front_chassis"", ""front_chassis_pin"", ""rear_chassis"", ""front_rear_chassis_pin"", ""rear_rear_chassis_pin""]","[""carried_forward_state""]",carried_forward_state,carried_forward_state,11110110000,[],001913.jpg,
10_assy_0_1,1914,11110110000,0.97,"[[""11110110000"", 0.97]]","[""base"", ""front_chassis"", ""front_chassis_pin"", ""rear_chassis"", ""front_rear_chassis_pin"", ""rear_rear_chassis_pin""]","[""carried_forward_state""]",carried_forward_state,carried_forward_state,11110110000,[],001914.jpg,
10_assy_0_1,1915,11110110000,0.97,"[[""11110110000"", 0.97]]","[""base"", ""front_chassis"", ""front_chassis_pin"", ""rear_chassis"", ""front_rear_chassis_pin"", ""rear_rear_chassis_pin""]","[""carried_forward_state""]",carried_forward_state,carried_forward_state,11110110000,[],001915.jpg,
10_assy_0_1,1916,11110110000,0.97,"[[""11110110000"", 0.97]]","[""base"", ""front_chassis"", ""front_chassis_pin"", ""rear_chassis"", ""front_rear_chassis_pin"", ""rear_rear_chassis_pin""]","[""carried_forward_state""]",carried_forward_state,carried_forward_state,11110110000,[],001916.jpg,
10_assy_0_1,1917,11110110000,0.97,"[[""11110110000"", 0.97]]","[""base"", ""front_chassis"", ""front_chassis_pin"", ""rear_chassis"", ""front_rear_chassis_pin"", ""rear_rear_chassis_pin""]","[""carried_forward_state""]",carried_forward_state,carried_forward_state,11110110000,[],001917.jpg,
10_assy_0_1,1918,11110110000,0.97,"[[""11110110000"", 0.97]]","[""base"", ""front_chassis"", ""front_chassis_pin"", ""rear_chassis"", ""front_rear_chassis_pin"", ""rear_rear_chassis_pin""]","[""carried_forward_state""]",carried_forward_state,carried_forward_state,11110110000,[],001918.jpg,
10_assy_0_1,1919,11110110000,0.97,"[[""11110110000"", 0.97]]","[""base"", ""front_chassis"", ""front_chassis_pin"", ""rear_chassis"", ""front_rear_chassis_pin"", ""rear_rear_chassis_pin""]","[""carried_forward_state""]",carried_forward_state,carried_forward_state,11110110000,[],001919.jpg,
10_assy_0_1,1920,11110110000,0.97,"[[""11110110000"", 0.97]]","[""base"", ""front_chassis"", ""front_chassis_pin"", ""rear_chassis"", ""front_rear_chassis_pin"", ""rear_rear_chassis_pin""]","[""carried_forward_state""]",carried_forward_state,carried_forward_state,11110110000,[],001920.jpg,
10_assy_0_1,1921,11110110000,0.97,"[[""11110110000"", 0.97]]","[""base"", ""front_chassis"", ""front_chassis_pin"", ""rear_chassis"", ""front_rear_chassis_pin"", ""rear_rear_chassis_pin""]","[""carried_forward_state""]",carried_forward_state,carried_forward_state,11110110000,[],001921.jpg,
10_assy_0_1,1922,11110110000,0.97,"[[""11110110000"", 0.97]]","[""base"", ""front_chassis"", ""front_chassis_pin"", ""rear_chassis"", ""front_rear_chassis_pin"", ""rear_rear_chassis_pin""]","[""carried_forward_state""]",carried_forward_state,carried_forward_state,11110110000,[],001922.jpg,
10_assy_0_1,1923,11110110000,0.97,"[[""11110110000"", 0.97]]","[""base"", ""front_chassis"", ""front_chassis_pin"", ""rear_chassis"", ""front_rear_chassis_pin"", ""rear_rear_chassis_pin""]","[""carried_forward_state""]",carried_forward_state,carried_forward_state,11110110000,[],001923.jpg,
10_assy_0_1,1924,11110110000,0.97,"[[""11110110000"", 0.97]]","[""base"", ""front_chassis"", ""front_chassis_pin"", ""rear_chassis"", ""front_rear_chassis_pin"", ""rear_rear_chassis_pin""]","[""carried_forward_state""]",carried_forward_state,carried_forward_state,11110110000,[],001924.jpg,
10_assy_0_1,1925,11110110000,0.97,"[[""11110110000"", 0.97]]","[""base"", ""front_chassis"", ""front_chassis_pin"", ""rear_chassis"", ""front_rear_chassis_pin"", ""rear_rear_chassis_pin""]","[""carried_forward_state""]",carried_forward_state,carried_forward_state,11110110000,[],001925.jpg,
10_assy_0_1,1926,11110110000,0.97,"[[""11110110000"", 0.97]]","[""base"", ""front_chassis"", ""front_chassis_pin"", ""rear_chassis"", ""front_rear_chassis_pin"", ""rear_rear_chassis_pin""]","[""carried_forward_state""]",carried_forward_state,carried_forward_state,11110110000,[],001926.jpg,
10_assy_0_1,1927,11110110000,0.97,"[[""11110110000"", 0.97]]","[""base"", ""front_chassis"", ""front_chassis_pin"", ""rear_chassis"", ""front_rear_chassis_pin"", ""rear_rear_chassis_pin""]","[""carried_forward_state""]",carried_forward_state,carried_forward_state,11110110000,[],001927.jpg,
10_assy_0_1,1928,11110110000,0.97,"[[""11110110000"", 0.97]]","[""base"", ""front_chassis"", ""front_chassis_pin"", ""rear_chassis"", ""front_rear_chassis_pin"", ""rear_rear_chassis_pin""]","[""carried_forward_state""]",carried_forward_state,carried_forward_state,11110110000,[],001928.jpg,
10_assy_0_1,1929,11110110000,0.97,"[[""11110110000"", 0.97]]","[""base"", ""front_chassis"", ""front_chassis_pin"", ""rear_chassis"", ""front_rear_chassis_pin"", ""rear_rear_chassis_pin""]","[""carried_forward_state""]",carried_forward_state,carried_forward_state,11110110000,[],001929.jpg,
10_assy_0_1,1930,11110110000,0.97,"[[""11110110000"", 0.97]]","[""base"", ""front_chassis"", ""front_chassis_pin"", ""rear_chassis"", ""front_rear_chassis_pin"", ""rear_rear_chassis_pin""]","[""carried_forward_state""]",carried_forward_state,carried_forward_state,11110110000,[],001930.jpg,
10_assy_0_1,1931,11110110000,0.97,"[[""11110110000"", 0.97]]","[""base"", ""front_chassis"", ""front_chassis_pin"", ""rear_chassis"", ""front_rear_chassis_pin"", ""rear_rear_chassis_pin""]","[""carried_forward_state""]",carried_forward_state,carried_forward_state,11110110000,[],001931.jpg,
10_assy_0_1,1932,11110110000,0.97,"[[""11110110000"", 0.97]]","[""base"", ""front_chassis"", ""front_chassis_pin"", ""rear_chassis"", ""front_rear_chassis_pin"", ""rear_rear_chassis_pin""]","[""carried_forward_state""]",carried_forward_state,carried_forward_state,11110110000,[],001932.jpg,
10_assy_0_1,1933,11110110000,0.97,"[[""11110110000"", 0.97]]","[""base"", ""front_chassis"", ""front_chassis_pin"", ""rear_chassis"", ""front_rear_chassis_pin"", ""rear_rear_chassis_pin""]","[""carried_forward_state""]",carried_forward_state,carried_forward_state,11110110000,[],001933.jpg,
10_assy_0_1,1934,11110110000,0.97,"[[""11110110000"", 0.97]]","[""base"", ""front_chassis"", ""front_chassis_pin"", ""rear_chassis"", ""front_rear_chassis_pin"", ""rear_rear_chassis_pin""]","[""carried_forward_state""]",carried_forward_state,carried_forward_state,11110110000,[],001934.jpg,
10_assy_0_1,1935,11110110000,0.97,"[[""11110110000"", 0.97]]","[""base"", ""front_chassis"", ""front_chassis_pin"", ""rear_chassis"", ""front_rear_chassis_pin"", ""rear_rear_chassis_pin""]","[""carried_forward_state""]",carried_forward_state,carried_forward_state,11110110000,[],001935.jpg,
10_assy_0_1,1936,11110110000,0.97,"[[""11110110000"", 0.97]]","[""base"", ""front_chassis"", ""front_chassis_pin"", ""rear_chassis"", ""front_rear_chassis_pin"", ""rear_rear_chassis_pin""]","[""carried_forward_state""]",carried_forward_state,carried_forward_state,11110110000,[],001936.jpg,
10_assy_0_1,1937,11110110000,0.97,"[[""11110110000"", 0.97]]","[""base"", ""front_chassis"", ""front_chassis_pin"", ""rear_chassis"", ""front_rear_chassis_pin"", ""rear_rear_chassis_pin""]","[""carried_forward_state""]",carried_forward_state,carried_forward_state,11110110000,[],001937.jpg,
10_assy_0_1,1938,11110110000,0.97,"[[""11110110000"", 0.97]]","[""base"", ""front_chassis"", ""front_chassis_pin"", ""rear_chassis"", ""front_rear_chassis_pin"", ""rear_rear_chassis_pin""]","[""carried_forward_state""]",carried_forward_state,carried_forward_state,11110110000,[],001938.jpg,
10_assy_0_1,1939,11110110000,0.97,"[[""11110110000"", 0.97]]","[""base"", ""front_chassis"", ""front_chassis_pin"", ""rear_chassis"", ""front_rear_chassis_pin"", ""rear_rear_chassis_pin""]","[""carried_forward_state""]",carried_forward_state,carried_forward_state,11110110000,[],001939.jpg,
10_assy_0_1,1940,11110110000,0.97,"[[""11110110000"", 0.97]]","[""base"", ""front_chassis"", ""front_chassis_pin"", ""rear_chassis"", ""front_rear_chassis_pin"", ""rear_rear_chassis_pin""]","[""carried_forward_state""]",carried_forward_state,carried_forward_state,11110110000,[],001940.jpg,
10_assy_0_1,1941,11110110000,0.97,"[[""11110110000"", 0.97]]","[""base"", ""front_chassis"", ""front_chassis_pin"", ""rear_chassis"", ""front_rear_chassis_pin"", ""rear_rear_chassis_pin""]","[""carried_forward_state""]",carried_forward_state,carried_forward_state,11110110000,[],001941.jpg,
10_assy_0_1,1942,11110110000,0.97,"[[""11110110000"", 0.97]]","[""base"", ""front_chassis"", ""front_chassis_pin"", ""rear_chassis"", ""front_rear_chassis_pin"", ""rear_rear_chassis_pin""]","[""carried_forward_state""]",carried_forward_state,carried_forward_state,11110110000,[],001942.jpg,
10_assy_0_1,1943,11110110000,0.97,"[[""11110110000"", 0.97]]","[""base"", ""front_chassis"", ""front_chassis_pin"", ""rear_chassis"", ""front_rear_chassis_pin"", ""rear_rear_chassis_pin""]","[""carried_forward_state""]",carried_forward_state,carried_forward_state,11110110000,[],001943.jpg,
10_assy_0_1,1944,11110110000,0.97,"[[""11110110000"", 0.97]]","[""base"", ""front_chassis"", ""front_chassis_pin"", ""rear_chassis"", ""front_rear_chassis_pin"", ""rear_rear_chassis_pin""]","[""carried_forward_state""]",carried_forward_state,carried_forward_state,11110110000,[],001944.jpg,
10_assy_0_1,1945,11110110000,0.97,"[[""11110110000"", 0.97]]","[""base"", ""front_chassis"", ""front_chassis_pin"", ""rear_chassis"", ""front_rear_chassis_pin"", ""rear_rear_chassis_pin""]","[""carried_forward_state""]",carried_forward_state,carried_forward_state,11110110000,[],001945.jpg,
10_assy_0_1,1946,11110110000,0.97,"[[""11110110000"", 0.97]]","[""base"", ""front_chassis"", ""front_chassis_pin"", ""rear_chassis"", ""front_rear_chassis_pin"", ""rear_rear_chassis_pin""]","[""carried_forward_state""]",carried_forward_state,carried_forward_state,11110110000,[],001946.jpg,
10_assy_0_1,1947,11110110000,0.97,"[[""11110110000"", 0.97]]","[""base"", ""front_chassis"", ""front_chassis_pin"", ""rear_chassis"", ""front_rear_chassis_pin"", ""rear_rear_chassis_pin""]","[""carried_forward_state""]",carried_forward_state,carried_forward_state,11110110000,[],001947.jpg,
10_assy_0_1,1948,11110110000,0.97,"[[""11110110000"", 0.97]]","[""base"", ""front_chassis"", ""front_chassis_pin"", ""rear_chassis"", ""front_rear_chassis_pin"", ""rear_rear_chassis_pin""]","[""carried_forward_state""]",carried_forward_state,carried_forward_state,11110110000,[],001948.jpg,
10_assy_0_1,1949,11110110000,0.97,"[[""11110110000"", 0.97]]","[""base"", ""front_chassis"", ""front_chassis_pin"", ""rear_chassis"", ""front_rear_chassis_pin"", ""rear_rear_chassis_pin""]","[""carried_forward_state""]",carried_forward_state,carried_forward_state,11110110000,[],001949.jpg,
10_assy_0_1,1950,11110110000,0.97,"[[""11110110000"", 0.97]]","[""base"", ""front_chassis"", ""front_chassis_pin"", ""rear_chassis"", ""front_rear_chassis_pin"", ""rear_rear_chassis_pin""]","[""carried_forward_state""]",carried_forward_state,carried_forward_state,11110110000,[],001950.jpg,
10_assy_0_1,1951,11110110000,0.97,"[[""11110110000"", 0.97]]","[""base"", ""front_chassis"", ""front_chassis_pin"", ""rear_chassis"", ""front_rear_chassis_pin"", ""rear_rear_chassis_pin""]","[""carried_forward_state""]",carried_forward_state,carried_forward_state,11110110000,[],001951.jpg,
10_assy_0_1,1952,11110110000,0.97,"[[""11110110000"", 0.97]]","[""base"", ""front_chassis"", ""front_chassis_pin"", ""rear_chassis"", ""front_rear_chassis_pin"", ""rear_rear_chassis_pin""]","[""carried_forward_state""]",carried_forward_state,carried_forward_state,11110110000,[],001952.jpg,
10_assy_0_1,1953,11110110000,0.97,"[[""11110110000"", 0.97]]","[""base"", ""front_chassis"", ""front_chassis_pin"", ""rear_chassis"", ""front_rear_chassis_pin"", ""rear_rear_chassis_pin""]","[""carried_forward_state""]",carried_forward_state,carried_forward_state,11110110000,[],001953.jpg,
10_assy_0_1,1954,11110110000,0.97,"[[""11110110000"", 0.97]]","[""base"", ""front_chassis"", ""front_chassis_pin"", ""rear_chassis"", ""front_rear_chassis_pin"", ""rear_rear_chassis_pin""]","[""carried_forward_state""]",carried_forward_state,carried_forward_state,11110110000,[],001954.jpg,
10_assy_0_1,1955,11110111100,1.0,"[[""11110111100"", 1.0]]","[""base"", ""front_chassis"", ""front_chassis_pin"", ""rear_chassis"", ""front_rear_chassis_pin"", ""rear_rear_chassis_pin"", ""front_bracket"", ""front_bracket_screw""]","[""observed_label""]",observed_label,observed_label,11110111100,[],001955.jpg,1955
10_assy_0_1,1956,11110111100,1.0,"[[""11110111100"", 1.0]]","[""base"", ""front_chassis"", ""front_chassis_pin"", ""rear_chassis"", ""front_rear_chassis_pin"", ""rear_rear_chassis_pin"", ""front_bracket"", ""front_bracket_screw""]","[""observed_label""]",observed_label,observed_label,11110111100,[],001956.jpg,1956
10_assy_0_1,1957,11110111100,1.0,"[[""11110111100"", 1.0]]","[""base"", ""front_chassis"", ""front_chassis_pin"", ""rear_chassis"", ""front_rear_chassis_pin"", ""rear_rear_chassis_pin"", ""front_bracket"", ""front_bracket_screw""]","[""observed_label""]",observed_label,observed_label,11110111100,[],001957.jpg,1957
10_assy_0_1,1958,11110111100,1.0,"[[""11110111100"", 1.0]]","[""base"", ""front_chassis"", ""front_chassis_pin"", ""rear_chassis"", ""front_rear_chassis_pin"", ""rear_rear_chassis_pin"", ""front_bracket"", ""front_bracket_screw""]","[""observed_label""]",observed_label,observed_label,11110111100,[],001958.jpg,1958
10_assy_0_1,1959,11110111100,1.0,"[[""11110111100"", 1.0]]","[""base"", ""front_chassis"", ""front_chassis_pin"", ""rear_chassis"", ""front_rear_chassis_pin"", ""rear_rear_chassis_pin"", ""front_bracket"", ""front_bracket_screw""]","[""observed_label""]",observed_label,observed_label,11110111100,[],001959.jpg,1959
10_assy_0_1,1960,11110111100,1.0,"[[""11110111100"", 1.0]]","[""base"", ""front_chassis"", ""front_chassis_pin"", ""rear_chassis"", ""front_rear_chassis_pin"", ""rear_rear_chassis_pin"", ""front_bracket"", ""front_bracket_screw""]","[""observed_label""]",observed_label,observed_label,11110111100,[],001960.jpg,1960
10_assy_0_1,1961,11110111100,1.0,"[[""11110111100"", 1.0]]","[""base"", ""front_chassis"", ""front_chassis_pin"", ""rear_chassis"", ""front_rear_chassis_pin"", ""rear_rear_chassis_pin"", ""front_bracket"", ""front_bracket_screw""]","[""observed_label""]",observed_label,observed_label,11110111100,[],001961.jpg,1961
10_assy_0_1,1962,11110111100,1.0,"[[""11110111100"", 1.0]]","[""base"", ""front_chassis"", ""front_chassis_pin"", ""rear_chassis"", ""front_rear_chassis_pin"", ""rear_rear_chassis_pin"", ""front_bracket"", ""front_bracket_screw""]","[""observed_label""]",observed_label,observed_label,11110111100,[],001962.jpg,1962
10_assy_0_1,1963,11110111100,1.0,"[[""11110111100"", 1.0]]","[""base"", ""front_chassis"", ""front_chassis_pin"", ""rear_chassis"", ""front_rear_chassis_pin"", ""rear_rear_chassis_pin"", ""front_bracket"", ""front_bracket_screw""]","[""observed_label""]",observed_label,observed_label,11110111100,[],001963.jpg,1963
10_assy_0_1,1964,11110111100,1.0,"[[""11110111100"", 1.0]]","[""base"", ""front_chassis"", ""front_chassis_pin"", ""rear_chassis"", ""front_rear_chassis_pin"", ""rear_rear_chassis_pin"", ""front_bracket"", ""front_bracket_screw""]","[""observed_label""]",observed_label,observed_label,11110111100,[],001964.jpg,1964
10_assy_0_1,1965,11110111100,0.97,"[[""11110111100"", 0.97]]","[""base"", ""front_chassis"", ""front_chassis_pin"", ""rear_chassis"", ""front_rear_chassis_pin"", ""rear_rear_chassis_pin"", ""front_bracket"", ""front_bracket_screw""]","[""carried_forward_state""]",carried_forward_state,carried_forward_state,11110111100,[],001965.jpg,
10_assy_0_1,1966,11110111100,0.97,"[[""11110111100"", 0.97]]","[""base"", ""front_chassis"", ""front_chassis_pin"", ""rear_chassis"", ""front_rear_chassis_pin"", ""rear_rear_chassis_pin"", ""front_bracket"", ""front_bracket_screw""]","[""carried_forward_state""]",carried_forward_state,carried_forward_state,11110111100,[],001966.jpg,
10_assy_0_1,1967,11110111100,0.97,"[[""11110111100"", 0.97]]","[""base"", ""front_chassis"", ""front_chassis_pin"", ""rear_chassis"", ""front_rear_chassis_pin"", ""rear_rear_chassis_pin"", ""front_bracket"", ""front_bracket_screw""]","[""carried_forward_state""]",carried_forward_state,carried_forward_state,11110111100,[],001967.jpg,
10_assy_0_1,1968,11110111100,0.97,"[[""11110111100"", 0.97]]","[""base"", ""front_chassis"", ""front_chassis_pin"", ""rear_chassis"", ""front_rear_chassis_pin"", ""rear_rear_chassis_pin"", ""front_bracket"", ""front_bracket_screw""]","[""carried_forward_state""]",carried_forward_state,carried_forward_state,11110111100,[],001968.jpg,
10_assy_0_1,1969,11110111100,0.97,"[[""11110111100"", 0.97]]","[""base"", ""front_chassis"", ""front_chassis_pin"", ""rear_chassis"", ""front_rear_chassis_pin"", ""rear_rear_chassis_pin"", ""front_bracket"", ""front_bracket_screw""]","[""carried_forward_state""]",carried_forward_state,carried_forward_state,11110111100,[],001969.jpg,
10_assy_0_1,1970,11110111100,0.97,"[[""11110111100"", 0.97]]","[""base"", ""front_chassis"", ""front_chassis_pin"", ""rear_chassis"", ""front_rear_chassis_pin"", ""rear_rear_chassis_pin"", ""front_bracket"", ""front_bracket_screw""]","[""carried_forward_state""]",carried_forward_state,carried_forward_state,11110111100,[],001970.jpg,
10_assy_0_1,1971,11110111100,0.97,"[[""11110111100"", 0.97]]","[""base"", ""front_chassis"", ""front_chassis_pin"", ""rear_chassis"", ""front_rear_chassis_pin"", ""rear_rear_chassis_pin"", ""front_bracket"", ""front_bracket_screw""]","[""carried_forward_state""]",carried_forward_state,carried_forward_state,11110111100,[],001971.jpg,
10_assy_0_1,1972,11110111100,0.97,"[[""11110111100"", 0.97]]","[""base"", ""front_chassis"", ""front_chassis_pin"", ""rear_chassis"", ""front_rear_chassis_pin"", ""rear_rear_chassis_pin"", ""front_bracket"", ""front_bracket_screw""]","[""carried_forward_state""]",carried_forward_state,carried_forward_state,11110111100,[],001972.jpg,
10_assy_0_1,1973,11110111100,0.97,"[[""11110111100"", 0.97]]","[""base"", ""front_chassis"", ""front_chassis_pin"", ""rear_chassis"", ""front_rear_chassis_pin"", ""rear_rear_chassis_pin"", ""front_bracket"", ""front_bracket_screw""]","[""carried_forward_state""]",carried_forward_state,carried_forward_state,11110111100,[],001973.jpg,
10_assy_0_1,1974,11110111100,0.97,"[[""11110111100"", 0.97]]","[""base"", ""front_chassis"", ""front_chassis_pin"", ""rear_chassis"", ""front_rear_chassis_pin"", ""rear_rear_chassis_pin"", ""front_bracket"", ""front_bracket_screw""]","[""carried_forward_state""]",carried_forward_state,carried_forward_state,11110111100,[],001974.jpg,
10_assy_0_1,1975,11110111100,0.97,"[[""11110111100"", 0.97]]","[""base"", ""front_chassis"", ""front_chassis_pin"", ""rear_chassis"", ""front_rear_chassis_pin"", ""rear_rear_chassis_pin"", ""front_bracket"", ""front_bracket_screw""]","[""carried_forward_state""]",carried_forward_state,carried_forward_state,11110111100,[],001975.jpg,
10_assy_0_1,1976,11110111100,0.97,"[[""11110111100"", 0.97]]","[""base"", ""front_chassis"", ""front_chassis_pin"", ""rear_chassis"", ""front_rear_chassis_pin"", ""rear_rear_chassis_pin"", ""front_bracket"", ""front_bracket_screw""]","[""carried_forward_state""]",carried_forward_state,carried_forward_state,11110111100,[],001976.jpg,
10_assy_0_1,1977,11110111100,0.97,"[[""11110111100"", 0.97]]","[""base"", ""front_chassis"", ""front_chassis_pin"", ""rear_chassis"", ""front_rear_chassis_pin"", ""rear_rear_chassis_pin"", ""front_bracket"", ""front_bracket_screw""]","[""carried_forward_state""]",carried_forward_state,carried_forward_state,11110111100,[],001977.jpg,
10_assy_0_1,1978,11110111100,0.97,"[[""11110111100"", 0.97]]","[""base"", ""front_chassis"", ""front_chassis_pin"", ""rear_chassis"", ""front_rear_chassis_pin"", ""rear_rear_chassis_pin"", ""front_bracket"", ""front_bracket_screw""]","[""carried_forward_state""]",carried_forward_state,carried_forward_state,11110111100,[],001978.jpg,
10_assy_0_1,1979,11110111100,0.97,"[[""11110111100"", 0.97]]","[""base"", ""front_chassis"", ""front_chassis_pin"", ""rear_chassis"", ""front_rear_chassis_pin"", ""rear_rear_chassis_pin"", ""front_bracket"", ""front_bracket_screw""]","[""carried_forward_state""]",carried_forward_state,carried_forward_state,11110111100,[],001979.jpg,
10_assy_0_1,1980,11110111100,0.97,"[[""11110111100"", 0.97]]","[""base"", ""front_chassis"", ""front_chassis_pin"", ""rear_chassis"", ""front_rear_chassis_pin"", ""rear_rear_chassis_pin"", ""front_bracket"", ""front_bracket_screw""]","[""carried_forward_state""]",carried_forward_state,carried_forward_state,11110111100,[],001980.jpg,
10_assy_0_1,1981,11110111100,0.97,"[[""11110111100"", 0.97]]","[""base"", ""front_chassis"", ""front_chassis_pin"", ""rear_chassis"", ""front_rear_chassis_pin"", ""rear_rear_chassis_pin"", ""front_bracket"", ""front_bracket_screw""]","[""carried_forward_state""]",carried_forward_state,carried_forward_state,11110111100,[],001981.jpg,
10_assy_0_1,1982,11110111100,0.97,"[[""11110111100"", 0.97]]","[""base"", ""front_chassis"", ""front_chassis_pin"", ""rear_chassis"", ""front_rear_chassis_pin"", ""rear_rear_chassis_pin"", ""front_bracket"", ""front_bracket_screw""]","[""carried_forward_state""]",carried_forward_state,carried_forward_state,11110111100,[],001982.jpg,
10_assy_0_1,1983,11110111100,0.97,"[[""11110111100"", 0.97]]","[""base"", ""front_chassis"", ""front_chassis_pin"", ""rear_chassis"", ""front_rear_chassis_pin"", ""rear_rear_chassis_pin"", ""front_bracket"", ""front_bracket_screw""]","[""carried_forward_state""]",carried_forward_state,carried_forward_state,11110111100,[],001983.jpg,
10_assy_0_1,1984,11110111100,0.97,"[[""11110111100"", 0.97]]","[""base"", ""front_chassis"", ""front_chassis_pin"", ""rear_chassis"", ""front_rear_chassis_pin"", ""rear_rear_chassis_pin"", ""front_bracket"", ""front_bracket_screw""]","[""carried_forward_state""]",carried_forward_state,carried_forward_state,11110111100,[],001984.jpg,
10_assy_0_1,1985,11110111100,0.97,"[[""11110111100"", 0.97]]","[""base"", ""front_chassis"", ""front_chassis_pin"", ""rear_chassis"", ""front_rear_chassis_pin"", ""rear_rear_chassis_pin"", ""front_bracket"", ""front_bracket_screw""]","[""carried_forward_state""]",carried_forward_state,carried_forward_state,11110111100,[],001985.jpg,
10_assy_0_1,1986,11110111100,0.97,"[[""11110111100"", 0.97]]","[""base"", ""front_chassis"", ""front_chassis_pin"", ""rear_chassis"", ""front_rear_chassis_pin"", ""rear_rear_chassis_pin"", ""front_bracket"", ""front_bracket_screw""]","[""carried_forward_state""]",carried_forward_state,carried_forward_state,11110111100,[],001986.jpg,
10_assy_0_1,1987,11110111100,0.97,"[[""11110111100"", 0.97]]","[""base"", ""front_chassis"", ""front_chassis_pin"", ""rear_chassis"", ""front_rear_chassis_pin"", ""rear_rear_chassis_pin"", ""front_bracket"", ""front_bracket_screw""]","[""carried_forward_state""]",carried_forward_state,carried_forward_state,11110111100,[],001987.jpg,
10_assy_0_1,1988,11110111100,0.97,"[[""11110111100"", 0.97]]","[""base"", ""front_chassis"", ""front_chassis_pin"", ""rear_chassis"", ""front_rear_chassis_pin"", ""rear_rear_chassis_pin"", ""front_bracket"", ""front_bracket_screw""]","[""carried_forward_state""]",carried_forward_state,carried_forward_state,11110111100,[],001988.jpg,
10_assy_0_1,1989,11110111100,0.97,"[[""11110111100"", 0.97]]","[""base"", ""front_chassis"", ""front_chassis_pin"", ""rear_chassis"", ""front_rear_chassis_pin"", ""rear_rear_chassis_pin"", ""front_bracket"", ""front_bracket_screw""]","[""carried_forward_state""]",carried_forward_state,carried_forward_state,11110111100,[],001989.jpg,
10_assy_0_1,1990,11110111100,0.97,"[[""11110111100"", 0.97]]","[""base"", ""front_chassis"", ""front_chassis_pin"", ""rear_chassis"", ""front_rear_chassis_pin"", ""rear_rear_chassis_pin"", ""front_bracket"", ""front_bracket_screw""]","[""carried_forward_state""]",carried_forward_state,carried_forward_state,11110111100,[],001990.jpg,
10_assy_0_1,1991,11110111100,0.97,"[[""11110111100"", 0.97]]","[""base"", ""front_chassis"", ""front_chassis_pin"", ""rear_chassis"", ""front_rear_chassis_pin"", ""rear_rear_chassis_pin"", ""front_bracket"", ""front_bracket_screw""]","[""carried_forward_state""]",carried_forward_state,carried_forward_state,11110111100,[],001991.jpg,
10_assy_0_1,1992,11110111100,0.97,"[[""11110111100"", 0.97]]","[""base"", ""front_chassis"", ""front_chassis_pin"", ""rear_chassis"", ""front_rear_chassis_pin"", ""rear_rear_chassis_pin"", ""front_bracket"", ""front_bracket_screw""]","[""carried_forward_state""]",carried_forward_state,carried_forward_state,11110111100,[],001992.jpg,
10_assy_0_1,1993,11110111100,0.97,"[[""11110111100"", 0.97]]","[""base"", ""front_chassis"", ""front_chassis_pin"", ""rear_chassis"", ""front_rear_chassis_pin"", ""rear_rear_chassis_pin"", ""front_bracket"", ""front_bracket_screw""]","[""carried_forward_state""]",carried_forward_state,carried_forward_state,11110111100,[],001993.jpg,
10_assy_0_1,1994,11110111100,0.97,"[[""11110111100"", 0.97]]","[""base"", ""front_chassis"", ""front_chassis_pin"", ""rear_chassis"", ""front_rear_chassis_pin"", ""rear_rear_chassis_pin"", ""front_bracket"", ""front_bracket_screw""]","[""carried_forward_state""]",carried_forward_state,carried_forward_state,11110111100,[],001994.jpg,
10_assy_0_1,1995,11110111100,0.97,"[[""11110111100"", 0.97]]","[""base"", ""front_chassis"", ""front_chassis_pin"", ""rear_chassis"", ""front_rear_chassis_pin"", ""rear_rear_chassis_pin"", ""front_bracket"", ""front_bracket_screw""]","[""carried_forward_state""]",carried_forward_state,carried_forward_state,11110111100,[],001995.jpg,
10_assy_0_1,1996,11110111100,0.97,"[[""11110111100"", 0.97]]","[""base"", ""front_chassis"", ""front_chassis_pin"", ""rear_chassis"", ""front_rear_chassis_pin"", ""rear_rear_chassis_pin"", ""front_bracket"", ""front_bracket_screw""]","[""carried_forward_state""]",carried_forward_state,carried_forward_state,11110111100,[],001996.jpg,
10_assy_0_1,1997,11110111100,0.97,"[[""11110111100"", 0.97]]","[""base"", ""front_chassis"", ""front_chassis_pin"", ""rear_chassis"", ""front_rear_chassis_pin"", ""rear_rear_chassis_pin"", ""front_bracket"", ""front_bracket_screw""]","[""carried_forward_state""]",carried_forward_state,carried_forward_state,11110111100,[],001997.jpg,
10_assy_0_1,1998,11110111100,0.97,"[[""11110111100"", 0.97]]","[""base"", ""front_chassis"", ""front_chassis_pin"", ""rear_chassis"", ""front_rear_chassis_pin"", ""rear_rear_chassis_pin"", ""front_bracket"", ""front_bracket_screw""]","[""carried_forward_state""]",carried_forward_state,carried_forward_state,11110111100,[],001998.jpg,
10_assy_0_1,1999,11110111100,0.97,"[[""11110111100"", 0.97]]","[""base"", ""front_chassis"", ""front_chassis_pin"", ""rear_chassis"", ""front_rear_chassis_pin"", ""rear_rear_chassis_pin"", ""front_bracket"", ""front_bracket_screw""]","[""carried_forward_state""]",carried_forward_state,carried_forward_state,11110111100,[],001999.jpg,
10_assy_0_1,2000,11110111100,0.97,"[[""11110111100"", 0.97]]","[""base"", ""front_chassis"", ""front_chassis_pin"", ""rear_chassis"", ""front_rear_chassis_pin"", ""rear_rear_chassis_pin"", ""front_bracket"", ""front_bracket_screw""]","[""carried_forward_state""]",carried_forward_state,carried_forward_state,11110111100,[],002000.jpg,
10_assy_0_1,2001,11110111100,0.97,"[[""11110111100"", 0.97]]","[""base"", ""front_chassis"", ""front_chassis_pin"", ""rear_chassis"", ""front_rear_chassis_pin"", ""rear_rear_chassis_pin"", ""front_bracket"", ""front_bracket_screw""]","[""carried_forward_state""]",carried_forward_state,carried_forward_state,11110111100,[],002001.jpg,
10_assy_0_1,2002,11110111100,0.97,"[[""11110111100"", 0.97]]","[""base"", ""front_chassis"", ""front_chassis_pin"", ""rear_chassis"", ""front_rear_chassis_pin"", ""rear_rear_chassis_pin"", ""front_bracket"", ""front_bracket_screw""]","[""carried_forward_state""]",carried_forward_state,carried_forward_state,11110111100,[],002002.jpg,
10_assy_0_1,2003,11110111100,0.97,"[[""11110111100"", 0.97]]","[""base"", ""front_chassis"", ""front_chassis_pin"", ""rear_chassis"", ""front_rear_chassis_pin"", ""rear_rear_chassis_pin"", ""front_bracket"", ""front_bracket_screw""]","[""carried_forward_state""]",carried_forward_state,carried_forward_state,11110111100,[],002003.jpg,
10_assy_0_1,2004,11110111100,0.97,"[[""11110111100"", 0.97]]","[""base"", ""front_chassis"", ""front_chassis_pin"", ""rear_chassis"", ""front_rear_chassis_pin"", ""rear_rear_chassis_pin"", ""front_bracket"", ""front_bracket_screw""]","[""carried_forward_state""]",carried_forward_state,carried_forward_state,11110111100,[],002004.jpg,
10_assy_0_1,2005,11110111100,0.97,"[[""11110111100"", 0.97]]","[""base"", ""front_chassis"", ""front_chassis_pin"", ""rear_chassis"", ""front_rear_chassis_pin"", ""rear_rear_chassis_pin"", ""front_bracket"", ""front_bracket_screw""]","[""carried_forward_state""]",carried_forward_state,carried_forward_state,11110111100,[],002005.jpg,
10_assy_0_1,2006,11110111100,0.97,"[[""11110111100"", 0.97]]","[""base"", ""front_chassis"", ""front_chassis_pin"", ""rear_chassis"", ""front_rear_chassis_pin"", ""rear_rear_chassis_pin"", ""front_bracket"", ""front_bracket_screw""]","[""carried_forward_state""]",carried_forward_state,carried_forward_state,11110111100,[],002006.jpg,
10_assy_0_1,2007,11110111100,0.97,"[[""11110111100"", 0.97]]","[""base"", ""front_chassis"", ""front_chassis_pin"", ""rear_chassis"", ""front_rear_chassis_pin"", ""rear_rear_chassis_pin"", ""front_bracket"", ""front_bracket_screw""]","[""carried_forward_state""]",carried_forward_state,carried_forward_state,11110111100,[],002007.jpg,
10_assy_0_1,2008,11110111100,0.97,"[[""11110111100"", 0.97]]","[""base"", ""front_chassis"", ""front_chassis_pin"", ""rear_chassis"", ""front_rear_chassis_pin"", ""rear_rear_chassis_pin"", ""front_bracket"", ""front_bracket_screw""]","[""carried_forward_state""]",carried_forward_state,carried_forward_state,11110111100,[],002008.jpg,
10_assy_0_1,2009,11110111100,0.97,"[[""11110111100"", 0.97]]","[""base"", ""front_chassis"", ""front_chassis_pin"", ""rear_chassis"", ""front_rear_chassis_pin"", ""rear_rear_chassis_pin"", ""front_bracket"", ""front_bracket_screw""]","[""carried_forward_state""]",carried_forward_state,carried_forward_state,11110111100,[],002009.jpg,
10_assy_0_1,2010,11110111100,0.97,"[[""11110111100"", 0.97]]","[""base"", ""front_chassis"", ""front_chassis_pin"", ""rear_chassis"", ""front_rear_chassis_pin"", ""rear_rear_chassis_pin"", ""front_bracket"", ""front_bracket_screw""]","[""carried_forward_state""]",carried_forward_state,carried_forward_state,11110111100,[],002010.jpg,
10_assy_0_1,2011,11110111100,0.97,"[[""11110111100"", 0.97]]","[""base"", ""front_chassis"", ""front_chassis_pin"", ""rear_chassis"", ""front_rear_chassis_pin"", ""rear_rear_chassis_pin"", ""front_bracket"", ""front_bracket_screw""]","[""carried_forward_state""]",carried_forward_state,carried_forward_state,11110111100,[],002011.jpg,
10_assy_0_1,2012,11110111100,0.97,"[[""11110111100"", 0.97]]","[""base"", ""front_chassis"", ""front_chassis_pin"", ""rear_chassis"", ""front_rear_chassis_pin"", ""rear_rear_chassis_pin"", ""front_bracket"", ""front_bracket_screw""]","[""carried_forward_state""]",carried_forward_state,carried_forward_state,11110111100,[],002012.jpg,
10_assy_0_1,2013,11110111100,0.97,"[[""11110111100"", 0.97]]","[""base"", ""front_chassis"", ""front_chassis_pin"", ""rear_chassis"", ""front_rear_chassis_pin"", ""rear_rear_chassis_pin"", ""front_bracket"", ""front_bracket_screw""]","[""carried_forward_state""]",carried_forward_state,carried_forward_state,11110111100,[],002013.jpg,
10_assy_0_1,2014,11110111100,0.97,"[[""11110111100"", 0.97]]","[""base"", ""front_chassis"", ""front_chassis_pin"", ""rear_chassis"", ""front_rear_chassis_pin"", ""rear_rear_chassis_pin"", ""front_bracket"", ""front_bracket_screw""]","[""carried_forward_state""]",carried_forward_state,carried_forward_state,11110111100,[],002014.jpg,
10_assy_0_1,2015,11110111100,0.97,"[[""11110111100"", 0.97]]","[""base"", ""front_chassis"", ""front_chassis_pin"", ""rear_chassis"", ""front_rear_chassis_pin"", ""rear_rear_chassis_pin"", ""front_bracket"", ""front_bracket_screw""]","[""carried_forward_state""]",carried_forward_state,carried_forward_state,11110111100,[],002015.jpg,
10_assy_0_1,2016,11110111100,0.97,"[[""11110111100"", 0.97]]","[""base"", ""front_chassis"", ""front_chassis_pin"", ""rear_chassis"", ""front_rear_chassis_pin"", ""rear_rear_chassis_pin"", ""front_bracket"", ""front_bracket_screw""]","[""carried_forward_state""]",carried_forward_state,carried_forward_state,11110111100,[],002016.jpg,
10_assy_0_1,2017,11110111100,0.97,"[[""11110111100"", 0.97]]","[""base"", ""front_chassis"", ""front_chassis_pin"", ""rear_chassis"", ""front_rear_chassis_pin"", ""rear_rear_chassis_pin"", ""front_bracket"", ""front_bracket_screw""]","[""carried_forward_state""]",carried_forward_state,carried_forward_state,11110111100,[],002017.jpg,
10_assy_0_1,2018,11110111100,0.97,"[[""11110111100"", 0.97]]","[""base"", ""front_chassis"", ""front_chassis_pin"", ""rear_chassis"", ""front_rear_chassis_pin"", ""rear_rear_chassis_pin"", ""front_bracket"", ""front_bracket_screw""]","[""carried_forward_state""]",carried_forward_state,carried_forward_state,11110111100,[],002018.jpg,
10_assy_0_1,2019,11110111100,0.97,"[[""11110111100"", 0.97]]","[""base"", ""front_chassis"", ""front_chassis_pin"", ""rear_chassis"", ""front_rear_chassis_pin"", ""rear_rear_chassis_pin"", ""front_bracket"", ""front_bracket_screw""]","[""carried_forward_state""]",carried_forward_state,carried_forward_state,11110111100,[],002019.jpg,
10_assy_0_1,2020,11110111100,0.97,"[[""11110111100"", 0.97]]","[""base"", ""front_chassis"", ""front_chassis_pin"", ""rear_chassis"", ""front_rear_chassis_pin"", ""rear_rear_chassis_pin"", ""front_bracket"", ""front_bracket_screw""]","[""carried_forward_state""]",carried_forward_state,carried_forward_state,11110111100,[],002020.jpg,
10_assy_0_1,2021,11110111100,0.97,"[[""11110111100"", 0.97]]","[""base"", ""front_chassis"", ""front_chassis_pin"", ""rear_chassis"", ""front_rear_chassis_pin"", ""rear_rear_chassis_pin"", ""front_bracket"", ""front_bracket_screw""]","[""carried_forward_state""]",carried_forward_state,carried_forward_state,11110111100,[],002021.jpg,
10_assy_0_1,2022,11110111100,0.97,"[[""11110111100"", 0.97]]","[""base"", ""front_chassis"", ""front_chassis_pin"", ""rear_chassis"", ""front_rear_chassis_pin"", ""rear_rear_chassis_pin"", ""front_bracket"", ""front_bracket_screw""]","[""carried_forward_state""]",carried_forward_state,carried_forward_state,11110111100,[],002022.jpg,
10_assy_0_1,2023,11110111100,0.97,"[[""11110111100"", 0.97]]","[""base"", ""front_chassis"", ""front_chassis_pin"", ""rear_chassis"", ""front_rear_chassis_pin"", ""rear_rear_chassis_pin"", ""front_bracket"", ""front_bracket_screw""]","[""carried_forward_state""]",carried_forward_state,carried_forward_state,11110111100,[],002023.jpg,
10_assy_0_1,2024,11110111100,0.97,"[[""11110111100"", 0.97]]","[""base"", ""front_chassis"", ""front_chassis_pin"", ""rear_chassis"", ""front_rear_chassis_pin"", ""rear_rear_chassis_pin"", ""front_bracket"", ""front_bracket_screw""]","[""carried_forward_state""]",carried_forward_state,carried_forward_state,11110111100,[],002024.jpg,
10_assy_0_1,2025,11110111100,0.97,"[[""11110111100"", 0.97]]","[""base"", ""front_chassis"", ""front_chassis_pin"", ""rear_chassis"", ""front_rear_chassis_pin"", ""rear_rear_chassis_pin"", ""front_bracket"", ""front_bracket_screw""]","[""carried_forward_state""]",carried_forward_state,carried_forward_state,11110111100,[],002025.jpg,
10_assy_0_1,2026,11110111100,0.97,"[[""11110111100"", 0.97]]","[""base"", ""front_chassis"", ""front_chassis_pin"", ""rear_chassis"", ""front_rear_chassis_pin"", ""rear_rear_chassis_pin"", ""front_bracket"", ""front_bracket_screw""]","[""carried_forward_state""]",carried_forward_state,carried_forward_state,11110111100,[],002026.jpg,
10_assy_0_1,2027,11110111100,0.97,"[[""11110111100"", 0.97]]","[""base"", ""front_chassis"", ""front_chassis_pin"", ""rear_chassis"", ""front_rear_chassis_pin"", ""rear_rear_chassis_pin"", ""front_bracket"", ""front_bracket_screw""]","[""carried_forward_state""]",carried_forward_state,carried_forward_state,11110111100,[],002027.jpg,
10_assy_0_1,2028,11110111100,0.97,"[[""11110111100"", 0.97]]","[""base"", ""front_chassis"", ""front_chassis_pin"", ""rear_chassis"", ""front_rear_chassis_pin"", ""rear_rear_chassis_pin"", ""front_bracket"", ""front_bracket_screw""]","[""carried_forward_state""]",carried_forward_state,carried_forward_state,11110111100,[],002028.jpg,
10_assy_0_1,2029,11110111100,0.97,"[[""11110111100"", 0.97]]","[""base"", ""front_chassis"", ""front_chassis_pin"", ""rear_chassis"", ""front_rear_chassis_pin"", ""rear_rear_chassis_pin"", ""front_bracket"", ""front_bracket_screw""]","[""carried_forward_state""]",carried_forward_state,carried_forward_state,11110111100,[],002029.jpg,
10_assy_0_1,2030,11110111100,0.97,"[[""11110111100"", 0.97]]","[""base"", ""front_chassis"", ""front_chassis_pin"", ""rear_chassis"", ""front_rear_chassis_pin"", ""rear_rear_chassis_pin"", ""front_bracket"", ""front_bracket_screw""]","[""carried_forward_state""]",carried_forward_state,carried_forward_state,11110111100,[],002030.jpg,
10_assy_0_1,2031,11110111100,0.97,"[[""11110111100"", 0.97]]","[""base"", ""front_chassis"", ""front_chassis_pin"", ""rear_chassis"", ""front_rear_chassis_pin"", ""rear_rear_chassis_pin"", ""front_bracket"", ""front_bracket_screw""]","[""carried_forward_state""]",carried_forward_state,carried_forward_state,11110111100,[],002031.jpg,
10_assy_0_1,2032,11110111100,0.97,"[[""11110111100"", 0.97]]","[""base"", ""front_chassis"", ""front_chassis_pin"", ""rear_chassis"", ""front_rear_chassis_pin"", ""rear_rear_chassis_pin"", ""front_bracket"", ""front_bracket_screw""]","[""carried_forward_state""]",carried_forward_state,carried_forward_state,11110111100,[],002032.jpg,
10_assy_0_1,2033,11110111100,0.97,"[[""11110111100"", 0.97]]","[""base"", ""front_chassis"", ""front_chassis_pin"", ""rear_chassis"", ""front_rear_chassis_pin"", ""rear_rear_chassis_pin"", ""front_bracket"", ""front_bracket_screw""]","[""carried_forward_state""]",carried_forward_state,carried_forward_state,11110111100,[],002033.jpg,
10_assy_0_1,2034,11110111100,0.97,"[[""11110111100"", 0.97]]","[""base"", ""front_chassis"", ""front_chassis_pin"", ""rear_chassis"", ""front_rear_chassis_pin"", ""rear_rear_chassis_pin"", ""front_bracket"", ""front_bracket_screw""]","[""carried_forward_state""]",carried_forward_state,carried_forward_state,11110111100,[],002034.jpg,
10_assy_0_1,2035,11110111100,0.97,"[[""11110111100"", 0.97]]","[""base"", ""front_chassis"", ""front_chassis_pin"", ""rear_chassis"", ""front_rear_chassis_pin"", ""rear_rear_chassis_pin"", ""front_bracket"", ""front_bracket_screw""]","[""carried_forward_state""]",carried_forward_state,carried_forward_state,11110111100,[],002035.jpg,
10_assy_0_1,2036,11110111100,0.97,"[[""11110111100"", 0.97]]","[""base"", ""front_chassis"", ""front_chassis_pin"", ""rear_chassis"", ""front_rear_chassis_pin"", ""rear_rear_chassis_pin"", ""front_bracket"", ""front_bracket_screw""]","[""carried_forward_state""]",carried_forward_state,carried_forward_state,11110111100,[],002036.jpg,
10_assy_0_1,2037,11110111100,0.97,"[[""11110111100"", 0.97]]","[""base"", ""front_chassis"", ""front_chassis_pin"", ""rear_chassis"", ""front_rear_chassis_pin"", ""rear_rear_chassis_pin"", ""front_bracket"", ""front_bracket_screw""]","[""carried_forward_state""]",carried_forward_state,carried_forward_state,11110111100,[],002037.jpg,
10_assy_0_1,2038,11110111100,0.97,"[[""11110111100"", 0.97]]","[""base"", ""front_chassis"", ""front_chassis_pin"", ""rear_chassis"", ""front_rear_chassis_pin"", ""rear_rear_chassis_pin"", ""front_bracket"", ""front_bracket_screw""]","[""carried_forward_state""]",carried_forward_state,carried_forward_state,11110111100,[],002038.jpg,
10_assy_0_1,2039,11110111100,0.97,"[[""11110111100"", 0.97]]","[""base"", ""front_chassis"", ""front_chassis_pin"", ""rear_chassis"", ""front_rear_chassis_pin"", ""rear_rear_chassis_pin"", ""front_bracket"", ""front_bracket_screw""]","[""carried_forward_state""]",carried_forward_state,carried_forward_state,11110111100,[],002039.jpg,
10_assy_0_1,2040,11110111100,0.97,"[[""11110111100"", 0.97]]","[""base"", ""front_chassis"", ""front_chassis_pin"", ""rear_chassis"", ""front_rear_chassis_pin"", ""rear_rear_chassis_pin"", ""front_bracket"", ""front_bracket_screw""]","[""carried_forward_state""]",carried_forward_state,carried_forward_state,11110111100,[],002040.jpg,
10_assy_0_1,2041,11110111100,0.97,"[[""11110111100"", 0.97]]","[""base"", ""front_chassis"", ""front_chassis_pin"", ""rear_chassis"", ""front_rear_chassis_pin"", ""rear_rear_chassis_pin"", ""front_bracket"", ""front_bracket_screw""]","[""carried_forward_state""]",carried_forward_state,carried_forward_state,11110111100,[],002041.jpg,
10_assy_0_1,2042,11110111100,0.97,"[[""11110111100"", 0.97]]","[""base"", ""front_chassis"", ""front_chassis_pin"", ""rear_chassis"", ""front_rear_chassis_pin"", ""rear_rear_chassis_pin"", ""front_bracket"", ""front_bracket_screw""]","[""carried_forward_state""]",carried_forward_state,carried_forward_state,11110111100,[],002042.jpg,
10_assy_0_1,2043,11110111100,0.97,"[[""11110111100"", 0.97]]","[""base"", ""front_chassis"", ""front_chassis_pin"", ""rear_chassis"", ""front_rear_chassis_pin"", ""rear_rear_chassis_pin"", ""front_bracket"", ""front_bracket_screw""]","[""carried_forward_state""]",carried_forward_state,carried_forward_state,11110111100,[],002043.jpg,
10_assy_0_1,2044,11110111100,0.97,"[[""11110111100"", 0.97]]","[""base"", ""front_chassis"", ""front_chassis_pin"", ""rear_chassis"", ""front_rear_chassis_pin"", ""rear_rear_chassis_pin"", ""front_bracket"", ""front_bracket_screw""]","[""carried_forward_state""]",carried_forward_state,carried_forward_state,11110111100,[],002044.jpg,
10_assy_0_1,2045,11110111100,0.97,"[[""11110111100"", 0.97]]","[""base"", ""front_chassis"", ""front_chassis_pin"", ""rear_chassis"", ""front_rear_chassis_pin"", ""rear_rear_chassis_pin"", ""front_bracket"", ""front_bracket_screw""]","[""carried_forward_state""]",carried_forward_state,carried_forward_state,11110111100,[],002045.jpg,
10_assy_0_1,2046,11110111100,0.97,"[[""11110111100"", 0.97]]","[""base"", ""front_chassis"", ""front_chassis_pin"", ""rear_chassis"", ""front_rear_chassis_pin"", ""rear_rear_chassis_pin"", ""front_bracket"", ""front_bracket_screw""]","[""carried_forward_state""]",carried_forward_state,carried_forward_state,11110111100,[],002046.jpg,
10_assy_0_1,2047,11110111100,0.97,"[[""11110111100"", 0.97]]","[""base"", ""front_chassis"", ""front_chassis_pin"", ""rear_chassis"", ""front_rear_chassis_pin"", ""rear_rear_chassis_pin"", ""front_bracket"", ""front_bracket_screw""]","[""carried_forward_state""]",carried_forward_state,carried_forward_state,11110111100,[],002047.jpg,
10_assy_0_1,2048,11110111100,0.97,"[[""11110111100"", 0.97]]","[""base"", ""front_chassis"", ""front_chassis_pin"", ""rear_chassis"", ""front_rear_chassis_pin"", ""rear_rear_chassis_pin"", ""front_bracket"", ""front_bracket_screw""]","[""carried_forward_state""]",carried_forward_state,carried_forward_state,11110111100,[],002048.jpg,
10_assy_0_1,2049,11110111100,0.97,"[[""11110111100"", 0.97]]","[""base"", ""front_chassis"", ""front_chassis_pin"", ""rear_chassis"", ""front_rear_chassis_pin"", ""rear_rear_chassis_pin"", ""front_bracket"", ""front_bracket_screw""]","[""carried_forward_state""]",carried_forward_state,carried_forward_state,11110111100,[],002049.jpg,
10_assy_0_1,2050,11110111100,0.97,"[[""11110111100"", 0.97]]","[""base"", ""front_chassis"", ""front_chassis_pin"", ""rear_chassis"", ""front_rear_chassis_pin"", ""rear_rear_chassis_pin"", ""front_bracket"", ""front_bracket_screw""]","[""carried_forward_state""]",carried_forward_state,carried_forward_state,11110111100,[],002050.jpg,
10_assy_0_1,2051,11110111100,0.97,"[[""11110111100"", 0.97]]","[""base"", ""front_chassis"", ""front_chassis_pin"", ""rear_chassis"", ""front_rear_chassis_pin"", ""rear_rear_chassis_pin"", ""front_bracket"", ""front_bracket_screw""]","[""carried_forward_state""]",carried_forward_state,carried_forward_state,11110111100,[],002051.jpg,
10_assy_0_1,2052,11110111100,0.97,"[[""11110111100"", 0.97]]","[""base"", ""front_chassis"", ""front_chassis_pin"", ""rear_chassis"", ""front_rear_chassis_pin"", ""rear_rear_chassis_pin"", ""front_bracket"", ""front_bracket_screw""]","[""carried_forward_state""]",carried_forward_state,carried_forward_state,11110111100,[],002052.jpg,
10_assy_0_1,2053,11110111100,0.97,"[[""11110111100"", 0.97]]","[""base"", ""front_chassis"", ""front_chassis_pin"", ""rear_chassis"", ""front_rear_chassis_pin"", ""rear_rear_chassis_pin"", ""front_bracket"", ""front_bracket_screw""]","[""carried_forward_state""]",carried_forward_state,carried_forward_state,11110111100,[],002053.jpg,
10_assy_0_1,2054,11110111100,0.97,"[[""11110111100"", 0.97]]","[""base"", ""front_chassis"", ""front_chassis_pin"", ""rear_chassis"", ""front_rear_chassis_pin"", ""rear_rear_chassis_pin"", ""front_bracket"", ""front_bracket_screw""]","[""carried_forward_state""]",carried_forward_state,carried_forward_state,11110111100,[],002054.jpg,
10_assy_0_1,2055,11110111100,0.97,"[[""11110111100"", 0.97]]","[""base"", ""front_chassis"", ""front_chassis_pin"", ""rear_chassis"", ""front_rear_chassis_pin"", ""rear_rear_chassis_pin"", ""front_bracket"", ""front_bracket_screw""]","[""carried_forward_state""]",carried_forward_state,carried_forward_state,11110111100,[],002055.jpg,
10_assy_0_1,2056,11110111100,0.97,"[[""11110111100"", 0.97]]","[""base"", ""front_chassis"", ""front_chassis_pin"", ""rear_chassis"", ""front_rear_chassis_pin"", ""rear_rear_chassis_pin"", ""front_bracket"", ""front_bracket_screw""]","[""carried_forward_state""]",carried_forward_state,carried_forward_state,11110111100,[],002056.jpg,
10_assy_0_1,2057,11110111100,0.97,"[[""11110111100"", 0.97]]","[""base"", ""front_chassis"", ""front_chassis_pin"", ""rear_chassis"", ""front_rear_chassis_pin"", ""rear_rear_chassis_pin"", ""front_bracket"", ""front_bracket_screw""]","[""carried_forward_state""]",carried_forward_state,carried_forward_state,11110111100,[],002057.jpg,
10_assy_0_1,2058,11110111100,0.97,"[[""11110111100"", 0.97]]","[""base"", ""front_chassis"", ""front_chassis_pin"", ""rear_chassis"", ""front_rear_chassis_pin"", ""rear_rear_chassis_pin"", ""front_bracket"", ""front_bracket_screw""]","[""carried_forward_state""]",carried_forward_state,carried_forward_state,11110111100,[],002058.jpg,
10_assy_0_1,2059,11110111100,0.97,"[[""11110111100"", 0.97]]","[""base"", ""front_chassis"", ""front_chassis_pin"", ""rear_chassis"", ""front_rear_chassis_pin"", ""rear_rear_chassis_pin"", ""front_bracket"", ""front_bracket_screw""]","[""carried_forward_state""]",carried_forward_state,carried_forward_state,11110111100,[],002059.jpg,
10_assy_0_1,2060,11110111100,0.97,"[[""11110111100"", 0.97]]","[""base"", ""front_chassis"", ""front_chassis_pin"", ""rear_chassis"", ""front_rear_chassis_pin"", ""rear_rear_chassis_pin"", ""front_bracket"", ""front_bracket_screw""]","[""carried_forward_state""]",carried_forward_state,carried_forward_state,11110111100,[],002060.jpg,
10_assy_0_1,2061,11110111100,0.97,"[[""11110111100"", 0.97]]","[""base"", ""front_chassis"", ""front_chassis_pin"", ""rear_chassis"", ""front_rear_chassis_pin"", ""rear_rear_chassis_pin"", ""front_bracket"", ""front_bracket_screw""]","[""carried_forward_state""]",carried_forward_state,carried_forward_state,11110111100,[],002061.jpg,
10_assy_0_1,2062,11110111100,0.97,"[[""11110111100"", 0.97]]","[""base"", ""front_chassis"", ""front_chassis_pin"", ""rear_chassis"", ""front_rear_chassis_pin"", ""rear_rear_chassis_pin"", ""front_bracket"", ""front_bracket_screw""]","[""carried_forward_state""]",carried_forward_state,carried_forward_state,11110111100,[],002062.jpg,
10_assy_0_1,2063,11110111100,0.97,"[[""11110111100"", 0.97]]","[""base"", ""front_chassis"", ""front_chassis_pin"", ""rear_chassis"", ""front_rear_chassis_pin"", ""rear_rear_chassis_pin"", ""front_bracket"", ""front_bracket_screw""]","[""carried_forward_state""]",carried_forward_state,carried_forward_state,11110111100,[],002063.jpg,
10_assy_0_1,2064,11110111100,0.97,"[[""11110111100"", 0.97]]","[""base"", ""front_chassis"", ""front_chassis_pin"", ""rear_chassis"", ""front_rear_chassis_pin"", ""rear_rear_chassis_pin"", ""front_bracket"", ""front_bracket_screw""]","[""carried_forward_state""]",carried_forward_state,carried_forward_state,11110111100,[],002064.jpg,
10_assy_0_1,2065,11110111100,0.97,"[[""11110111100"", 0.97]]","[""base"", ""front_chassis"", ""front_chassis_pin"", ""rear_chassis"", ""front_rear_chassis_pin"", ""rear_rear_chassis_pin"", ""front_bracket"", ""front_bracket_screw""]","[""carried_forward_state""]",carried_forward_state,carried_forward_state,11110111100,[],002065.jpg,
10_assy_0_1,2066,11110111100,0.97,"[[""11110111100"", 0.97]]","[""base"", ""front_chassis"", ""front_chassis_pin"", ""rear_chassis"", ""front_rear_chassis_pin"", ""rear_rear_chassis_pin"", ""front_bracket"", ""front_bracket_screw""]","[""carried_forward_state""]",carried_forward_state,carried_forward_state,11110111100,[],002066.jpg,
10_assy_0_1,2067,11110111100,0.97,"[[""11110111100"", 0.97]]","[""base"", ""front_chassis"", ""front_chassis_pin"", ""rear_chassis"", ""front_rear_chassis_pin"", ""rear_rear_chassis_pin"", ""front_bracket"", ""front_bracket_screw""]","[""carried_forward_state""]",carried_forward_state,carried_forward_state,11110111100,[],002067.jpg,
10_assy_0_1,2068,11110111100,0.97,"[[""11110111100"", 0.97]]","[""base"", ""front_chassis"", ""front_chassis_pin"", ""rear_chassis"", ""front_rear_chassis_pin"", ""rear_rear_chassis_pin"", ""front_bracket"", ""front_bracket_screw""]","[""carried_forward_state""]",carried_forward_state,carried_forward_state,11110111100,[],002068.jpg,
10_assy_0_1,2069,11110111100,0.97,"[[""11110111100"", 0.97]]","[""base"", ""front_chassis"", ""front_chassis_pin"", ""rear_chassis"", ""front_rear_chassis_pin"", ""rear_rear_chassis_pin"", ""front_bracket"", ""front_bracket_screw""]","[""carried_forward_state""]",carried_forward_state,carried_forward_state,11110111100,[],002069.jpg,
10_assy_0_1,2070,11110111100,0.97,"[[""11110111100"", 0.97]]","[""base"", ""front_chassis"", ""front_chassis_pin"", ""rear_chassis"", ""front_rear_chassis_pin"", ""rear_rear_chassis_pin"", ""front_bracket"", ""front_bracket_screw""]","[""carried_forward_state""]",carried_forward_state,carried_forward_state,11110111100,[],002070.jpg,
10_assy_0_1,2071,11110111100,0.97,"[[""11110111100"", 0.97]]","[""base"", ""front_chassis"", ""front_chassis_pin"", ""rear_chassis"", ""front_rear_chassis_pin"", ""rear_rear_chassis_pin"", ""front_bracket"", ""front_bracket_screw""]","[""carried_forward_state""]",carried_forward_state,carried_forward_state,11110111100,[],002071.jpg,
10_assy_0_1,2072,11110111100,0.97,"[[""11110111100"", 0.97]]","[""base"", ""front_chassis"", ""front_chassis_pin"", ""rear_chassis"", ""front_rear_chassis_pin"", ""rear_rear_chassis_pin"", ""front_bracket"", ""front_bracket_screw""]","[""carried_forward_state""]",carried_forward_state,carried_forward_state,11110111100,[],002072.jpg,
10_assy_0_1,2073,11110111100,0.97,"[[""11110111100"", 0.97]]","[""base"", ""front_chassis"", ""front_chassis_pin"", ""rear_chassis"", ""front_rear_chassis_pin"", ""rear_rear_chassis_pin"", ""front_bracket"", ""front_bracket_screw""]","[""carried_forward_state""]",carried_forward_state,carried_forward_state,11110111100,[],002073.jpg,
10_assy_0_1,2074,11110111100,0.97,"[[""11110111100"", 0.97]]","[""base"", ""front_chassis"", ""front_chassis_pin"", ""rear_chassis"", ""front_rear_chassis_pin"", ""rear_rear_chassis_pin"", ""front_bracket"", ""front_bracket_screw""]","[""carried_forward_state""]",carried_forward_state,carried_forward_state,11110111100,[],002074.jpg,
10_assy_0_1,2075,11110111100,0.97,"[[""11110111100"", 0.97]]","[""base"", ""front_chassis"", ""front_chassis_pin"", ""rear_chassis"", ""front_rear_chassis_pin"", ""rear_rear_chassis_pin"", ""front_bracket"", ""front_bracket_screw""]","[""carried_forward_state""]",carried_forward_state,carried_forward_state,11110111100,[],002075.jpg,
10_assy_0_1,2076,11110111100,0.97,"[[""11110111100"", 0.97]]","[""base"", ""front_chassis"", ""front_chassis_pin"", ""rear_chassis"", ""front_rear_chassis_pin"", ""rear_rear_chassis_pin"", ""front_bracket"", ""front_bracket_screw""]","[""carried_forward_state""]",carried_forward_state,carried_forward_state,11110111100,[],002076.jpg,
10_assy_0_1,2077,11110111100,0.97,"[[""11110111100"", 0.97]]","[""base"", ""front_chassis"", ""front_chassis_pin"", ""rear_chassis"", ""front_rear_chassis_pin"", ""rear_rear_chassis_pin"", ""front_bracket"", ""front_bracket_screw""]","[""carried_forward_state""]",carried_forward_state,carried_forward_state,11110111100,[],002077.jpg,
10_assy_0_1,2078,11110111100,0.97,"[[""11110111100"", 0.97]]","[""base"", ""front_chassis"", ""front_chassis_pin"", ""rear_chassis"", ""front_rear_chassis_pin"", ""rear_rear_chassis_pin"", ""front_bracket"", ""front_bracket_screw""]","[""carried_forward_state""]",carried_forward_state,carried_forward_state,11110111100,[],002078.jpg,
10_assy_0_1,2079,11110111100,0.97,"[[""11110111100"", 0.97]]","[""base"", ""front_chassis"", ""front_chassis_pin"", ""rear_chassis"", ""front_rear_chassis_pin"", ""rear_rear_chassis_pin"", ""front_bracket"", ""front_bracket_screw""]","[""carried_forward_state""]",carried_forward_state,carried_forward_state,11110111100,[],002079.jpg,
10_assy_0_1,2080,11110111100,0.97,"[[""11110111100"", 0.97]]","[""base"", ""front_chassis"", ""front_chassis_pin"", ""rear_chassis"", ""front_rear_chassis_pin"", ""rear_rear_chassis_pin"", ""front_bracket"", ""front_bracket_screw""]","[""carried_forward_state""]",carried_forward_state,carried_forward_state,11110111100,[],002080.jpg,
10_assy_0_1,2081,11110111100,0.97,"[[""11110111100"", 0.97]]","[""base"", ""front_chassis"", ""front_chassis_pin"", ""rear_chassis"", ""front_rear_chassis_pin"", ""rear_rear_chassis_pin"", ""front_bracket"", ""front_bracket_screw""]","[""carried_forward_state""]",carried_forward_state,carried_forward_state,11110111100,[],002081.jpg,
10_assy_0_1,2082,11110111100,0.97,"[[""11110111100"", 0.97]]","[""base"", ""front_chassis"", ""front_chassis_pin"", ""rear_chassis"", ""front_rear_chassis_pin"", ""rear_rear_chassis_pin"", ""front_bracket"", ""front_bracket_screw""]","[""carried_forward_state""]",carried_forward_state,carried_forward_state,11110111100,[],002082.jpg,
10_assy_0_1,2083,11110111100,0.97,"[[""11110111100"", 0.97]]","[""base"", ""front_chassis"", ""front_chassis_pin"", ""rear_chassis"", ""front_rear_chassis_pin"", ""rear_rear_chassis_pin"", ""front_bracket"", ""front_bracket_screw""]","[""carried_forward_state""]",carried_forward_state,carried_forward_state,11110111100,[],002083.jpg,
10_assy_0_1,2084,11110111100,0.97,"[[""11110111100"", 0.97]]","[""base"", ""front_chassis"", ""front_chassis_pin"", ""rear_chassis"", ""front_rear_chassis_pin"", ""rear_rear_chassis_pin"", ""front_bracket"", ""front_bracket_screw""]","[""carried_forward_state""]",carried_forward_state,carried_forward_state,11110111100,[],002084.jpg,
10_assy_0_1,2085,11110111100,0.97,"[[""11110111100"", 0.97]]","[""base"", ""front_chassis"", ""front_chassis_pin"", ""rear_chassis"", ""front_rear_chassis_pin"", ""rear_rear_chassis_pin"", ""front_bracket"", ""front_bracket_screw""]","[""carried_forward_state""]",carried_forward_state,carried_forward_state,11110111100,[],002085.jpg,
10_assy_0_1,2086,11110111100,0.97,"[[""11110111100"", 0.97]]","[""base"", ""front_chassis"", ""front_chassis_pin"", ""rear_chassis"", ""front_rear_chassis_pin"", ""rear_rear_chassis_pin"", ""front_bracket"", ""front_bracket_screw""]","[""carried_forward_state""]",carried_forward_state,carried_forward_state,11110111100,[],002086.jpg,
10_assy_0_1,2087,11110111100,0.97,"[[""11110111100"", 0.97]]","[""base"", ""front_chassis"", ""front_chassis_pin"", ""rear_chassis"", ""front_rear_chassis_pin"", ""rear_rear_chassis_pin"", ""front_bracket"", ""front_bracket_screw""]","[""carried_forward_state""]",carried_forward_state,carried_forward_state,11110111100,[],002087.jpg,
10_assy_0_1,2088,11110111100,0.97,"[[""11110111100"", 0.97]]","[""base"", ""front_chassis"", ""front_chassis_pin"", ""rear_chassis"", ""front_rear_chassis_pin"", ""rear_rear_chassis_pin"", ""front_bracket"", ""front_bracket_screw""]","[""carried_forward_state""]",carried_forward_state,carried_forward_state,11110111100,[],002088.jpg,
10_assy_0_1,2089,11110111100,0.97,"[[""11110111100"", 0.97]]","[""base"", ""front_chassis"", ""front_chassis_pin"", ""rear_chassis"", ""front_rear_chassis_pin"", ""rear_rear_chassis_pin"", ""front_bracket"", ""front_bracket_screw""]","[""carried_forward_state""]",carried_forward_state,carried_forward_state,11110111100,[],002089.jpg,
10_assy_0_1,2090,11110111100,0.97,"[[""11110111100"", 0.97]]","[""base"", ""front_chassis"", ""front_chassis_pin"", ""rear_chassis"", ""front_rear_chassis_pin"", ""rear_rear_chassis_pin"", ""front_bracket"", ""front_bracket_screw""]","[""carried_forward_state""]",carried_forward_state,carried_forward_state,11110111100,[],002090.jpg,
10_assy_0_1,2091,11110111100,0.97,"[[""11110111100"", 0.97]]","[""base"", ""front_chassis"", ""front_chassis_pin"", ""rear_chassis"", ""front_rear_chassis_pin"", ""rear_rear_chassis_pin"", ""front_bracket"", ""front_bracket_screw""]","[""carried_forward_state""]",carried_forward_state,carried_forward_state,11110111100,[],002091.jpg,
10_assy_0_1,2092,11110111100,0.97,"[[""11110111100"", 0.97]]","[""base"", ""front_chassis"", ""front_chassis_pin"", ""rear_chassis"", ""front_rear_chassis_pin"", ""rear_rear_chassis_pin"", ""front_bracket"", ""front_bracket_screw""]","[""carried_forward_state""]",carried_forward_state,carried_forward_state,11110111100,[],002092.jpg,
10_assy_0_1,2093,11110111100,0.97,"[[""11110111100"", 0.97]]","[""base"", ""front_chassis"", ""front_chassis_pin"", ""rear_chassis"", ""front_rear_chassis_pin"", ""rear_rear_chassis_pin"", ""front_bracket"", ""front_bracket_screw""]","[""carried_forward_state""]",carried_forward_state,carried_forward_state,11110111100,[],002093.jpg,
10_assy_0_1,2094,11110111100,0.97,"[[""11110111100"", 0.97]]","[""base"", ""front_chassis"", ""front_chassis_pin"", ""rear_chassis"", ""front_rear_chassis_pin"", ""rear_rear_chassis_pin"", ""front_bracket"", ""front_bracket_screw""]","[""carried_forward_state""]",carried_forward_state,carried_forward_state,11110111100,[],002094.jpg,
10_assy_0_1,2095,11110111100,0.97,"[[""11110111100"", 0.97]]","[""base"", ""front_chassis"", ""front_chassis_pin"", ""rear_chassis"", ""front_rear_chassis_pin"", ""rear_rear_chassis_pin"", ""front_bracket"", ""front_bracket_screw""]","[""carried_forward_state""]",carried_forward_state,carried_forward_state,11110111100,[],002095.jpg,
10_assy_0_1,2096,11110111100,0.97,"[[""11110111100"", 0.97]]","[""base"", ""front_chassis"", ""front_chassis_pin"", ""rear_chassis"", ""front_rear_chassis_pin"", ""rear_rear_chassis_pin"", ""front_bracket"", ""front_bracket_screw""]","[""carried_forward_state""]",carried_forward_state,carried_forward_state,11110111100,[],002096.jpg,
10_assy_0_1,2097,11110111100,0.97,"[[""11110111100"", 0.97]]","[""base"", ""front_chassis"", ""front_chassis_pin"", ""rear_chassis"", ""front_rear_chassis_pin"", ""rear_rear_chassis_pin"", ""front_bracket"", ""front_bracket_screw""]","[""carried_forward_state""]",carried_forward_state,carried_forward_state,11110111100,[],002097.jpg,
10_assy_0_1,2098,11110111100,0.97,"[[""11110111100"", 0.97]]","[""base"", ""front_chassis"", ""front_chassis_pin"", ""rear_chassis"", ""front_rear_chassis_pin"", ""rear_rear_chassis_pin"", ""front_bracket"", ""front_bracket_screw""]","[""carried_forward_state""]",carried_forward_state,carried_forward_state,11110111100,[],002098.jpg,
10_assy_0_1,2099,11110111100,0.97,"[[""11110111100"", 0.97]]","[""base"", ""front_chassis"", ""front_chassis_pin"", ""rear_chassis"", ""front_rear_chassis_pin"", ""rear_rear_chassis_pin"", ""front_bracket"", ""front_bracket_screw""]","[""carried_forward_state""]",carried_forward_state,carried_forward_state,11110111100,[],002099.jpg,
10_assy_0_1,2100,11110111100,0.97,"[[""11110111100"", 0.97]]","[""base"", ""front_chassis"", ""front_chassis_pin"", ""rear_chassis"", ""front_rear_chassis_pin"", ""rear_rear_chassis_pin"", ""front_bracket"", ""front_bracket_screw""]","[""carried_forward_state""]",carried_forward_state,carried_forward_state,11110111100,[],002100.jpg,
10_assy_0_1,2101,11110111100,0.97,"[[""11110111100"", 0.97]]","[""base"", ""front_chassis"", ""front_chassis_pin"", ""rear_chassis"", ""front_rear_chassis_pin"", ""rear_rear_chassis_pin"", ""front_bracket"", ""front_bracket_screw""]","[""carried_forward_state""]",carried_forward_state,carried_forward_state,11110111100,[],002101.jpg,
10_assy_0_1,2102,11110111100,0.97,"[[""11110111100"", 0.97]]","[""base"", ""front_chassis"", ""front_chassis_pin"", ""rear_chassis"", ""front_rear_chassis_pin"", ""rear_rear_chassis_pin"", ""front_bracket"", ""front_bracket_screw""]","[""carried_forward_state""]",carried_forward_state,carried_forward_state,11110111100,[],002102.jpg,
10_assy_0_1,2103,11110111100,0.97,"[[""11110111100"", 0.97]]","[""base"", ""front_chassis"", ""front_chassis_pin"", ""rear_chassis"", ""front_rear_chassis_pin"", ""rear_rear_chassis_pin"", ""front_bracket"", ""front_bracket_screw""]","[""carried_forward_state""]",carried_forward_state,carried_forward_state,11110111100,[],002103.jpg,
10_assy_0_1,2104,11110111100,0.97,"[[""11110111100"", 0.97]]","[""base"", ""front_chassis"", ""front_chassis_pin"", ""rear_chassis"", ""front_rear_chassis_pin"", ""rear_rear_chassis_pin"", ""front_bracket"", ""front_bracket_screw""]","[""carried_forward_state""]",carried_forward_state,carried_forward_state,11110111100,[],002104.jpg,
10_assy_0_1,2105,11110111100,0.97,"[[""11110111100"", 0.97]]","[""base"", ""front_chassis"", ""front_chassis_pin"", ""rear_chassis"", ""front_rear_chassis_pin"", ""rear_rear_chassis_pin"", ""front_bracket"", ""front_bracket_screw""]","[""carried_forward_state""]",carried_forward_state,carried_forward_state,11110111100,[],002105.jpg,
10_assy_0_1,2106,11110111100,0.97,"[[""11110111100"", 0.97]]","[""base"", ""front_chassis"", ""front_chassis_pin"", ""rear_chassis"", ""front_rear_chassis_pin"", ""rear_rear_chassis_pin"", ""front_bracket"", ""front_bracket_screw""]","[""carried_forward_state""]",carried_forward_state,carried_forward_state,11110111100,[],002106.jpg,
10_assy_0_1,2107,11110111100,0.97,"[[""11110111100"", 0.97]]","[""base"", ""front_chassis"", ""front_chassis_pin"", ""rear_chassis"", ""front_rear_chassis_pin"", ""rear_rear_chassis_pin"", ""front_bracket"", ""front_bracket_screw""]","[""carried_forward_state""]",carried_forward_state,carried_forward_state,11110111100,[],002107.jpg,
10_assy_0_1,2108,11110111100,0.97,"[[""11110111100"", 0.97]]","[""base"", ""front_chassis"", ""front_chassis_pin"", ""rear_chassis"", ""front_rear_chassis_pin"", ""rear_rear_chassis_pin"", ""front_bracket"", ""front_bracket_screw""]","[""carried_forward_state""]",carried_forward_state,carried_forward_state,11110111100,[],002108.jpg,
10_assy_0_1,2109,11110111100,0.97,"[[""11110111100"", 0.97]]","[""base"", ""front_chassis"", ""front_chassis_pin"", ""rear_chassis"", ""front_rear_chassis_pin"", ""rear_rear_chassis_pin"", ""front_bracket"", ""front_bracket_screw""]","[""carried_forward_state""]",carried_forward_state,carried_forward_state,11110111100,[],002109.jpg,
10_assy_0_1,2110,11110111100,0.97,"[[""11110111100"", 0.97]]","[""base"", ""front_chassis"", ""front_chassis_pin"", ""rear_chassis"", ""front_rear_chassis_pin"", ""rear_rear_chassis_pin"", ""front_bracket"", ""front_bracket_screw""]","[""carried_forward_state""]",carried_forward_state,carried_forward_state,11110111100,[],002110.jpg,
10_assy_0_1,2111,11110111100,0.97,"[[""11110111100"", 0.97]]","[""base"", ""front_chassis"", ""front_chassis_pin"", ""rear_chassis"", ""front_rear_chassis_pin"", ""rear_rear_chassis_pin"", ""front_bracket"", ""front_bracket_screw""]","[""carried_forward_state""]",carried_forward_state,carried_forward_state,11110111100,[],002111.jpg,
10_assy_0_1,2112,11110111100,0.97,"[[""11110111100"", 0.97]]","[""base"", ""front_chassis"", ""front_chassis_pin"", ""rear_chassis"", ""front_rear_chassis_pin"", ""rear_rear_chassis_pin"", ""front_bracket"", ""front_bracket_screw""]","[""carried_forward_state""]",carried_forward_state,carried_forward_state,11110111100,[],002112.jpg,
10_assy_0_1,2113,11110111100,0.97,"[[""11110111100"", 0.97]]","[""base"", ""front_chassis"", ""front_chassis_pin"", ""rear_chassis"", ""front_rear_chassis_pin"", ""rear_rear_chassis_pin"", ""front_bracket"", ""front_bracket_screw""]","[""carried_forward_state""]",carried_forward_state,carried_forward_state,11110111100,[],002113.jpg,
10_assy_0_1,2114,11110111100,0.97,"[[""11110111100"", 0.97]]","[""base"", ""front_chassis"", ""front_chassis_pin"", ""rear_chassis"", ""front_rear_chassis_pin"", ""rear_rear_chassis_pin"", ""front_bracket"", ""front_bracket_screw""]","[""carried_forward_state""]",carried_forward_state,carried_forward_state,11110111100,[],002114.jpg,
10_assy_0_1,2115,11110111100,0.97,"[[""11110111100"", 0.97]]","[""base"", ""front_chassis"", ""front_chassis_pin"", ""rear_chassis"", ""front_rear_chassis_pin"", ""rear_rear_chassis_pin"", ""front_bracket"", ""front_bracket_screw""]","[""carried_forward_state""]",carried_forward_state,carried_forward_state,11110111100,[],002115.jpg,
10_assy_0_1,2116,11110111100,0.97,"[[""11110111100"", 0.97]]","[""base"", ""front_chassis"", ""front_chassis_pin"", ""rear_chassis"", ""front_rear_chassis_pin"", ""rear_rear_chassis_pin"", ""front_bracket"", ""front_bracket_screw""]","[""carried_forward_state""]",carried_forward_state,carried_forward_state,11110111100,[],002116.jpg,
10_assy_0_1,2117,11110111100,0.97,"[[""11110111100"", 0.97]]","[""base"", ""front_chassis"", ""front_chassis_pin"", ""rear_chassis"", ""front_rear_chassis_pin"", ""rear_rear_chassis_pin"", ""front_bracket"", ""front_bracket_screw""]","[""carried_forward_state""]",carried_forward_state,carried_forward_state,11110111100,[],002117.jpg,
10_assy_0_1,2118,11110111100,0.97,"[[""11110111100"", 0.97]]","[""base"", ""front_chassis"", ""front_chassis_pin"", ""rear_chassis"", ""front_rear_chassis_pin"", ""rear_rear_chassis_pin"", ""front_bracket"", ""front_bracket_screw""]","[""carried_forward_state""]",carried_forward_state,carried_forward_state,11110111100,[],002118.jpg,
10_assy_0_1,2119,11110111100,0.97,"[[""11110111100"", 0.97]]","[""base"", ""front_chassis"", ""front_chassis_pin"", ""rear_chassis"", ""front_rear_chassis_pin"", ""rear_rear_chassis_pin"", ""front_bracket"", ""front_bracket_screw""]","[""carried_forward_state""]",carried_forward_state,carried_forward_state,11110111100,[],002119.jpg,
10_assy_0_1,2120,11110111100,0.97,"[[""11110111100"", 0.97]]","[""base"", ""front_chassis"", ""front_chassis_pin"", ""rear_chassis"", ""front_rear_chassis_pin"", ""rear_rear_chassis_pin"", ""front_bracket"", ""front_bracket_screw""]","[""carried_forward_state""]",carried_forward_state,carried_forward_state,11110111100,[],002120.jpg,
10_assy_0_1,2121,11110111100,0.97,"[[""11110111100"", 0.97]]","[""base"", ""front_chassis"", ""front_chassis_pin"", ""rear_chassis"", ""front_rear_chassis_pin"", ""rear_rear_chassis_pin"", ""front_bracket"", ""front_bracket_screw""]","[""carried_forward_state""]",carried_forward_state,carried_forward_state,11110111100,[],002121.jpg,
10_assy_0_1,2122,11110111100,0.97,"[[""11110111100"", 0.97]]","[""base"", ""front_chassis"", ""front_chassis_pin"", ""rear_chassis"", ""front_rear_chassis_pin"", ""rear_rear_chassis_pin"", ""front_bracket"", ""front_bracket_screw""]","[""carried_forward_state""]",carried_forward_state,carried_forward_state,11110111100,[],002122.jpg,
10_assy_0_1,2123,11110111100,0.97,"[[""11110111100"", 0.97]]","[""base"", ""front_chassis"", ""front_chassis_pin"", ""rear_chassis"", ""front_rear_chassis_pin"", ""rear_rear_chassis_pin"", ""front_bracket"", ""front_bracket_screw""]","[""carried_forward_state""]",carried_forward_state,carried_forward_state,11110111100,[],002123.jpg,
10_assy_0_1,2124,11110111100,0.97,"[[""11110111100"", 0.97]]","[""base"", ""front_chassis"", ""front_chassis_pin"", ""rear_chassis"", ""front_rear_chassis_pin"", ""rear_rear_chassis_pin"", ""front_bracket"", ""front_bracket_screw""]","[""carried_forward_state""]",carried_forward_state,carried_forward_state,11110111100,[],002124.jpg,
10_assy_0_1,2125,11110111100,0.97,"[[""11110111100"", 0.97]]","[""base"", ""front_chassis"", ""front_chassis_pin"", ""rear_chassis"", ""front_rear_chassis_pin"", ""rear_rear_chassis_pin"", ""front_bracket"", ""front_bracket_screw""]","[""carried_forward_state""]",carried_forward_state,carried_forward_state,11110111100,[],002125.jpg,
10_assy_0_1,2126,11110111100,0.97,"[[""11110111100"", 0.97]]","[""base"", ""front_chassis"", ""front_chassis_pin"", ""rear_chassis"", ""front_rear_chassis_pin"", ""rear_rear_chassis_pin"", ""front_bracket"", ""front_bracket_screw""]","[""carried_forward_state""]",carried_forward_state,carried_forward_state,11110111100,[],002126.jpg,
10_assy_0_1,2127,11110111100,0.97,"[[""11110111100"", 0.97]]","[""base"", ""front_chassis"", ""front_chassis_pin"", ""rear_chassis"", ""front_rear_chassis_pin"", ""rear_rear_chassis_pin"", ""front_bracket"", ""front_bracket_screw""]","[""carried_forward_state""]",carried_forward_state,carried_forward_state,11110111100,[],002127.jpg,
10_assy_0_1,2128,11110111100,0.97,"[[""11110111100"", 0.97]]","[""base"", ""front_chassis"", ""front_chassis_pin"", ""rear_chassis"", ""front_rear_chassis_pin"", ""rear_rear_chassis_pin"", ""front_bracket"", ""front_bracket_screw""]","[""carried_forward_state""]",carried_forward_state,carried_forward_state,11110111100,[],002128.jpg,
10_assy_0_1,2129,11110111100,0.97,"[[""11110111100"", 0.97]]","[""base"", ""front_chassis"", ""front_chassis_pin"", ""rear_chassis"", ""front_rear_chassis_pin"", ""rear_rear_chassis_pin"", ""front_bracket"", ""front_bracket_screw""]","[""carried_forward_state""]",carried_forward_state,carried_forward_state,11110111100,[],002129.jpg,
10_assy_0_1,2130,11110111100,0.97,"[[""11110111100"", 0.97]]","[""base"", ""front_chassis"", ""front_chassis_pin"", ""rear_chassis"", ""front_rear_chassis_pin"", ""rear_rear_chassis_pin"", ""front_bracket"", ""front_bracket_screw""]","[""carried_forward_state""]",carried_forward_state,carried_forward_state,11110111100,[],002130.jpg,
10_assy_0_1,2131,11110111100,0.97,"[[""11110111100"", 0.97]]","[""base"", ""front_chassis"", ""front_chassis_pin"", ""rear_chassis"", ""front_rear_chassis_pin"", ""rear_rear_chassis_pin"", ""front_bracket"", ""front_bracket_screw""]","[""carried_forward_state""]",carried_forward_state,carried_forward_state,11110111100,[],002131.jpg,
10_assy_0_1,2132,11110111100,0.97,"[[""11110111100"", 0.97]]","[""base"", ""front_chassis"", ""front_chassis_pin"", ""rear_chassis"", ""front_rear_chassis_pin"", ""rear_rear_chassis_pin"", ""front_bracket"", ""front_bracket_screw""]","[""carried_forward_state""]",carried_forward_state,carried_forward_state,11110111100,[],002132.jpg,
10_assy_0_1,2133,11110111100,0.97,"[[""11110111100"", 0.97]]","[""base"", ""front_chassis"", ""front_chassis_pin"", ""rear_chassis"", ""front_rear_chassis_pin"", ""rear_rear_chassis_pin"", ""front_bracket"", ""front_bracket_screw""]","[""carried_forward_state""]",carried_forward_state,carried_forward_state,11110111100,[],002133.jpg,
10_assy_0_1,2134,11110111100,0.97,"[[""11110111100"", 0.97]]","[""base"", ""front_chassis"", ""front_chassis_pin"", ""rear_chassis"", ""front_rear_chassis_pin"", ""rear_rear_chassis_pin"", ""front_bracket"", ""front_bracket_screw""]","[""carried_forward_state""]",carried_forward_state,carried_forward_state,11110111100,[],002134.jpg,
10_assy_0_1,2135,11110111100,0.97,"[[""11110111100"", 0.97]]","[""base"", ""front_chassis"", ""front_chassis_pin"", ""rear_chassis"", ""front_rear_chassis_pin"", ""rear_rear_chassis_pin"", ""front_bracket"", ""front_bracket_screw""]","[""carried_forward_state""]",carried_forward_state,carried_forward_state,11110111100,[],002135.jpg,
10_assy_0_1,2136,11110111100,0.97,"[[""11110111100"", 0.97]]","[""base"", ""front_chassis"", ""front_chassis_pin"", ""rear_chassis"", ""front_rear_chassis_pin"", ""rear_rear_chassis_pin"", ""front_bracket"", ""front_bracket_screw""]","[""carried_forward_state""]",carried_forward_state,carried_forward_state,11110111100,[],002136.jpg,
10_assy_0_1,2137,11110111100,0.97,"[[""11110111100"", 0.97]]","[""base"", ""front_chassis"", ""front_chassis_pin"", ""rear_chassis"", ""front_rear_chassis_pin"", ""rear_rear_chassis_pin"", ""front_bracket"", ""front_bracket_screw""]","[""carried_forward_state""]",carried_forward_state,carried_forward_state,11110111100,[],002137.jpg,
10_assy_0_1,2138,11110111100,0.97,"[[""11110111100"", 0.97]]","[""base"", ""front_chassis"", ""front_chassis_pin"", ""rear_chassis"", ""front_rear_chassis_pin"", ""rear_rear_chassis_pin"", ""front_bracket"", ""front_bracket_screw""]","[""carried_forward_state""]",carried_forward_state,carried_forward_state,11110111100,[],002138.jpg,
10_assy_0_1,2139,11110111100,0.97,"[[""11110111100"", 0.97]]","[""base"", ""front_chassis"", ""front_chassis_pin"", ""rear_chassis"", ""front_rear_chassis_pin"", ""rear_rear_chassis_pin"", ""front_bracket"", ""front_bracket_screw""]","[""carried_forward_state""]",carried_forward_state,carried_forward_state,11110111100,[],002139.jpg,
10_assy_0_1,2140,11110111100,0.97,"[[""11110111100"", 0.97]]","[""base"", ""front_chassis"", ""front_chassis_pin"", ""rear_chassis"", ""front_rear_chassis_pin"", ""rear_rear_chassis_pin"", ""front_bracket"", ""front_bracket_screw""]","[""carried_forward_state""]",carried_forward_state,carried_forward_state,11110111100,[],002140.jpg,
10_assy_0_1,2141,11110111100,0.97,"[[""11110111100"", 0.97]]","[""base"", ""front_chassis"", ""front_chassis_pin"", ""rear_chassis"", ""front_rear_chassis_pin"", ""rear_rear_chassis_pin"", ""front_bracket"", ""front_bracket_screw""]","[""carried_forward_state""]",carried_forward_state,carried_forward_state,11110111100,[],002141.jpg,
10_assy_0_1,2142,11110111100,0.97,"[[""11110111100"", 0.97]]","[""base"", ""front_chassis"", ""front_chassis_pin"", ""rear_chassis"", ""front_rear_chassis_pin"", ""rear_rear_chassis_pin"", ""front_bracket"", ""front_bracket_screw""]","[""carried_forward_state""]",carried_forward_state,carried_forward_state,11110111100,[],002142.jpg,
10_assy_0_1,2143,11110111100,0.97,"[[""11110111100"", 0.97]]","[""base"", ""front_chassis"", ""front_chassis_pin"", ""rear_chassis"", ""front_rear_chassis_pin"", ""rear_rear_chassis_pin"", ""front_bracket"", ""front_bracket_screw""]","[""carried_forward_state""]",carried_forward_state,carried_forward_state,11110111100,[],002143.jpg,
10_assy_0_1,2144,11110111100,0.97,"[[""11110111100"", 0.97]]","[""base"", ""front_chassis"", ""front_chassis_pin"", ""rear_chassis"", ""front_rear_chassis_pin"", ""rear_rear_chassis_pin"", ""front_bracket"", ""front_bracket_screw""]","[""carried_forward_state""]",carried_forward_state,carried_forward_state,11110111100,[],002144.jpg,
10_assy_0_1,2145,11110111100,0.97,"[[""11110111100"", 0.97]]","[""base"", ""front_chassis"", ""front_chassis_pin"", ""rear_chassis"", ""front_rear_chassis_pin"", ""rear_rear_chassis_pin"", ""front_bracket"", ""front_bracket_screw""]","[""carried_forward_state""]",carried_forward_state,carried_forward_state,11110111100,[],002145.jpg,
10_assy_0_1,2146,11110111100,0.97,"[[""11110111100"", 0.97]]","[""base"", ""front_chassis"", ""front_chassis_pin"", ""rear_chassis"", ""front_rear_chassis_pin"", ""rear_rear_chassis_pin"", ""front_bracket"", ""front_bracket_screw""]","[""carried_forward_state""]",carried_forward_state,carried_forward_state,11110111100,[],002146.jpg,
10_assy_0_1,2147,11110111100,0.97,"[[""11110111100"", 0.97]]","[""base"", ""front_chassis"", ""front_chassis_pin"", ""rear_chassis"", ""front_rear_chassis_pin"", ""rear_rear_chassis_pin"", ""front_bracket"", ""front_bracket_screw""]","[""carried_forward_state""]",carried_forward_state,carried_forward_state,11110111100,[],002147.jpg,
10_assy_0_1,2148,11110111100,0.97,"[[""11110111100"", 0.97]]","[""base"", ""front_chassis"", ""front_chassis_pin"", ""rear_chassis"", ""front_rear_chassis_pin"", ""rear_rear_chassis_pin"", ""front_bracket"", ""front_bracket_screw""]","[""carried_forward_state""]",carried_forward_state,carried_forward_state,11110111100,[],002148.jpg,
10_assy_0_1,2149,11110111100,0.97,"[[""11110111100"", 0.97]]","[""base"", ""front_chassis"", ""front_chassis_pin"", ""rear_chassis"", ""front_rear_chassis_pin"", ""rear_rear_chassis_pin"", ""front_bracket"", ""front_bracket_screw""]","[""carried_forward_state""]",carried_forward_state,carried_forward_state,11110111100,[],002149.jpg,
10_assy_0_1,2150,11110111100,0.97,"[[""11110111100"", 0.97]]","[""base"", ""front_chassis"", ""front_chassis_pin"", ""rear_chassis"", ""front_rear_chassis_pin"", ""rear_rear_chassis_pin"", ""front_bracket"", ""front_bracket_screw""]","[""carried_forward_state""]",carried_forward_state,carried_forward_state,11110111100,[],002150.jpg,
10_assy_0_1,2151,11110111100,0.97,"[[""11110111100"", 0.97]]","[""base"", ""front_chassis"", ""front_chassis_pin"", ""rear_chassis"", ""front_rear_chassis_pin"", ""rear_rear_chassis_pin"", ""front_bracket"", ""front_bracket_screw""]","[""carried_forward_state""]",carried_forward_state,carried_forward_state,11110111100,[],002151.jpg,
10_assy_0_1,2152,11110111100,0.97,"[[""11110111100"", 0.97]]","[""base"", ""front_chassis"", ""front_chassis_pin"", ""rear_chassis"", ""front_rear_chassis_pin"", ""rear_rear_chassis_pin"", ""front_bracket"", ""front_bracket_screw""]","[""carried_forward_state""]",carried_forward_state,carried_forward_state,11110111100,[],002152.jpg,
10_assy_0_1,2153,11110111100,0.97,"[[""11110111100"", 0.97]]","[""base"", ""front_chassis"", ""front_chassis_pin"", ""rear_chassis"", ""front_rear_chassis_pin"", ""rear_rear_chassis_pin"", ""front_bracket"", ""front_bracket_screw""]","[""carried_forward_state""]",carried_forward_state,carried_forward_state,11110111100,[],002153.jpg,
10_assy_0_1,2154,11110111100,0.97,"[[""11110111100"", 0.97]]","[""base"", ""front_chassis"", ""front_chassis_pin"", ""rear_chassis"", ""front_rear_chassis_pin"", ""rear_rear_chassis_pin"", ""front_bracket"", ""front_bracket_screw""]","[""carried_forward_state""]",carried_forward_state,carried_forward_state,11110111100,[],002154.jpg,
10_assy_0_1,2155,11110111100,0.97,"[[""11110111100"", 0.97]]","[""base"", ""front_chassis"", ""front_chassis_pin"", ""rear_chassis"", ""front_rear_chassis_pin"", ""rear_rear_chassis_pin"", ""front_bracket"", ""front_bracket_screw""]","[""carried_forward_state""]",carried_forward_state,carried_forward_state,11110111100,[],002155.jpg,
10_assy_0_1,2156,11110111100,0.97,"[[""11110111100"", 0.97]]","[""base"", ""front_chassis"", ""front_chassis_pin"", ""rear_chassis"", ""front_rear_chassis_pin"", ""rear_rear_chassis_pin"", ""front_bracket"", ""front_bracket_screw""]","[""carried_forward_state""]",carried_forward_state,carried_forward_state,11110111100,[],002156.jpg,
10_assy_0_1,2157,11110111100,0.97,"[[""11110111100"", 0.97]]","[""base"", ""front_chassis"", ""front_chassis_pin"", ""rear_chassis"", ""front_rear_chassis_pin"", ""rear_rear_chassis_pin"", ""front_bracket"", ""front_bracket_screw""]","[""carried_forward_state""]",carried_forward_state,carried_forward_state,11110111100,[],002157.jpg,
10_assy_0_1,2158,11110111100,0.97,"[[""11110111100"", 0.97]]","[""base"", ""front_chassis"", ""front_chassis_pin"", ""rear_chassis"", ""front_rear_chassis_pin"", ""rear_rear_chassis_pin"", ""front_bracket"", ""front_bracket_screw""]","[""carried_forward_state""]",carried_forward_state,carried_forward_state,11110111100,[],002158.jpg,
10_assy_0_1,2159,11110111100,0.97,"[[""11110111100"", 0.97]]","[""base"", ""front_chassis"", ""front_chassis_pin"", ""rear_chassis"", ""front_rear_chassis_pin"", ""rear_rear_chassis_pin"", ""front_bracket"", ""front_bracket_screw""]","[""carried_forward_state""]",carried_forward_state,carried_forward_state,11110111100,[],002159.jpg,
10_assy_0_1,2160,11110111100,0.97,"[[""11110111100"", 0.97]]","[""base"", ""front_chassis"", ""front_chassis_pin"", ""rear_chassis"", ""front_rear_chassis_pin"", ""rear_rear_chassis_pin"", ""front_bracket"", ""front_bracket_screw""]","[""carried_forward_state""]",carried_forward_state,carried_forward_state,11110111100,[],002160.jpg,
10_assy_0_1,2161,11110111100,0.97,"[[""11110111100"", 0.97]]","[""base"", ""front_chassis"", ""front_chassis_pin"", ""rear_chassis"", ""front_rear_chassis_pin"", ""rear_rear_chassis_pin"", ""front_bracket"", ""front_bracket_screw""]","[""carried_forward_state""]",carried_forward_state,carried_forward_state,11110111100,[],002161.jpg,
10_assy_0_1,2162,11110111100,0.97,"[[""11110111100"", 0.97]]","[""base"", ""front_chassis"", ""front_chassis_pin"", ""rear_chassis"", ""front_rear_chassis_pin"", ""rear_rear_chassis_pin"", ""front_bracket"", ""front_bracket_screw""]","[""carried_forward_state""]",carried_forward_state,carried_forward_state,11110111100,[],002162.jpg,
10_assy_0_1,2163,11110111100,0.97,"[[""11110111100"", 0.97]]","[""base"", ""front_chassis"", ""front_chassis_pin"", ""rear_chassis"", ""front_rear_chassis_pin"", ""rear_rear_chassis_pin"", ""front_bracket"", ""front_bracket_screw""]","[""carried_forward_state""]",carried_forward_state,carried_forward_state,11110111100,[],002163.jpg,
10_assy_0_1,2164,11110111100,0.97,"[[""11110111100"", 0.97]]","[""base"", ""front_chassis"", ""front_chassis_pin"", ""rear_chassis"", ""front_rear_chassis_pin"", ""rear_rear_chassis_pin"", ""front_bracket"", ""front_bracket_screw""]","[""carried_forward_state""]",carried_forward_state,carried_forward_state,11110111100,[],002164.jpg,
10_assy_0_1,2165,11110111100,0.97,"[[""11110111100"", 0.97]]","[""base"", ""front_chassis"", ""front_chassis_pin"", ""rear_chassis"", ""front_rear_chassis_pin"", ""rear_rear_chassis_pin"", ""front_bracket"", ""front_bracket_screw""]","[""carried_forward_state""]",carried_forward_state,carried_forward_state,11110111100,[],002165.jpg,
10_assy_0_1,2166,11110111100,0.97,"[[""11110111100"", 0.97]]","[""base"", ""front_chassis"", ""front_chassis_pin"", ""rear_chassis"", ""front_rear_chassis_pin"", ""rear_rear_chassis_pin"", ""front_bracket"", ""front_bracket_screw""]","[""carried_forward_state""]",carried_forward_state,carried_forward_state,11110111100,[],002166.jpg,
10_assy_0_1,2167,11110111100,0.97,"[[""11110111100"", 0.97]]","[""base"", ""front_chassis"", ""front_chassis_pin"", ""rear_chassis"", ""front_rear_chassis_pin"", ""rear_rear_chassis_pin"", ""front_bracket"", ""front_bracket_screw""]","[""carried_forward_state""]",carried_forward_state,carried_forward_state,11110111100,[],002167.jpg,
10_assy_0_1,2168,11110111100,0.97,"[[""11110111100"", 0.97]]","[""base"", ""front_chassis"", ""front_chassis_pin"", ""rear_chassis"", ""front_rear_chassis_pin"", ""rear_rear_chassis_pin"", ""front_bracket"", ""front_bracket_screw""]","[""carried_forward_state""]",carried_forward_state,carried_forward_state,11110111100,[],002168.jpg,
10_assy_0_1,2169,11110111100,0.97,"[[""11110111100"", 0.97]]","[""base"", ""front_chassis"", ""front_chassis_pin"", ""rear_chassis"", ""front_rear_chassis_pin"", ""rear_rear_chassis_pin"", ""front_bracket"", ""front_bracket_screw""]","[""carried_forward_state""]",carried_forward_state,carried_forward_state,11110111100,[],002169.jpg,
10_assy_0_1,2170,11110111100,0.97,"[[""11110111100"", 0.97]]","[""base"", ""front_chassis"", ""front_chassis_pin"", ""rear_chassis"", ""front_rear_chassis_pin"", ""rear_rear_chassis_pin"", ""front_bracket"", ""front_bracket_screw""]","[""carried_forward_state""]",carried_forward_state,carried_forward_state,11110111100,[],002170.jpg,
10_assy_0_1,2171,11110111100,0.97,"[[""11110111100"", 0.97]]","[""base"", ""front_chassis"", ""front_chassis_pin"", ""rear_chassis"", ""front_rear_chassis_pin"", ""rear_rear_chassis_pin"", ""front_bracket"", ""front_bracket_screw""]","[""carried_forward_state""]",carried_forward_state,carried_forward_state,11110111100,[],002171.jpg,
10_assy_0_1,2172,11110111100,0.97,"[[""11110111100"", 0.97]]","[""base"", ""front_chassis"", ""front_chassis_pin"", ""rear_chassis"", ""front_rear_chassis_pin"", ""rear_rear_chassis_pin"", ""front_bracket"", ""front_bracket_screw""]","[""carried_forward_state""]",carried_forward_state,carried_forward_state,11110111100,[],002172.jpg,
10_assy_0_1,2173,11110111100,0.97,"[[""11110111100"", 0.97]]","[""base"", ""front_chassis"", ""front_chassis_pin"", ""rear_chassis"", ""front_rear_chassis_pin"", ""rear_rear_chassis_pin"", ""front_bracket"", ""front_bracket_screw""]","[""carried_forward_state""]",carried_forward_state,carried_forward_state,11110111100,[],002173.jpg,
10_assy_0_1,2174,11110111100,0.97,"[[""11110111100"", 0.97]]","[""base"", ""front_chassis"", ""front_chassis_pin"", ""rear_chassis"", ""front_rear_chassis_pin"", ""rear_rear_chassis_pin"", ""front_bracket"", ""front_bracket_screw""]","[""carried_forward_state""]",carried_forward_state,carried_forward_state,11110111100,[],002174.jpg,
10_assy_0_1,2175,11110111100,0.97,"[[""11110111100"", 0.97]]","[""base"", ""front_chassis"", ""front_chassis_pin"", ""rear_chassis"", ""front_rear_chassis_pin"", ""rear_rear_chassis_pin"", ""front_bracket"", ""front_bracket_screw""]","[""carried_forward_state""]",carried_forward_state,carried_forward_state,11110111100,[],002175.jpg,
10_assy_0_1,2176,11110111100,0.97,"[[""11110111100"", 0.97]]","[""base"", ""front_chassis"", ""front_chassis_pin"", ""rear_chassis"", ""front_rear_chassis_pin"", ""rear_rear_chassis_pin"", ""front_bracket"", ""front_bracket_screw""]","[""carried_forward_state""]",carried_forward_state,carried_forward_state,11110111100,[],002176.jpg,
10_assy_0_1,2177,11110111100,0.97,"[[""11110111100"", 0.97]]","[""base"", ""front_chassis"", ""front_chassis_pin"", ""rear_chassis"", ""front_rear_chassis_pin"", ""rear_rear_chassis_pin"", ""front_bracket"", ""front_bracket_screw""]","[""carried_forward_state""]",carried_forward_state,carried_forward_state,11110111100,[],002177.jpg,
10_assy_0_1,2178,11110111100,0.97,"[[""11110111100"", 0.97]]","[""base"", ""front_chassis"", ""front_chassis_pin"", ""rear_chassis"", ""front_rear_chassis_pin"", ""rear_rear_chassis_pin"", ""front_bracket"", ""front_bracket_screw""]","[""carried_forward_state""]",carried_forward_state,carried_forward_state,11110111100,[],002178.jpg,
10_assy_0_1,2179,11110111100,0.97,"[[""11110111100"", 0.97]]","[""base"", ""front_chassis"", ""front_chassis_pin"", ""rear_chassis"", ""front_rear_chassis_pin"", ""rear_rear_chassis_pin"", ""front_bracket"", ""front_bracket_screw""]","[""carried_forward_state""]",carried_forward_state,carried_forward_state,11110111100,[],002179.jpg,
10_assy_0_1,2180,11110111100,0.97,"[[""11110111100"", 0.97]]","[""base"", ""front_chassis"", ""front_chassis_pin"", ""rear_chassis"", ""front_rear_chassis_pin"", ""rear_rear_chassis_pin"", ""front_bracket"", ""front_bracket_screw""]","[""carried_forward_state""]",carried_forward_state,carried_forward_state,11110111100,[],002180.jpg,
10_assy_0_1,2181,11110111100,0.97,"[[""11110111100"", 0.97]]","[""base"", ""front_chassis"", ""front_chassis_pin"", ""rear_chassis"", ""front_rear_chassis_pin"", ""rear_rear_chassis_pin"", ""front_bracket"", ""front_bracket_screw""]","[""carried_forward_state""]",carried_forward_state,carried_forward_state,11110111100,[],002181.jpg,
10_assy_0_1,2182,11110111100,0.97,"[[""11110111100"", 0.97]]","[""base"", ""front_chassis"", ""front_chassis_pin"", ""rear_chassis"", ""front_rear_chassis_pin"", ""rear_rear_chassis_pin"", ""front_bracket"", ""front_bracket_screw""]","[""carried_forward_state""]",carried_forward_state,carried_forward_state,11110111100,[],002182.jpg,
10_assy_0_1,2183,11110111100,0.97,"[[""11110111100"", 0.97]]","[""base"", ""front_chassis"", ""front_chassis_pin"", ""rear_chassis"", ""front_rear_chassis_pin"", ""rear_rear_chassis_pin"", ""front_bracket"", ""front_bracket_screw""]","[""carried_forward_state""]",carried_forward_state,carried_forward_state,11110111100,[],002183.jpg,
10_assy_0_1,2184,11110111100,0.97,"[[""11110111100"", 0.97]]","[""base"", ""front_chassis"", ""front_chassis_pin"", ""rear_chassis"", ""front_rear_chassis_pin"", ""rear_rear_chassis_pin"", ""front_bracket"", ""front_bracket_screw""]","[""carried_forward_state""]",carried_forward_state,carried_forward_state,11110111100,[],002184.jpg,
10_assy_0_1,2185,11110111100,0.97,"[[""11110111100"", 0.97]]","[""base"", ""front_chassis"", ""front_chassis_pin"", ""rear_chassis"", ""front_rear_chassis_pin"", ""rear_rear_chassis_pin"", ""front_bracket"", ""front_bracket_screw""]","[""carried_forward_state""]",carried_forward_state,carried_forward_state,11110111100,[],002185.jpg,
10_assy_0_1,2186,11110111100,0.97,"[[""11110111100"", 0.97]]","[""base"", ""front_chassis"", ""front_chassis_pin"", ""rear_chassis"", ""front_rear_chassis_pin"", ""rear_rear_chassis_pin"", ""front_bracket"", ""front_bracket_screw""]","[""carried_forward_state""]",carried_forward_state,carried_forward_state,11110111100,[],002186.jpg,
10_assy_0_1,2187,11110111100,0.97,"[[""11110111100"", 0.97]]","[""base"", ""front_chassis"", ""front_chassis_pin"", ""rear_chassis"", ""front_rear_chassis_pin"", ""rear_rear_chassis_pin"", ""front_bracket"", ""front_bracket_screw""]","[""carried_forward_state""]",carried_forward_state,carried_forward_state,11110111100,[],002187.jpg,
10_assy_0_1,2188,11110111100,0.97,"[[""11110111100"", 0.97]]","[""base"", ""front_chassis"", ""front_chassis_pin"", ""rear_chassis"", ""front_rear_chassis_pin"", ""rear_rear_chassis_pin"", ""front_bracket"", ""front_bracket_screw""]","[""carried_forward_state""]",carried_forward_state,carried_forward_state,11110111100,[],002188.jpg,
10_assy_0_1,2189,11110111100,0.97,"[[""11110111100"", 0.97]]","[""base"", ""front_chassis"", ""front_chassis_pin"", ""rear_chassis"", ""front_rear_chassis_pin"", ""rear_rear_chassis_pin"", ""front_bracket"", ""front_bracket_screw""]","[""carried_forward_state""]",carried_forward_state,carried_forward_state,11110111100,[],002189.jpg,
10_assy_0_1,2190,11110111100,0.97,"[[""11110111100"", 0.97]]","[""base"", ""front_chassis"", ""front_chassis_pin"", ""rear_chassis"", ""front_rear_chassis_pin"", ""rear_rear_chassis_pin"", ""front_bracket"", ""front_bracket_screw""]","[""carried_forward_state""]",carried_forward_state,carried_forward_state,11110111100,[],002190.jpg,
10_assy_0_1,2191,11110111100,0.97,"[[""11110111100"", 0.97]]","[""base"", ""front_chassis"", ""front_chassis_pin"", ""rear_chassis"", ""front_rear_chassis_pin"", ""rear_rear_chassis_pin"", ""front_bracket"", ""front_bracket_screw""]","[""carried_forward_state""]",carried_forward_state,carried_forward_state,11110111100,[],002191.jpg,
10_assy_0_1,2192,11110111100,0.97,"[[""11110111100"", 0.97]]","[""base"", ""front_chassis"", ""front_chassis_pin"", ""rear_chassis"", ""front_rear_chassis_pin"", ""rear_rear_chassis_pin"", ""front_bracket"", ""front_bracket_screw""]","[""carried_forward_state""]",carried_forward_state,carried_forward_state,11110111100,[],002192.jpg,
10_assy_0_1,2193,11110111100,0.97,"[[""11110111100"", 0.97]]","[""base"", ""front_chassis"", ""front_chassis_pin"", ""rear_chassis"", ""front_rear_chassis_pin"", ""rear_rear_chassis_pin"", ""front_bracket"", ""front_bracket_screw""]","[""carried_forward_state""]",carried_forward_state,carried_forward_state,11110111100,[],002193.jpg,
10_assy_0_1,2194,11110111100,0.97,"[[""11110111100"", 0.97]]","[""base"", ""front_chassis"", ""front_chassis_pin"", ""rear_chassis"", ""front_rear_chassis_pin"", ""rear_rear_chassis_pin"", ""front_bracket"", ""front_bracket_screw""]","[""carried_forward_state""]",carried_forward_state,carried_forward_state,11110111100,[],002194.jpg,
10_assy_0_1,2195,11110111100,0.97,"[[""11110111100"", 0.97]]","[""base"", ""front_chassis"", ""front_chassis_pin"", ""rear_chassis"", ""front_rear_chassis_pin"", ""rear_rear_chassis_pin"", ""front_bracket"", ""front_bracket_screw""]","[""carried_forward_state""]",carried_forward_state,carried_forward_state,11110111100,[],002195.jpg,
10_assy_0_1,2196,11110111100,0.97,"[[""11110111100"", 0.97]]","[""base"", ""front_chassis"", ""front_chassis_pin"", ""rear_chassis"", ""front_rear_chassis_pin"", ""rear_rear_chassis_pin"", ""front_bracket"", ""front_bracket_screw""]","[""carried_forward_state""]",carried_forward_state,carried_forward_state,11110111100,[],002196.jpg,
10_assy_0_1,2197,11110111100,0.97,"[[""11110111100"", 0.97]]","[""base"", ""front_chassis"", ""front_chassis_pin"", ""rear_chassis"", ""front_rear_chassis_pin"", ""rear_rear_chassis_pin"", ""front_bracket"", ""front_bracket_screw""]","[""carried_forward_state""]",carried_forward_state,carried_forward_state,11110111100,[],002197.jpg,
10_assy_0_1,2198,11110111100,0.97,"[[""11110111100"", 0.97]]","[""base"", ""front_chassis"", ""front_chassis_pin"", ""rear_chassis"", ""front_rear_chassis_pin"", ""rear_rear_chassis_pin"", ""front_bracket"", ""front_bracket_screw""]","[""carried_forward_state""]",carried_forward_state,carried_forward_state,11110111100,[],002198.jpg,
10_assy_0_1,2199,11110111100,0.97,"[[""11110111100"", 0.97]]","[""base"", ""front_chassis"", ""front_chassis_pin"", ""rear_chassis"", ""front_rear_chassis_pin"", ""rear_rear_chassis_pin"", ""front_bracket"", ""front_bracket_screw""]","[""carried_forward_state""]",carried_forward_state,carried_forward_state,11110111100,[],002199.jpg,
10_assy_0_1,2200,11110111100,0.97,"[[""11110111100"", 0.97]]","[""base"", ""front_chassis"", ""front_chassis_pin"", ""rear_chassis"", ""front_rear_chassis_pin"", ""rear_rear_chassis_pin"", ""front_bracket"", ""front_bracket_screw""]","[""carried_forward_state""]",carried_forward_state,carried_forward_state,11110111100,[],002200.jpg,
10_assy_0_1,2201,11110111100,0.97,"[[""11110111100"", 0.97]]","[""base"", ""front_chassis"", ""front_chassis_pin"", ""rear_chassis"", ""front_rear_chassis_pin"", ""rear_rear_chassis_pin"", ""front_bracket"", ""front_bracket_screw""]","[""carried_forward_state""]",carried_forward_state,carried_forward_state,11110111100,[],002201.jpg,
10_assy_0_1,2202,11110111100,0.97,"[[""11110111100"", 0.97]]","[""base"", ""front_chassis"", ""front_chassis_pin"", ""rear_chassis"", ""front_rear_chassis_pin"", ""rear_rear_chassis_pin"", ""front_bracket"", ""front_bracket_screw""]","[""carried_forward_state""]",carried_forward_state,carried_forward_state,11110111100,[],002202.jpg,
10_assy_0_1,2203,11110111100,0.97,"[[""11110111100"", 0.97]]","[""base"", ""front_chassis"", ""front_chassis_pin"", ""rear_chassis"", ""front_rear_chassis_pin"", ""rear_rear_chassis_pin"", ""front_bracket"", ""front_bracket_screw""]","[""carried_forward_state""]",carried_forward_state,carried_forward_state,11110111100,[],002203.jpg,
10_assy_0_1,2204,11110111100,0.97,"[[""11110111100"", 0.97]]","[""base"", ""front_chassis"", ""front_chassis_pin"", ""rear_chassis"", ""front_rear_chassis_pin"", ""rear_rear_chassis_pin"", ""front_bracket"", ""front_bracket_screw""]","[""carried_forward_state""]",carried_forward_state,carried_forward_state,11110111100,[],002204.jpg,
10_assy_0_1,2205,11110111100,0.97,"[[""11110111100"", 0.97]]","[""base"", ""front_chassis"", ""front_chassis_pin"", ""rear_chassis"", ""front_rear_chassis_pin"", ""rear_rear_chassis_pin"", ""front_bracket"", ""front_bracket_screw""]","[""carried_forward_state""]",carried_forward_state,carried_forward_state,11110111100,[],002205.jpg,
10_assy_0_1,2206,11110111100,0.97,"[[""11110111100"", 0.97]]","[""base"", ""front_chassis"", ""front_chassis_pin"", ""rear_chassis"", ""front_rear_chassis_pin"", ""rear_rear_chassis_pin"", ""front_bracket"", ""front_bracket_screw""]","[""carried_forward_state""]",carried_forward_state,carried_forward_state,11110111100,[],002206.jpg,
10_assy_0_1,2207,11110111100,0.97,"[[""11110111100"", 0.97]]","[""base"", ""front_chassis"", ""front_chassis_pin"", ""rear_chassis"", ""front_rear_chassis_pin"", ""rear_rear_chassis_pin"", ""front_bracket"", ""front_bracket_screw""]","[""carried_forward_state""]",carried_forward_state,carried_forward_state,11110111100,[],002207.jpg,
10_assy_0_1,2208,11110111100,0.97,"[[""11110111100"", 0.97]]","[""base"", ""front_chassis"", ""front_chassis_pin"", ""rear_chassis"", ""front_rear_chassis_pin"", ""rear_rear_chassis_pin"", ""front_bracket"", ""front_bracket_screw""]","[""carried_forward_state""]",carried_forward_state,carried_forward_state,11110111100,[],002208.jpg,
10_assy_0_1,2209,11110111100,0.97,"[[""11110111100"", 0.97]]","[""base"", ""front_chassis"", ""front_chassis_pin"", ""rear_chassis"", ""front_rear_chassis_pin"", ""rear_rear_chassis_pin"", ""front_bracket"", ""front_bracket_screw""]","[""carried_forward_state""]",carried_forward_state,carried_forward_state,11110111100,[],002209.jpg,
10_assy_0_1,2210,11110111100,0.97,"[[""11110111100"", 0.97]]","[""base"", ""front_chassis"", ""front_chassis_pin"", ""rear_chassis"", ""front_rear_chassis_pin"", ""rear_rear_chassis_pin"", ""front_bracket"", ""front_bracket_screw""]","[""carried_forward_state""]",carried_forward_state,carried_forward_state,11110111100,[],002210.jpg,
10_assy_0_1,2211,11110111100,0.97,"[[""11110111100"", 0.97]]","[""base"", ""front_chassis"", ""front_chassis_pin"", ""rear_chassis"", ""front_rear_chassis_pin"", ""rear_rear_chassis_pin"", ""front_bracket"", ""front_bracket_screw""]","[""carried_forward_state""]",carried_forward_state,carried_forward_state,11110111100,[],002211.jpg,
10_assy_0_1,2212,11110111100,0.97,"[[""11110111100"", 0.97]]","[""base"", ""front_chassis"", ""front_chassis_pin"", ""rear_chassis"", ""front_rear_chassis_pin"", ""rear_rear_chassis_pin"", ""front_bracket"", ""front_bracket_screw""]","[""carried_forward_state""]",carried_forward_state,carried_forward_state,11110111100,[],002212.jpg,
10_assy_0_1,2213,11110111100,0.97,"[[""11110111100"", 0.97]]","[""base"", ""front_chassis"", ""front_chassis_pin"", ""rear_chassis"", ""front_rear_chassis_pin"", ""rear_rear_chassis_pin"", ""front_bracket"", ""front_bracket_screw""]","[""carried_forward_state""]",carried_forward_state,carried_forward_state,11110111100,[],002213.jpg,
10_assy_0_1,2214,11110111100,0.97,"[[""11110111100"", 0.97]]","[""base"", ""front_chassis"", ""front_chassis_pin"", ""rear_chassis"", ""front_rear_chassis_pin"", ""rear_rear_chassis_pin"", ""front_bracket"", ""front_bracket_screw""]","[""carried_forward_state""]",carried_forward_state,carried_forward_state,11110111100,[],002214.jpg,
10_assy_0_1,2215,11110111100,0.97,"[[""11110111100"", 0.97]]","[""base"", ""front_chassis"", ""front_chassis_pin"", ""rear_chassis"", ""front_rear_chassis_pin"", ""rear_rear_chassis_pin"", ""front_bracket"", ""front_bracket_screw""]","[""carried_forward_state""]",carried_forward_state,carried_forward_state,11110111100,[],002215.jpg,
10_assy_0_1,2216,11110111100,0.97,"[[""11110111100"", 0.97]]","[""base"", ""front_chassis"", ""front_chassis_pin"", ""rear_chassis"", ""front_rear_chassis_pin"", ""rear_rear_chassis_pin"", ""front_bracket"", ""front_bracket_screw""]","[""carried_forward_state""]",carried_forward_state,carried_forward_state,11110111100,[],002216.jpg,
10_assy_0_1,2217,11110111100,0.97,"[[""11110111100"", 0.97]]","[""base"", ""front_chassis"", ""front_chassis_pin"", ""rear_chassis"", ""front_rear_chassis_pin"", ""rear_rear_chassis_pin"", ""front_bracket"", ""front_bracket_screw""]","[""carried_forward_state""]",carried_forward_state,carried_forward_state,11110111100,[],002217.jpg,
10_assy_0_1,2218,11110111100,0.97,"[[""11110111100"", 0.97]]","[""base"", ""front_chassis"", ""front_chassis_pin"", ""rear_chassis"", ""front_rear_chassis_pin"", ""rear_rear_chassis_pin"", ""front_bracket"", ""front_bracket_screw""]","[""carried_forward_state""]",carried_forward_state,carried_forward_state,11110111100,[],002218.jpg,
10_assy_0_1,2219,11110111100,0.97,"[[""11110111100"", 0.97]]","[""base"", ""front_chassis"", ""front_chassis_pin"", ""rear_chassis"", ""front_rear_chassis_pin"", ""rear_rear_chassis_pin"", ""front_bracket"", ""front_bracket_screw""]","[""carried_forward_state""]",carried_forward_state,carried_forward_state,11110111100,[],002219.jpg,
10_assy_0_1,2220,11110111100,0.97,"[[""11110111100"", 0.97]]","[""base"", ""front_chassis"", ""front_chassis_pin"", ""rear_chassis"", ""front_rear_chassis_pin"", ""rear_rear_chassis_pin"", ""front_bracket"", ""front_bracket_screw""]","[""carried_forward_state""]",carried_forward_state,carried_forward_state,11110111100,[],002220.jpg,
10_assy_0_1,2221,11110111100,0.97,"[[""11110111100"", 0.97]]","[""base"", ""front_chassis"", ""front_chassis_pin"", ""rear_chassis"", ""front_rear_chassis_pin"", ""rear_rear_chassis_pin"", ""front_bracket"", ""front_bracket_screw""]","[""carried_forward_state""]",carried_forward_state,carried_forward_state,11110111100,[],002221.jpg,
10_assy_0_1,2222,11110111100,0.97,"[[""11110111100"", 0.97]]","[""base"", ""front_chassis"", ""front_chassis_pin"", ""rear_chassis"", ""front_rear_chassis_pin"", ""rear_rear_chassis_pin"", ""front_bracket"", ""front_bracket_screw""]","[""carried_forward_state""]",carried_forward_state,carried_forward_state,11110111100,[],002222.jpg,
10_assy_0_1,2223,11110111100,0.97,"[[""11110111100"", 0.97]]","[""base"", ""front_chassis"", ""front_chassis_pin"", ""rear_chassis"", ""front_rear_chassis_pin"", ""rear_rear_chassis_pin"", ""front_bracket"", ""front_bracket_screw""]","[""carried_forward_state""]",carried_forward_state,carried_forward_state,11110111100,[],002223.jpg,
10_assy_0_1,2224,11110111100,0.97,"[[""11110111100"", 0.97]]","[""base"", ""front_chassis"", ""front_chassis_pin"", ""rear_chassis"", ""front_rear_chassis_pin"", ""rear_rear_chassis_pin"", ""front_bracket"", ""front_bracket_screw""]","[""carried_forward_state""]",carried_forward_state,carried_forward_state,11110111100,[],002224.jpg,
10_assy_0_1,2225,11110111100,0.97,"[[""11110111100"", 0.97]]","[""base"", ""front_chassis"", ""front_chassis_pin"", ""rear_chassis"", ""front_rear_chassis_pin"", ""rear_rear_chassis_pin"", ""front_bracket"", ""front_bracket_screw""]","[""carried_forward_state""]",carried_forward_state,carried_forward_state,11110111100,[],002225.jpg,
10_assy_0_1,2226,11110111100,0.97,"[[""11110111100"", 0.97]]","[""base"", ""front_chassis"", ""front_chassis_pin"", ""rear_chassis"", ""front_rear_chassis_pin"", ""rear_rear_chassis_pin"", ""front_bracket"", ""front_bracket_screw""]","[""carried_forward_state""]",carried_forward_state,carried_forward_state,11110111100,[],002226.jpg,
10_assy_0_1,2227,11110111100,0.97,"[[""11110111100"", 0.97]]","[""base"", ""front_chassis"", ""front_chassis_pin"", ""rear_chassis"", ""front_rear_chassis_pin"", ""rear_rear_chassis_pin"", ""front_bracket"", ""front_bracket_screw""]","[""carried_forward_state""]",carried_forward_state,carried_forward_state,11110111100,[],002227.jpg,
10_assy_0_1,2228,11110111100,0.97,"[[""11110111100"", 0.97]]","[""base"", ""front_chassis"", ""front_chassis_pin"", ""rear_chassis"", ""front_rear_chassis_pin"", ""rear_rear_chassis_pin"", ""front_bracket"", ""front_bracket_screw""]","[""carried_forward_state""]",carried_forward_state,carried_forward_state,11110111100,[],002228.jpg,
10_assy_0_1,2229,11110111100,0.97,"[[""11110111100"", 0.97]]","[""base"", ""front_chassis"", ""front_chassis_pin"", ""rear_chassis"", ""front_rear_chassis_pin"", ""rear_rear_chassis_pin"", ""front_bracket"", ""front_bracket_screw""]","[""carried_forward_state""]",carried_forward_state,carried_forward_state,11110111100,[],002229.jpg,
10_assy_0_1,2230,11110111100,0.97,"[[""11110111100"", 0.97]]","[""base"", ""front_chassis"", ""front_chassis_pin"", ""rear_chassis"", ""front_rear_chassis_pin"", ""rear_rear_chassis_pin"", ""front_bracket"", ""front_bracket_screw""]","[""carried_forward_state""]",carried_forward_state,carried_forward_state,11110111100,[],002230.jpg,
10_assy_0_1,2231,11110111100,0.97,"[[""11110111100"", 0.97]]","[""base"", ""front_chassis"", ""front_chassis_pin"", ""rear_chassis"", ""front_rear_chassis_pin"", ""rear_rear_chassis_pin"", ""front_bracket"", ""front_bracket_screw""]","[""carried_forward_state""]",carried_forward_state,carried_forward_state,11110111100,[],002231.jpg,
10_assy_0_1,2232,11110111100,0.97,"[[""11110111100"", 0.97]]","[""base"", ""front_chassis"", ""front_chassis_pin"", ""rear_chassis"", ""front_rear_chassis_pin"", ""rear_rear_chassis_pin"", ""front_bracket"", ""front_bracket_screw""]","[""carried_forward_state""]",carried_forward_state,carried_forward_state,11110111100,[],002232.jpg,
10_assy_0_1,2233,11110111100,0.97,"[[""11110111100"", 0.97]]","[""base"", ""front_chassis"", ""front_chassis_pin"", ""rear_chassis"", ""front_rear_chassis_pin"", ""rear_rear_chassis_pin"", ""front_bracket"", ""front_bracket_screw""]","[""carried_forward_state""]",carried_forward_state,carried_forward_state,11110111100,[],002233.jpg,
10_assy_0_1,2234,11110111100,0.97,"[[""11110111100"", 0.97]]","[""base"", ""front_chassis"", ""front_chassis_pin"", ""rear_chassis"", ""front_rear_chassis_pin"", ""rear_rear_chassis_pin"", ""front_bracket"", ""front_bracket_screw""]","[""carried_forward_state""]",carried_forward_state,carried_forward_state,11110111100,[],002234.jpg,
10_assy_0_1,2235,11110111100,0.97,"[[""11110111100"", 0.97]]","[""base"", ""front_chassis"", ""front_chassis_pin"", ""rear_chassis"", ""front_rear_chassis_pin"", ""rear_rear_chassis_pin"", ""front_bracket"", ""front_bracket_screw""]","[""carried_forward_state""]",carried_forward_state,carried_forward_state,11110111100,[],002235.jpg,
10_assy_0_1,2236,11110111100,0.97,"[[""11110111100"", 0.97]]","[""base"", ""front_chassis"", ""front_chassis_pin"", ""rear_chassis"", ""front_rear_chassis_pin"", ""rear_rear_chassis_pin"", ""front_bracket"", ""front_bracket_screw""]","[""carried_forward_state""]",carried_forward_state,carried_forward_state,11110111100,[],002236.jpg,
10_assy_0_1,2237,11110111100,0.97,"[[""11110111100"", 0.97]]","[""base"", ""front_chassis"", ""front_chassis_pin"", ""rear_chassis"", ""front_rear_chassis_pin"", ""rear_rear_chassis_pin"", ""front_bracket"", ""front_bracket_screw""]","[""carried_forward_state""]",carried_forward_state,carried_forward_state,11110111100,[],002237.jpg,
10_assy_0_1,2238,11110111100,0.97,"[[""11110111100"", 0.97]]","[""base"", ""front_chassis"", ""front_chassis_pin"", ""rear_chassis"", ""front_rear_chassis_pin"", ""rear_rear_chassis_pin"", ""front_bracket"", ""front_bracket_screw""]","[""carried_forward_state""]",carried_forward_state,carried_forward_state,11110111100,[],002238.jpg,
10_assy_0_1,2239,11110111100,0.97,"[[""11110111100"", 0.97]]","[""base"", ""front_chassis"", ""front_chassis_pin"", ""rear_chassis"", ""front_rear_chassis_pin"", ""rear_rear_chassis_pin"", ""front_bracket"", ""front_bracket_screw""]","[""carried_forward_state""]",carried_forward_state,carried_forward_state,11110111100,[],002239.jpg,
10_assy_0_1,2240,11110111100,0.97,"[[""11110111100"", 0.97]]","[""base"", ""front_chassis"", ""front_chassis_pin"", ""rear_chassis"", ""front_rear_chassis_pin"", ""rear_rear_chassis_pin"", ""front_bracket"", ""front_bracket_screw""]","[""carried_forward_state""]",carried_forward_state,carried_forward_state,11110111100,[],002240.jpg,
10_assy_0_1,2241,11110111100,0.97,"[[""11110111100"", 0.97]]","[""base"", ""front_chassis"", ""front_chassis_pin"", ""rear_chassis"", ""front_rear_chassis_pin"", ""rear_rear_chassis_pin"", ""front_bracket"", ""front_bracket_screw""]","[""carried_forward_state""]",carried_forward_state,carried_forward_state,11110111100,[],002241.jpg,
10_assy_0_1,2242,11110111100,0.97,"[[""11110111100"", 0.97]]","[""base"", ""front_chassis"", ""front_chassis_pin"", ""rear_chassis"", ""front_rear_chassis_pin"", ""rear_rear_chassis_pin"", ""front_bracket"", ""front_bracket_screw""]","[""carried_forward_state""]",carried_forward_state,carried_forward_state,11110111100,[],002242.jpg,
10_assy_0_1,2243,11110111100,0.97,"[[""11110111100"", 0.97]]","[""base"", ""front_chassis"", ""front_chassis_pin"", ""rear_chassis"", ""front_rear_chassis_pin"", ""rear_rear_chassis_pin"", ""front_bracket"", ""front_bracket_screw""]","[""carried_forward_state""]",carried_forward_state,carried_forward_state,11110111100,[],002243.jpg,
10_assy_0_1,2244,11110111100,0.97,"[[""11110111100"", 0.97]]","[""base"", ""front_chassis"", ""front_chassis_pin"", ""rear_chassis"", ""front_rear_chassis_pin"", ""rear_rear_chassis_pin"", ""front_bracket"", ""front_bracket_screw""]","[""carried_forward_state""]",carried_forward_state,carried_forward_state,11110111100,[],002244.jpg,
10_assy_0_1,2245,11110111100,0.97,"[[""11110111100"", 0.97]]","[""base"", ""front_chassis"", ""front_chassis_pin"", ""rear_chassis"", ""front_rear_chassis_pin"", ""rear_rear_chassis_pin"", ""front_bracket"", ""front_bracket_screw""]","[""carried_forward_state""]",carried_forward_state,carried_forward_state,11110111100,[],002245.jpg,
10_assy_0_1,2246,11110111100,0.97,"[[""11110111100"", 0.97]]","[""base"", ""front_chassis"", ""front_chassis_pin"", ""rear_chassis"", ""front_rear_chassis_pin"", ""rear_rear_chassis_pin"", ""front_bracket"", ""front_bracket_screw""]","[""carried_forward_state""]",carried_forward_state,carried_forward_state,11110111100,[],002246.jpg,
10_assy_0_1,2247,11110111100,0.97,"[[""11110111100"", 0.97]]","[""base"", ""front_chassis"", ""front_chassis_pin"", ""rear_chassis"", ""front_rear_chassis_pin"", ""rear_rear_chassis_pin"", ""front_bracket"", ""front_bracket_screw""]","[""carried_forward_state""]",carried_forward_state,carried_forward_state,11110111100,[],002247.jpg,
10_assy_0_1,2248,11110111100,0.97,"[[""11110111100"", 0.97]]","[""base"", ""front_chassis"", ""front_chassis_pin"", ""rear_chassis"", ""front_rear_chassis_pin"", ""rear_rear_chassis_pin"", ""front_bracket"", ""front_bracket_screw""]","[""carried_forward_state""]",carried_forward_state,carried_forward_state,11110111100,[],002248.jpg,
10_assy_0_1,2249,11110111100,0.97,"[[""11110111100"", 0.97]]","[""base"", ""front_chassis"", ""front_chassis_pin"", ""rear_chassis"", ""front_rear_chassis_pin"", ""rear_rear_chassis_pin"", ""front_bracket"", ""front_bracket_screw""]","[""carried_forward_state""]",carried_forward_state,carried_forward_state,11110111100,[],002249.jpg,
10_assy_0_1,2250,11110111100,0.97,"[[""11110111100"", 0.97]]","[""base"", ""front_chassis"", ""front_chassis_pin"", ""rear_chassis"", ""front_rear_chassis_pin"", ""rear_rear_chassis_pin"", ""front_bracket"", ""front_bracket_screw""]","[""carried_forward_state""]",carried_forward_state,carried_forward_state,11110111100,[],002250.jpg,
10_assy_0_1,2251,11110111100,0.97,"[[""11110111100"", 0.97]]","[""base"", ""front_chassis"", ""front_chassis_pin"", ""rear_chassis"", ""front_rear_chassis_pin"", ""rear_rear_chassis_pin"", ""front_bracket"", ""front_bracket_screw""]","[""carried_forward_state""]",carried_forward_state,carried_forward_state,11110111100,[],002251.jpg,
10_assy_0_1,2252,11110111100,0.97,"[[""11110111100"", 0.97]]","[""base"", ""front_chassis"", ""front_chassis_pin"", ""rear_chassis"", ""front_rear_chassis_pin"", ""rear_rear_chassis_pin"", ""front_bracket"", ""front_bracket_screw""]","[""carried_forward_state""]",carried_forward_state,carried_forward_state,11110111100,[],002252.jpg,
10_assy_0_1,2253,11110111100,0.97,"[[""11110111100"", 0.97]]","[""base"", ""front_chassis"", ""front_chassis_pin"", ""rear_chassis"", ""front_rear_chassis_pin"", ""rear_rear_chassis_pin"", ""front_bracket"", ""front_bracket_screw""]","[""carried_forward_state""]",carried_forward_state,carried_forward_state,11110111100,[],002253.jpg,
10_assy_0_1,2254,11110111100,0.97,"[[""11110111100"", 0.97]]","[""base"", ""front_chassis"", ""front_chassis_pin"", ""rear_chassis"", ""front_rear_chassis_pin"", ""rear_rear_chassis_pin"", ""front_bracket"", ""front_bracket_screw""]","[""carried_forward_state""]",carried_forward_state,carried_forward_state,11110111100,[],002254.jpg,
10_assy_0_1,2255,11110111100,0.97,"[[""11110111100"", 0.97]]","[""base"", ""front_chassis"", ""front_chassis_pin"", ""rear_chassis"", ""front_rear_chassis_pin"", ""rear_rear_chassis_pin"", ""front_bracket"", ""front_bracket_screw""]","[""carried_forward_state""]",carried_forward_state,carried_forward_state,11110111100,[],002255.jpg,
10_assy_0_1,2256,11110111100,0.97,"[[""11110111100"", 0.97]]","[""base"", ""front_chassis"", ""front_chassis_pin"", ""rear_chassis"", ""front_rear_chassis_pin"", ""rear_rear_chassis_pin"", ""front_bracket"", ""front_bracket_screw""]","[""carried_forward_state""]",carried_forward_state,carried_forward_state,11110111100,[],002256.jpg,
10_assy_0_1,2257,11110111100,0.97,"[[""11110111100"", 0.97]]","[""base"", ""front_chassis"", ""front_chassis_pin"", ""rear_chassis"", ""front_rear_chassis_pin"", ""rear_rear_chassis_pin"", ""front_bracket"", ""front_bracket_screw""]","[""carried_forward_state""]",carried_forward_state,carried_forward_state,11110111100,[],002257.jpg,
10_assy_0_1,2258,11110111100,0.97,"[[""11110111100"", 0.97]]","[""base"", ""front_chassis"", ""front_chassis_pin"", ""rear_chassis"", ""front_rear_chassis_pin"", ""rear_rear_chassis_pin"", ""front_bracket"", ""front_bracket_screw""]","[""carried_forward_state""]",carried_forward_state,carried_forward_state,11110111100,[],002258.jpg,
10_assy_0_1,2259,11110111100,0.97,"[[""11110111100"", 0.97]]","[""base"", ""front_chassis"", ""front_chassis_pin"", ""rear_chassis"", ""front_rear_chassis_pin"", ""rear_rear_chassis_pin"", ""front_bracket"", ""front_bracket_screw""]","[""carried_forward_state""]",carried_forward_state,carried_forward_state,11110111100,[],002259.jpg,
10_assy_0_1,2260,11110111100,0.97,"[[""11110111100"", 0.97]]","[""base"", ""front_chassis"", ""front_chassis_pin"", ""rear_chassis"", ""front_rear_chassis_pin"", ""rear_rear_chassis_pin"", ""front_bracket"", ""front_bracket_screw""]","[""carried_forward_state""]",carried_forward_state,carried_forward_state,11110111100,[],002260.jpg,
10_assy_0_1,2261,11110111100,0.97,"[[""11110111100"", 0.97]]","[""base"", ""front_chassis"", ""front_chassis_pin"", ""rear_chassis"", ""front_rear_chassis_pin"", ""rear_rear_chassis_pin"", ""front_bracket"", ""front_bracket_screw""]","[""carried_forward_state""]",carried_forward_state,carried_forward_state,11110111100,[],002261.jpg,
10_assy_0_1,2262,11110111100,0.97,"[[""11110111100"", 0.97]]","[""base"", ""front_chassis"", ""front_chassis_pin"", ""rear_chassis"", ""front_rear_chassis_pin"", ""rear_rear_chassis_pin"", ""front_bracket"", ""front_bracket_screw""]","[""carried_forward_state""]",carried_forward_state,carried_forward_state,11110111100,[],002262.jpg,
10_assy_0_1,2263,11110111100,0.97,"[[""11110111100"", 0.97]]","[""base"", ""front_chassis"", ""front_chassis_pin"", ""rear_chassis"", ""front_rear_chassis_pin"", ""rear_rear_chassis_pin"", ""front_bracket"", ""front_bracket_screw""]","[""carried_forward_state""]",carried_forward_state,carried_forward_state,11110111100,[],002263.jpg,
10_assy_0_1,2264,11110111100,0.97,"[[""11110111100"", 0.97]]","[""base"", ""front_chassis"", ""front_chassis_pin"", ""rear_chassis"", ""front_rear_chassis_pin"", ""rear_rear_chassis_pin"", ""front_bracket"", ""front_bracket_screw""]","[""carried_forward_state""]",carried_forward_state,carried_forward_state,11110111100,[],002264.jpg,
10_assy_0_1,2265,11110111100,0.97,"[[""11110111100"", 0.97]]","[""base"", ""front_chassis"", ""front_chassis_pin"", ""rear_chassis"", ""front_rear_chassis_pin"", ""rear_rear_chassis_pin"", ""front_bracket"", ""front_bracket_screw""]","[""carried_forward_state""]",carried_forward_state,carried_forward_state,11110111100,[],002265.jpg,
10_assy_0_1,2266,11110111100,0.97,"[[""11110111100"", 0.97]]","[""base"", ""front_chassis"", ""front_chassis_pin"", ""rear_chassis"", ""front_rear_chassis_pin"", ""rear_rear_chassis_pin"", ""front_bracket"", ""front_bracket_screw""]","[""carried_forward_state""]",carried_forward_state,carried_forward_state,11110111100,[],002266.jpg,
10_assy_0_1,2267,11110111100,0.97,"[[""11110111100"", 0.97]]","[""base"", ""front_chassis"", ""front_chassis_pin"", ""rear_chassis"", ""front_rear_chassis_pin"", ""rear_rear_chassis_pin"", ""front_bracket"", ""front_bracket_screw""]","[""carried_forward_state""]",carried_forward_state,carried_forward_state,11110111100,[],002267.jpg,
10_assy_0_1,2268,11110111100,0.97,"[[""11110111100"", 0.97]]","[""base"", ""front_chassis"", ""front_chassis_pin"", ""rear_chassis"", ""front_rear_chassis_pin"", ""rear_rear_chassis_pin"", ""front_bracket"", ""front_bracket_screw""]","[""carried_forward_state""]",carried_forward_state,carried_forward_state,11110111100,[],002268.jpg,
10_assy_0_1,2269,11110111100,0.97,"[[""11110111100"", 0.97]]","[""base"", ""front_chassis"", ""front_chassis_pin"", ""rear_chassis"", ""front_rear_chassis_pin"", ""rear_rear_chassis_pin"", ""front_bracket"", ""front_bracket_screw""]","[""carried_forward_state""]",carried_forward_state,carried_forward_state,11110111100,[],002269.jpg,
10_assy_0_1,2270,11110111100,0.97,"[[""11110111100"", 0.97]]","[""base"", ""front_chassis"", ""front_chassis_pin"", ""rear_chassis"", ""front_rear_chassis_pin"", ""rear_rear_chassis_pin"", ""front_bracket"", ""front_bracket_screw""]","[""carried_forward_state""]",carried_forward_state,carried_forward_state,11110111100,[],002270.jpg,
10_assy_0_1,2271,11110111100,0.97,"[[""11110111100"", 0.97]]","[""base"", ""front_chassis"", ""front_chassis_pin"", ""rear_chassis"", ""front_rear_chassis_pin"", ""rear_rear_chassis_pin"", ""front_bracket"", ""front_bracket_screw""]","[""carried_forward_state""]",carried_forward_state,carried_forward_state,11110111100,[],002271.jpg,
10_assy_0_1,2272,11110111100,0.97,"[[""11110111100"", 0.97]]","[""base"", ""front_chassis"", ""front_chassis_pin"", ""rear_chassis"", ""front_rear_chassis_pin"", ""rear_rear_chassis_pin"", ""front_bracket"", ""front_bracket_screw""]","[""carried_forward_state""]",carried_forward_state,carried_forward_state,11110111100,[],002272.jpg,
10_assy_0_1,2273,11110111100,0.97,"[[""11110111100"", 0.97]]","[""base"", ""front_chassis"", ""front_chassis_pin"", ""rear_chassis"", ""front_rear_chassis_pin"", ""rear_rear_chassis_pin"", ""front_bracket"", ""front_bracket_screw""]","[""carried_forward_state""]",carried_forward_state,carried_forward_state,11110111100,[],002273.jpg,
10_assy_0_1,2274,11110111100,0.97,"[[""11110111100"", 0.97]]","[""base"", ""front_chassis"", ""front_chassis_pin"", ""rear_chassis"", ""front_rear_chassis_pin"", ""rear_rear_chassis_pin"", ""front_bracket"", ""front_bracket_screw""]","[""carried_forward_state""]",carried_forward_state,carried_forward_state,11110111100,[],002274.jpg,
10_assy_0_1,2275,11110111100,0.97,"[[""11110111100"", 0.97]]","[""base"", ""front_chassis"", ""front_chassis_pin"", ""rear_chassis"", ""front_rear_chassis_pin"", ""rear_rear_chassis_pin"", ""front_bracket"", ""front_bracket_screw""]","[""carried_forward_state""]",carried_forward_state,carried_forward_state,11110111100,[],002275.jpg,
10_assy_0_1,2276,11110111100,0.97,"[[""11110111100"", 0.97]]","[""base"", ""front_chassis"", ""front_chassis_pin"", ""rear_chassis"", ""front_rear_chassis_pin"", ""rear_rear_chassis_pin"", ""front_bracket"", ""front_bracket_screw""]","[""carried_forward_state""]",carried_forward_state,carried_forward_state,11110111100,[],002276.jpg,
10_assy_0_1,2277,11110111100,0.97,"[[""11110111100"", 0.97]]","[""base"", ""front_chassis"", ""front_chassis_pin"", ""rear_chassis"", ""front_rear_chassis_pin"", ""rear_rear_chassis_pin"", ""front_bracket"", ""front_bracket_screw""]","[""carried_forward_state""]",carried_forward_state,carried_forward_state,11110111100,[],002277.jpg,
10_assy_0_1,2278,11110111100,0.97,"[[""11110111100"", 0.97]]","[""base"", ""front_chassis"", ""front_chassis_pin"", ""rear_chassis"", ""front_rear_chassis_pin"", ""rear_rear_chassis_pin"", ""front_bracket"", ""front_bracket_screw""]","[""carried_forward_state""]",carried_forward_state,carried_forward_state,11110111100,[],002278.jpg,
10_assy_0_1,2279,11110111100,0.97,"[[""11110111100"", 0.97]]","[""base"", ""front_chassis"", ""front_chassis_pin"", ""rear_chassis"", ""front_rear_chassis_pin"", ""rear_rear_chassis_pin"", ""front_bracket"", ""front_bracket_screw""]","[""carried_forward_state""]",carried_forward_state,carried_forward_state,11110111100,[],002279.jpg,
10_assy_0_1,2280,11110111100,0.97,"[[""11110111100"", 0.97]]","[""base"", ""front_chassis"", ""front_chassis_pin"", ""rear_chassis"", ""front_rear_chassis_pin"", ""rear_rear_chassis_pin"", ""front_bracket"", ""front_bracket_screw""]","[""carried_forward_state""]",carried_forward_state,carried_forward_state,11110111100,[],002280.jpg,
10_assy_0_1,2281,11110111100,0.97,"[[""11110111100"", 0.97]]","[""base"", ""front_chassis"", ""front_chassis_pin"", ""rear_chassis"", ""front_rear_chassis_pin"", ""rear_rear_chassis_pin"", ""front_bracket"", ""front_bracket_screw""]","[""carried_forward_state""]",carried_forward_state,carried_forward_state,11110111100,[],002281.jpg,
10_assy_0_1,2282,11110111100,0.97,"[[""11110111100"", 0.97]]","[""base"", ""front_chassis"", ""front_chassis_pin"", ""rear_chassis"", ""front_rear_chassis_pin"", ""rear_rear_chassis_pin"", ""front_bracket"", ""front_bracket_screw""]","[""carried_forward_state""]",carried_forward_state,carried_forward_state,11110111100,[],002282.jpg,
10_assy_0_1,2283,11110111100,0.97,"[[""11110111100"", 0.97]]","[""base"", ""front_chassis"", ""front_chassis_pin"", ""rear_chassis"", ""front_rear_chassis_pin"", ""rear_rear_chassis_pin"", ""front_bracket"", ""front_bracket_screw""]","[""carried_forward_state""]",carried_forward_state,carried_forward_state,11110111100,[],002283.jpg,
10_assy_0_1,2284,11110111100,0.97,"[[""11110111100"", 0.97]]","[""base"", ""front_chassis"", ""front_chassis_pin"", ""rear_chassis"", ""front_rear_chassis_pin"", ""rear_rear_chassis_pin"", ""front_bracket"", ""front_bracket_screw""]","[""carried_forward_state""]",carried_forward_state,carried_forward_state,11110111100,[],002284.jpg,
10_assy_0_1,2285,11110111100,0.97,"[[""11110111100"", 0.97]]","[""base"", ""front_chassis"", ""front_chassis_pin"", ""rear_chassis"", ""front_rear_chassis_pin"", ""rear_rear_chassis_pin"", ""front_bracket"", ""front_bracket_screw""]","[""carried_forward_state""]",carried_forward_state,carried_forward_state,11110111100,[],002285.jpg,
10_assy_0_1,2286,11110111100,0.97,"[[""11110111100"", 0.97]]","[""base"", ""front_chassis"", ""front_chassis_pin"", ""rear_chassis"", ""front_rear_chassis_pin"", ""rear_rear_chassis_pin"", ""front_bracket"", ""front_bracket_screw""]","[""carried_forward_state""]",carried_forward_state,carried_forward_state,11110111100,[],002286.jpg,
10_assy_0_1,2287,11110111100,0.97,"[[""11110111100"", 0.97]]","[""base"", ""front_chassis"", ""front_chassis_pin"", ""rear_chassis"", ""front_rear_chassis_pin"", ""rear_rear_chassis_pin"", ""front_bracket"", ""front_bracket_screw""]","[""carried_forward_state""]",carried_forward_state,carried_forward_state,11110111100,[],002287.jpg,
10_assy_0_1,2288,11110111100,0.97,"[[""11110111100"", 0.97]]","[""base"", ""front_chassis"", ""front_chassis_pin"", ""rear_chassis"", ""front_rear_chassis_pin"", ""rear_rear_chassis_pin"", ""front_bracket"", ""front_bracket_screw""]","[""carried_forward_state""]",carried_forward_state,carried_forward_state,11110111100,[],002288.jpg,
10_assy_0_1,2289,11110111100,0.97,"[[""11110111100"", 0.97]]","[""base"", ""front_chassis"", ""front_chassis_pin"", ""rear_chassis"", ""front_rear_chassis_pin"", ""rear_rear_chassis_pin"", ""front_bracket"", ""front_bracket_screw""]","[""carried_forward_state""]",carried_forward_state,carried_forward_state,11110111100,[],002289.jpg,
10_assy_0_1,2290,11110111100,0.97,"[[""11110111100"", 0.97]]","[""base"", ""front_chassis"", ""front_chassis_pin"", ""rear_chassis"", ""front_rear_chassis_pin"", ""rear_rear_chassis_pin"", ""front_bracket"", ""front_bracket_screw""]","[""carried_forward_state""]",carried_forward_state,carried_forward_state,11110111100,[],002290.jpg,
10_assy_0_1,2291,11110111100,0.97,"[[""11110111100"", 0.97]]","[""base"", ""front_chassis"", ""front_chassis_pin"", ""rear_chassis"", ""front_rear_chassis_pin"", ""rear_rear_chassis_pin"", ""front_bracket"", ""front_bracket_screw""]","[""carried_forward_state""]",carried_forward_state,carried_forward_state,11110111100,[],002291.jpg,
10_assy_0_1,2292,11110111100,0.97,"[[""11110111100"", 0.97]]","[""base"", ""front_chassis"", ""front_chassis_pin"", ""rear_chassis"", ""front_rear_chassis_pin"", ""rear_rear_chassis_pin"", ""front_bracket"", ""front_bracket_screw""]","[""carried_forward_state""]",carried_forward_state,carried_forward_state,11110111100,[],002292.jpg,
10_assy_0_1,2293,11110111100,0.97,"[[""11110111100"", 0.97]]","[""base"", ""front_chassis"", ""front_chassis_pin"", ""rear_chassis"", ""front_rear_chassis_pin"", ""rear_rear_chassis_pin"", ""front_bracket"", ""front_bracket_screw""]","[""carried_forward_state""]",carried_forward_state,carried_forward_state,11110111100,[],002293.jpg,
10_assy_0_1,2294,11110111100,0.97,"[[""11110111100"", 0.97]]","[""base"", ""front_chassis"", ""front_chassis_pin"", ""rear_chassis"", ""front_rear_chassis_pin"", ""rear_rear_chassis_pin"", ""front_bracket"", ""front_bracket_screw""]","[""carried_forward_state""]",carried_forward_state,carried_forward_state,11110111100,[],002294.jpg,
10_assy_0_1,2295,11110111100,0.97,"[[""11110111100"", 0.97]]","[""base"", ""front_chassis"", ""front_chassis_pin"", ""rear_chassis"", ""front_rear_chassis_pin"", ""rear_rear_chassis_pin"", ""front_bracket"", ""front_bracket_screw""]","[""carried_forward_state""]",carried_forward_state,carried_forward_state,11110111100,[],002295.jpg,
10_assy_0_1,2296,11110111100,0.97,"[[""11110111100"", 0.97]]","[""base"", ""front_chassis"", ""front_chassis_pin"", ""rear_chassis"", ""front_rear_chassis_pin"", ""rear_rear_chassis_pin"", ""front_bracket"", ""front_bracket_screw""]","[""carried_forward_state""]",carried_forward_state,carried_forward_state,11110111100,[],002296.jpg,
10_assy_0_1,2297,11110111100,0.97,"[[""11110111100"", 0.97]]","[""base"", ""front_chassis"", ""front_chassis_pin"", ""rear_chassis"", ""front_rear_chassis_pin"", ""rear_rear_chassis_pin"", ""front_bracket"", ""front_bracket_screw""]","[""carried_forward_state""]",carried_forward_state,carried_forward_state,11110111100,[],002297.jpg,
10_assy_0_1,2298,11110111100,0.97,"[[""11110111100"", 0.97]]","[""base"", ""front_chassis"", ""front_chassis_pin"", ""rear_chassis"", ""front_rear_chassis_pin"", ""rear_rear_chassis_pin"", ""front_bracket"", ""front_bracket_screw""]","[""carried_forward_state""]",carried_forward_state,carried_forward_state,11110111100,[],002298.jpg,
10_assy_0_1,2299,11110111100,0.97,"[[""11110111100"", 0.97]]","[""base"", ""front_chassis"", ""front_chassis_pin"", ""rear_chassis"", ""front_rear_chassis_pin"", ""rear_rear_chassis_pin"", ""front_bracket"", ""front_bracket_screw""]","[""carried_forward_state""]",carried_forward_state,carried_forward_state,11110111100,[],002299.jpg,
10_assy_0_1,2300,11110111100,0.97,"[[""11110111100"", 0.97]]","[""base"", ""front_chassis"", ""front_chassis_pin"", ""rear_chassis"", ""front_rear_chassis_pin"", ""rear_rear_chassis_pin"", ""front_bracket"", ""front_bracket_screw""]","[""carried_forward_state""]",carried_forward_state,carried_forward_state,11110111100,[],002300.jpg,
10_assy_0_1,2301,11110111100,0.97,"[[""11110111100"", 0.97]]","[""base"", ""front_chassis"", ""front_chassis_pin"", ""rear_chassis"", ""front_rear_chassis_pin"", ""rear_rear_chassis_pin"", ""front_bracket"", ""front_bracket_screw""]","[""carried_forward_state""]",carried_forward_state,carried_forward_state,11110111100,[],002301.jpg,
10_assy_0_1,2302,11110111100,0.97,"[[""11110111100"", 0.97]]","[""base"", ""front_chassis"", ""front_chassis_pin"", ""rear_chassis"", ""front_rear_chassis_pin"", ""rear_rear_chassis_pin"", ""front_bracket"", ""front_bracket_screw""]","[""carried_forward_state""]",carried_forward_state,carried_forward_state,11110111100,[],002302.jpg,
10_assy_0_1,2303,11110111100,0.97,"[[""11110111100"", 0.97]]","[""base"", ""front_chassis"", ""front_chassis_pin"", ""rear_chassis"", ""front_rear_chassis_pin"", ""rear_rear_chassis_pin"", ""front_bracket"", ""front_bracket_screw""]","[""carried_forward_state""]",carried_forward_state,carried_forward_state,11110111100,[],002303.jpg,
10_assy_0_1,2304,11110111100,0.97,"[[""11110111100"", 0.97]]","[""base"", ""front_chassis"", ""front_chassis_pin"", ""rear_chassis"", ""front_rear_chassis_pin"", ""rear_rear_chassis_pin"", ""front_bracket"", ""front_bracket_screw""]","[""carried_forward_state""]",carried_forward_state,carried_forward_state,11110111100,[],002304.jpg,
10_assy_0_1,2305,11110111100,0.97,"[[""11110111100"", 0.97]]","[""base"", ""front_chassis"", ""front_chassis_pin"", ""rear_chassis"", ""front_rear_chassis_pin"", ""rear_rear_chassis_pin"", ""front_bracket"", ""front_bracket_screw""]","[""carried_forward_state""]",carried_forward_state,carried_forward_state,11110111100,[],002305.jpg,
10_assy_0_1,2306,11110111100,0.97,"[[""11110111100"", 0.97]]","[""base"", ""front_chassis"", ""front_chassis_pin"", ""rear_chassis"", ""front_rear_chassis_pin"", ""rear_rear_chassis_pin"", ""front_bracket"", ""front_bracket_screw""]","[""carried_forward_state""]",carried_forward_state,carried_forward_state,11110111100,[],002306.jpg,
10_assy_0_1,2307,11110111100,0.97,"[[""11110111100"", 0.97]]","[""base"", ""front_chassis"", ""front_chassis_pin"", ""rear_chassis"", ""front_rear_chassis_pin"", ""rear_rear_chassis_pin"", ""front_bracket"", ""front_bracket_screw""]","[""carried_forward_state""]",carried_forward_state,carried_forward_state,11110111100,[],002307.jpg,
10_assy_0_1,2308,11110111100,0.97,"[[""11110111100"", 0.97]]","[""base"", ""front_chassis"", ""front_chassis_pin"", ""rear_chassis"", ""front_rear_chassis_pin"", ""rear_rear_chassis_pin"", ""front_bracket"", ""front_bracket_screw""]","[""carried_forward_state""]",carried_forward_state,carried_forward_state,11110111100,[],002308.jpg,
10_assy_0_1,2309,11110111100,0.97,"[[""11110111100"", 0.97]]","[""base"", ""front_chassis"", ""front_chassis_pin"", ""rear_chassis"", ""front_rear_chassis_pin"", ""rear_rear_chassis_pin"", ""front_bracket"", ""front_bracket_screw""]","[""carried_forward_state""]",carried_forward_state,carried_forward_state,11110111100,[],002309.jpg,
10_assy_0_1,2310,11110111100,0.97,"[[""11110111100"", 0.97]]","[""base"", ""front_chassis"", ""front_chassis_pin"", ""rear_chassis"", ""front_rear_chassis_pin"", ""rear_rear_chassis_pin"", ""front_bracket"", ""front_bracket_screw""]","[""carried_forward_state""]",carried_forward_state,carried_forward_state,11110111100,[],002310.jpg,
10_assy_0_1,2311,11110111100,0.97,"[[""11110111100"", 0.97]]","[""base"", ""front_chassis"", ""front_chassis_pin"", ""rear_chassis"", ""front_rear_chassis_pin"", ""rear_rear_chassis_pin"", ""front_bracket"", ""front_bracket_screw""]","[""carried_forward_state""]",carried_forward_state,carried_forward_state,11110111100,[],002311.jpg,
10_assy_0_1,2312,11110111100,0.97,"[[""11110111100"", 0.97]]","[""base"", ""front_chassis"", ""front_chassis_pin"", ""rear_chassis"", ""front_rear_chassis_pin"", ""rear_rear_chassis_pin"", ""front_bracket"", ""front_bracket_screw""]","[""carried_forward_state""]",carried_forward_state,carried_forward_state,11110111100,[],002312.jpg,
10_assy_0_1,2313,11110111100,0.97,"[[""11110111100"", 0.97]]","[""base"", ""front_chassis"", ""front_chassis_pin"", ""rear_chassis"", ""front_rear_chassis_pin"", ""rear_rear_chassis_pin"", ""front_bracket"", ""front_bracket_screw""]","[""carried_forward_state""]",carried_forward_state,carried_forward_state,11110111100,[],002313.jpg,
10_assy_0_1,2314,11110111100,0.97,"[[""11110111100"", 0.97]]","[""base"", ""front_chassis"", ""front_chassis_pin"", ""rear_chassis"", ""front_rear_chassis_pin"", ""rear_rear_chassis_pin"", ""front_bracket"", ""front_bracket_screw""]","[""carried_forward_state""]",carried_forward_state,carried_forward_state,11110111100,[],002314.jpg,
10_assy_0_1,2315,11110111100,0.97,"[[""11110111100"", 0.97]]","[""base"", ""front_chassis"", ""front_chassis_pin"", ""rear_chassis"", ""front_rear_chassis_pin"", ""rear_rear_chassis_pin"", ""front_bracket"", ""front_bracket_screw""]","[""carried_forward_state""]",carried_forward_state,carried_forward_state,11110111100,[],002315.jpg,
10_assy_0_1,2316,11110111100,0.97,"[[""11110111100"", 0.97]]","[""base"", ""front_chassis"", ""front_chassis_pin"", ""rear_chassis"", ""front_rear_chassis_pin"", ""rear_rear_chassis_pin"", ""front_bracket"", ""front_bracket_screw""]","[""carried_forward_state""]",carried_forward_state,carried_forward_state,11110111100,[],002316.jpg,
10_assy_0_1,2317,11110111100,0.97,"[[""11110111100"", 0.97]]","[""base"", ""front_chassis"", ""front_chassis_pin"", ""rear_chassis"", ""front_rear_chassis_pin"", ""rear_rear_chassis_pin"", ""front_bracket"", ""front_bracket_screw""]","[""carried_forward_state""]",carried_forward_state,carried_forward_state,11110111100,[],002317.jpg,
10_assy_0_1,2318,11110111100,0.97,"[[""11110111100"", 0.97]]","[""base"", ""front_chassis"", ""front_chassis_pin"", ""rear_chassis"", ""front_rear_chassis_pin"", ""rear_rear_chassis_pin"", ""front_bracket"", ""front_bracket_screw""]","[""carried_forward_state""]",carried_forward_state,carried_forward_state,11110111100,[],002318.jpg,
10_assy_0_1,2319,11110111100,0.97,"[[""11110111100"", 0.97]]","[""base"", ""front_chassis"", ""front_chassis_pin"", ""rear_chassis"", ""front_rear_chassis_pin"", ""rear_rear_chassis_pin"", ""front_bracket"", ""front_bracket_screw""]","[""carried_forward_state""]",carried_forward_state,carried_forward_state,11110111100,[],002319.jpg,
10_assy_0_1,2320,11110111100,0.97,"[[""11110111100"", 0.97]]","[""base"", ""front_chassis"", ""front_chassis_pin"", ""rear_chassis"", ""front_rear_chassis_pin"", ""rear_rear_chassis_pin"", ""front_bracket"", ""front_bracket_screw""]","[""carried_forward_state""]",carried_forward_state,carried_forward_state,11110111100,[],002320.jpg,
10_assy_0_1,2321,11110111100,0.97,"[[""11110111100"", 0.97]]","[""base"", ""front_chassis"", ""front_chassis_pin"", ""rear_chassis"", ""front_rear_chassis_pin"", ""rear_rear_chassis_pin"", ""front_bracket"", ""front_bracket_screw""]","[""carried_forward_state""]",carried_forward_state,carried_forward_state,11110111100,[],002321.jpg,
10_assy_0_1,2322,11110111100,0.97,"[[""11110111100"", 0.97]]","[""base"", ""front_chassis"", ""front_chassis_pin"", ""rear_chassis"", ""front_rear_chassis_pin"", ""rear_rear_chassis_pin"", ""front_bracket"", ""front_bracket_screw""]","[""carried_forward_state""]",carried_forward_state,carried_forward_state,11110111100,[],002322.jpg,
10_assy_0_1,2323,11110111100,0.97,"[[""11110111100"", 0.97]]","[""base"", ""front_chassis"", ""front_chassis_pin"", ""rear_chassis"", ""front_rear_chassis_pin"", ""rear_rear_chassis_pin"", ""front_bracket"", ""front_bracket_screw""]","[""carried_forward_state""]",carried_forward_state,carried_forward_state,11110111100,[],002323.jpg,
10_assy_0_1,2324,11110111100,0.97,"[[""11110111100"", 0.97]]","[""base"", ""front_chassis"", ""front_chassis_pin"", ""rear_chassis"", ""front_rear_chassis_pin"", ""rear_rear_chassis_pin"", ""front_bracket"", ""front_bracket_screw""]","[""carried_forward_state""]",carried_forward_state,carried_forward_state,11110111100,[],002324.jpg,
10_assy_0_1,2325,11110111100,0.97,"[[""11110111100"", 0.97]]","[""base"", ""front_chassis"", ""front_chassis_pin"", ""rear_chassis"", ""front_rear_chassis_pin"", ""rear_rear_chassis_pin"", ""front_bracket"", ""front_bracket_screw""]","[""carried_forward_state""]",carried_forward_state,carried_forward_state,11110111100,[],002325.jpg,
10_assy_0_1,2326,11110111100,0.97,"[[""11110111100"", 0.97]]","[""base"", ""front_chassis"", ""front_chassis_pin"", ""rear_chassis"", ""front_rear_chassis_pin"", ""rear_rear_chassis_pin"", ""front_bracket"", ""front_bracket_screw""]","[""carried_forward_state""]",carried_forward_state,carried_forward_state,11110111100,[],002326.jpg,
10_assy_0_1,2327,11110111100,0.97,"[[""11110111100"", 0.97]]","[""base"", ""front_chassis"", ""front_chassis_pin"", ""rear_chassis"", ""front_rear_chassis_pin"", ""rear_rear_chassis_pin"", ""front_bracket"", ""front_bracket_screw""]","[""carried_forward_state""]",carried_forward_state,carried_forward_state,11110111100,[],002327.jpg,
10_assy_0_1,2328,11110111100,0.97,"[[""11110111100"", 0.97]]","[""base"", ""front_chassis"", ""front_chassis_pin"", ""rear_chassis"", ""front_rear_chassis_pin"", ""rear_rear_chassis_pin"", ""front_bracket"", ""front_bracket_screw""]","[""carried_forward_state""]",carried_forward_state,carried_forward_state,11110111100,[],002328.jpg,
10_assy_0_1,2329,11110111100,0.97,"[[""11110111100"", 0.97]]","[""base"", ""front_chassis"", ""front_chassis_pin"", ""rear_chassis"", ""front_rear_chassis_pin"", ""rear_rear_chassis_pin"", ""front_bracket"", ""front_bracket_screw""]","[""carried_forward_state""]",carried_forward_state,carried_forward_state,11110111100,[],002329.jpg,
10_assy_0_1,2330,11110111100,0.97,"[[""11110111100"", 0.97]]","[""base"", ""front_chassis"", ""front_chassis_pin"", ""rear_chassis"", ""front_rear_chassis_pin"", ""rear_rear_chassis_pin"", ""front_bracket"", ""front_bracket_screw""]","[""carried_forward_state""]",carried_forward_state,carried_forward_state,11110111100,[],002330.jpg,
10_assy_0_1,2331,11110111100,0.97,"[[""11110111100"", 0.97]]","[""base"", ""front_chassis"", ""front_chassis_pin"", ""rear_chassis"", ""front_rear_chassis_pin"", ""rear_rear_chassis_pin"", ""front_bracket"", ""front_bracket_screw""]","[""carried_forward_state""]",carried_forward_state,carried_forward_state,11110111100,[],002331.jpg,
10_assy_0_1,2332,11110111100,0.97,"[[""11110111100"", 0.97]]","[""base"", ""front_chassis"", ""front_chassis_pin"", ""rear_chassis"", ""front_rear_chassis_pin"", ""rear_rear_chassis_pin"", ""front_bracket"", ""front_bracket_screw""]","[""carried_forward_state""]",carried_forward_state,carried_forward_state,11110111100,[],002332.jpg,
10_assy_0_1,2333,11110111100,0.97,"[[""11110111100"", 0.97]]","[""base"", ""front_chassis"", ""front_chassis_pin"", ""rear_chassis"", ""front_rear_chassis_pin"", ""rear_rear_chassis_pin"", ""front_bracket"", ""front_bracket_screw""]","[""carried_forward_state""]",carried_forward_state,carried_forward_state,11110111100,[],002333.jpg,
10_assy_0_1,2334,11110111100,0.97,"[[""11110111100"", 0.97]]","[""base"", ""front_chassis"", ""front_chassis_pin"", ""rear_chassis"", ""front_rear_chassis_pin"", ""rear_rear_chassis_pin"", ""front_bracket"", ""front_bracket_screw""]","[""carried_forward_state""]",carried_forward_state,carried_forward_state,11110111100,[],002334.jpg,
10_assy_0_1,2335,11110111100,0.97,"[[""11110111100"", 0.97]]","[""base"", ""front_chassis"", ""front_chassis_pin"", ""rear_chassis"", ""front_rear_chassis_pin"", ""rear_rear_chassis_pin"", ""front_bracket"", ""front_bracket_screw""]","[""carried_forward_state""]",carried_forward_state,carried_forward_state,11110111100,[],002335.jpg,
10_assy_0_1,2336,11110111100,0.97,"[[""11110111100"", 0.97]]","[""base"", ""front_chassis"", ""front_chassis_pin"", ""rear_chassis"", ""front_rear_chassis_pin"", ""rear_rear_chassis_pin"", ""front_bracket"", ""front_bracket_screw""]","[""carried_forward_state""]",carried_forward_state,carried_forward_state,11110111100,[],002336.jpg,
10_assy_0_1,2337,11110111100,0.97,"[[""11110111100"", 0.97]]","[""base"", ""front_chassis"", ""front_chassis_pin"", ""rear_chassis"", ""front_rear_chassis_pin"", ""rear_rear_chassis_pin"", ""front_bracket"", ""front_bracket_screw""]","[""carried_forward_state""]",carried_forward_state,carried_forward_state,11110111100,[],002337.jpg,
10_assy_0_1,2338,11110111100,0.97,"[[""11110111100"", 0.97]]","[""base"", ""front_chassis"", ""front_chassis_pin"", ""rear_chassis"", ""front_rear_chassis_pin"", ""rear_rear_chassis_pin"", ""front_bracket"", ""front_bracket_screw""]","[""carried_forward_state""]",carried_forward_state,carried_forward_state,11110111100,[],002338.jpg,
10_assy_0_1,2339,11110111100,0.97,"[[""11110111100"", 0.97]]","[""base"", ""front_chassis"", ""front_chassis_pin"", ""rear_chassis"", ""front_rear_chassis_pin"", ""rear_rear_chassis_pin"", ""front_bracket"", ""front_bracket_screw""]","[""carried_forward_state""]",carried_forward_state,carried_forward_state,11110111100,[],002339.jpg,
10_assy_0_1,2340,11110111100,0.97,"[[""11110111100"", 0.97]]","[""base"", ""front_chassis"", ""front_chassis_pin"", ""rear_chassis"", ""front_rear_chassis_pin"", ""rear_rear_chassis_pin"", ""front_bracket"", ""front_bracket_screw""]","[""carried_forward_state""]",carried_forward_state,carried_forward_state,11110111100,[],002340.jpg,
10_assy_0_1,2341,11110111100,0.97,"[[""11110111100"", 0.97]]","[""base"", ""front_chassis"", ""front_chassis_pin"", ""rear_chassis"", ""front_rear_chassis_pin"", ""rear_rear_chassis_pin"", ""front_bracket"", ""front_bracket_screw""]","[""carried_forward_state""]",carried_forward_state,carried_forward_state,11110111100,[],002341.jpg,
10_assy_0_1,2342,11110111100,0.97,"[[""11110111100"", 0.97]]","[""base"", ""front_chassis"", ""front_chassis_pin"", ""rear_chassis"", ""front_rear_chassis_pin"", ""rear_rear_chassis_pin"", ""front_bracket"", ""front_bracket_screw""]","[""carried_forward_state""]",carried_forward_state,carried_forward_state,11110111100,[],002342.jpg,
10_assy_0_1,2343,11110111100,0.97,"[[""11110111100"", 0.97]]","[""base"", ""front_chassis"", ""front_chassis_pin"", ""rear_chassis"", ""front_rear_chassis_pin"", ""rear_rear_chassis_pin"", ""front_bracket"", ""front_bracket_screw""]","[""carried_forward_state""]",carried_forward_state,carried_forward_state,11110111100,[],002343.jpg,
10_assy_0_1,2344,11110111100,0.97,"[[""11110111100"", 0.97]]","[""base"", ""front_chassis"", ""front_chassis_pin"", ""rear_chassis"", ""front_rear_chassis_pin"", ""rear_rear_chassis_pin"", ""front_bracket"", ""front_bracket_screw""]","[""carried_forward_state""]",carried_forward_state,carried_forward_state,11110111100,[],002344.jpg,
10_assy_0_1,2345,11110111100,0.97,"[[""11110111100"", 0.97]]","[""base"", ""front_chassis"", ""front_chassis_pin"", ""rear_chassis"", ""front_rear_chassis_pin"", ""rear_rear_chassis_pin"", ""front_bracket"", ""front_bracket_screw""]","[""carried_forward_state""]",carried_forward_state,carried_forward_state,11110111100,[],002345.jpg,
10_assy_0_1,2346,11110111100,0.97,"[[""11110111100"", 0.97]]","[""base"", ""front_chassis"", ""front_chassis_pin"", ""rear_chassis"", ""front_rear_chassis_pin"", ""rear_rear_chassis_pin"", ""front_bracket"", ""front_bracket_screw""]","[""carried_forward_state""]",carried_forward_state,carried_forward_state,11110111100,[],002346.jpg,
10_assy_0_1,2347,11110111100,0.97,"[[""11110111100"", 0.97]]","[""base"", ""front_chassis"", ""front_chassis_pin"", ""rear_chassis"", ""front_rear_chassis_pin"", ""rear_rear_chassis_pin"", ""front_bracket"", ""front_bracket_screw""]","[""carried_forward_state""]",carried_forward_state,carried_forward_state,11110111100,[],002347.jpg,
10_assy_0_1,2348,11110111100,0.97,"[[""11110111100"", 0.97]]","[""base"", ""front_chassis"", ""front_chassis_pin"", ""rear_chassis"", ""front_rear_chassis_pin"", ""rear_rear_chassis_pin"", ""front_bracket"", ""front_bracket_screw""]","[""carried_forward_state""]",carried_forward_state,carried_forward_state,11110111100,[],002348.jpg,
10_assy_0_1,2349,11110111100,0.97,"[[""11110111100"", 0.97]]","[""base"", ""front_chassis"", ""front_chassis_pin"", ""rear_chassis"", ""front_rear_chassis_pin"", ""rear_rear_chassis_pin"", ""front_bracket"", ""front_bracket_screw""]","[""carried_forward_state""]",carried_forward_state,carried_forward_state,11110111100,[],002349.jpg,
10_assy_0_1,2350,11110111100,0.97,"[[""11110111100"", 0.97]]","[""base"", ""front_chassis"", ""front_chassis_pin"", ""rear_chassis"", ""front_rear_chassis_pin"", ""rear_rear_chassis_pin"", ""front_bracket"", ""front_bracket_screw""]","[""carried_forward_state""]",carried_forward_state,carried_forward_state,11110111100,[],002350.jpg,
10_assy_0_1,2351,11110111100,0.97,"[[""11110111100"", 0.97]]","[""base"", ""front_chassis"", ""front_chassis_pin"", ""rear_chassis"", ""front_rear_chassis_pin"", ""rear_rear_chassis_pin"", ""front_bracket"", ""front_bracket_screw""]","[""carried_forward_state""]",carried_forward_state,carried_forward_state,11110111100,[],002351.jpg,
10_assy_0_1,2352,11110111100,0.97,"[[""11110111100"", 0.97]]","[""base"", ""front_chassis"", ""front_chassis_pin"", ""rear_chassis"", ""front_rear_chassis_pin"", ""rear_rear_chassis_pin"", ""front_bracket"", ""front_bracket_screw""]","[""carried_forward_state""]",carried_forward_state,carried_forward_state,11110111100,[],002352.jpg,
10_assy_0_1,2353,11110111100,0.97,"[[""11110111100"", 0.97]]","[""base"", ""front_chassis"", ""front_chassis_pin"", ""rear_chassis"", ""front_rear_chassis_pin"", ""rear_rear_chassis_pin"", ""front_bracket"", ""front_bracket_screw""]","[""carried_forward_state""]",carried_forward_state,carried_forward_state,11110111100,[],002353.jpg,
10_assy_0_1,2354,11110111100,0.97,"[[""11110111100"", 0.97]]","[""base"", ""front_chassis"", ""front_chassis_pin"", ""rear_chassis"", ""front_rear_chassis_pin"", ""rear_rear_chassis_pin"", ""front_bracket"", ""front_bracket_screw""]","[""carried_forward_state""]",carried_forward_state,carried_forward_state,11110111100,[],002354.jpg,
10_assy_0_1,2355,11110111100,0.97,"[[""11110111100"", 0.97]]","[""base"", ""front_chassis"", ""front_chassis_pin"", ""rear_chassis"", ""front_rear_chassis_pin"", ""rear_rear_chassis_pin"", ""front_bracket"", ""front_bracket_screw""]","[""carried_forward_state""]",carried_forward_state,carried_forward_state,11110111100,[],002355.jpg,
10_assy_0_1,2356,11110111100,0.97,"[[""11110111100"", 0.97]]","[""base"", ""front_chassis"", ""front_chassis_pin"", ""rear_chassis"", ""front_rear_chassis_pin"", ""rear_rear_chassis_pin"", ""front_bracket"", ""front_bracket_screw""]","[""carried_forward_state""]",carried_forward_state,carried_forward_state,11110111100,[],002356.jpg,
10_assy_0_1,2357,11110111100,0.97,"[[""11110111100"", 0.97]]","[""base"", ""front_chassis"", ""front_chassis_pin"", ""rear_chassis"", ""front_rear_chassis_pin"", ""rear_rear_chassis_pin"", ""front_bracket"", ""front_bracket_screw""]","[""carried_forward_state""]",carried_forward_state,carried_forward_state,11110111100,[],002357.jpg,
10_assy_0_1,2358,11110111100,0.97,"[[""11110111100"", 0.97]]","[""base"", ""front_chassis"", ""front_chassis_pin"", ""rear_chassis"", ""front_rear_chassis_pin"", ""rear_rear_chassis_pin"", ""front_bracket"", ""front_bracket_screw""]","[""carried_forward_state""]",carried_forward_state,carried_forward_state,11110111100,[],002358.jpg,
10_assy_0_1,2359,11110111100,0.97,"[[""11110111100"", 0.97]]","[""base"", ""front_chassis"", ""front_chassis_pin"", ""rear_chassis"", ""front_rear_chassis_pin"", ""rear_rear_chassis_pin"", ""front_bracket"", ""front_bracket_screw""]","[""carried_forward_state""]",carried_forward_state,carried_forward_state,11110111100,[],002359.jpg,
10_assy_0_1,2360,11110111100,0.97,"[[""11110111100"", 0.97]]","[""base"", ""front_chassis"", ""front_chassis_pin"", ""rear_chassis"", ""front_rear_chassis_pin"", ""rear_rear_chassis_pin"", ""front_bracket"", ""front_bracket_screw""]","[""carried_forward_state""]",carried_forward_state,carried_forward_state,11110111100,[],002360.jpg,
10_assy_0_1,2361,11110111100,0.97,"[[""11110111100"", 0.97]]","[""base"", ""front_chassis"", ""front_chassis_pin"", ""rear_chassis"", ""front_rear_chassis_pin"", ""rear_rear_chassis_pin"", ""front_bracket"", ""front_bracket_screw""]","[""carried_forward_state""]",carried_forward_state,carried_forward_state,11110111100,[],002361.jpg,
10_assy_0_1,2362,11110111100,0.97,"[[""11110111100"", 0.97]]","[""base"", ""front_chassis"", ""front_chassis_pin"", ""rear_chassis"", ""front_rear_chassis_pin"", ""rear_rear_chassis_pin"", ""front_bracket"", ""front_bracket_screw""]","[""carried_forward_state""]",carried_forward_state,carried_forward_state,11110111100,[],002362.jpg,
10_assy_0_1,2363,11110111100,0.97,"[[""11110111100"", 0.97]]","[""base"", ""front_chassis"", ""front_chassis_pin"", ""rear_chassis"", ""front_rear_chassis_pin"", ""rear_rear_chassis_pin"", ""front_bracket"", ""front_bracket_screw""]","[""carried_forward_state""]",carried_forward_state,carried_forward_state,11110111100,[],002363.jpg,
10_assy_0_1,2364,11110111100,0.97,"[[""11110111100"", 0.97]]","[""base"", ""front_chassis"", ""front_chassis_pin"", ""rear_chassis"", ""front_rear_chassis_pin"", ""rear_rear_chassis_pin"", ""front_bracket"", ""front_bracket_screw""]","[""carried_forward_state""]",carried_forward_state,carried_forward_state,11110111100,[],002364.jpg,
10_assy_0_1,2365,11110111100,0.97,"[[""11110111100"", 0.97]]","[""base"", ""front_chassis"", ""front_chassis_pin"", ""rear_chassis"", ""front_rear_chassis_pin"", ""rear_rear_chassis_pin"", ""front_bracket"", ""front_bracket_screw""]","[""carried_forward_state""]",carried_forward_state,carried_forward_state,11110111100,[],002365.jpg,
10_assy_0_1,2366,11110111100,0.97,"[[""11110111100"", 0.97]]","[""base"", ""front_chassis"", ""front_chassis_pin"", ""rear_chassis"", ""front_rear_chassis_pin"", ""rear_rear_chassis_pin"", ""front_bracket"", ""front_bracket_screw""]","[""carried_forward_state""]",carried_forward_state,carried_forward_state,11110111100,[],002366.jpg,
10_assy_0_1,2367,11110111100,0.97,"[[""11110111100"", 0.97]]","[""base"", ""front_chassis"", ""front_chassis_pin"", ""rear_chassis"", ""front_rear_chassis_pin"", ""rear_rear_chassis_pin"", ""front_bracket"", ""front_bracket_screw""]","[""carried_forward_state""]",carried_forward_state,carried_forward_state,11110111100,[],002367.jpg,
10_assy_0_1,2368,11110111100,0.97,"[[""11110111100"", 0.97]]","[""base"", ""front_chassis"", ""front_chassis_pin"", ""rear_chassis"", ""front_rear_chassis_pin"", ""rear_rear_chassis_pin"", ""front_bracket"", ""front_bracket_screw""]","[""carried_forward_state""]",carried_forward_state,carried_forward_state,11110111100,[],002368.jpg,
10_assy_0_1,2369,11110111100,0.97,"[[""11110111100"", 0.97]]","[""base"", ""front_chassis"", ""front_chassis_pin"", ""rear_chassis"", ""front_rear_chassis_pin"", ""rear_rear_chassis_pin"", ""front_bracket"", ""front_bracket_screw""]","[""carried_forward_state""]",carried_forward_state,carried_forward_state,11110111100,[],002369.jpg,
10_assy_0_1,2370,11110111100,0.97,"[[""11110111100"", 0.97]]","[""base"", ""front_chassis"", ""front_chassis_pin"", ""rear_chassis"", ""front_rear_chassis_pin"", ""rear_rear_chassis_pin"", ""front_bracket"", ""front_bracket_screw""]","[""carried_forward_state""]",carried_forward_state,carried_forward_state,11110111100,[],002370.jpg,
10_assy_0_1,2371,11110111100,0.97,"[[""11110111100"", 0.97]]","[""base"", ""front_chassis"", ""front_chassis_pin"", ""rear_chassis"", ""front_rear_chassis_pin"", ""rear_rear_chassis_pin"", ""front_bracket"", ""front_bracket_screw""]","[""carried_forward_state""]",carried_forward_state,carried_forward_state,11110111100,[],002371.jpg,
10_assy_0_1,2372,11110111100,0.97,"[[""11110111100"", 0.97]]","[""base"", ""front_chassis"", ""front_chassis_pin"", ""rear_chassis"", ""front_rear_chassis_pin"", ""rear_rear_chassis_pin"", ""front_bracket"", ""front_bracket_screw""]","[""carried_forward_state""]",carried_forward_state,carried_forward_state,11110111100,[],002372.jpg,
10_assy_0_1,2373,11110111100,0.97,"[[""11110111100"", 0.97]]","[""base"", ""front_chassis"", ""front_chassis_pin"", ""rear_chassis"", ""front_rear_chassis_pin"", ""rear_rear_chassis_pin"", ""front_bracket"", ""front_bracket_screw""]","[""carried_forward_state""]",carried_forward_state,carried_forward_state,11110111100,[],002373.jpg,
10_assy_0_1,2374,11110111100,0.97,"[[""11110111100"", 0.97]]","[""base"", ""front_chassis"", ""front_chassis_pin"", ""rear_chassis"", ""front_rear_chassis_pin"", ""rear_rear_chassis_pin"", ""front_bracket"", ""front_bracket_screw""]","[""carried_forward_state""]",carried_forward_state,carried_forward_state,11110111100,[],002374.jpg,
10_assy_0_1,2375,11110111100,0.97,"[[""11110111100"", 0.97]]","[""base"", ""front_chassis"", ""front_chassis_pin"", ""rear_chassis"", ""front_rear_chassis_pin"", ""rear_rear_chassis_pin"", ""front_bracket"", ""front_bracket_screw""]","[""carried_forward_state""]",carried_forward_state,carried_forward_state,11110111100,[],002375.jpg,
10_assy_0_1,2376,11110111100,0.97,"[[""11110111100"", 0.97]]","[""base"", ""front_chassis"", ""front_chassis_pin"", ""rear_chassis"", ""front_rear_chassis_pin"", ""rear_rear_chassis_pin"", ""front_bracket"", ""front_bracket_screw""]","[""carried_forward_state""]",carried_forward_state,carried_forward_state,11110111100,[],002376.jpg,
10_assy_0_1,2377,11110111100,0.97,"[[""11110111100"", 0.97]]","[""base"", ""front_chassis"", ""front_chassis_pin"", ""rear_chassis"", ""front_rear_chassis_pin"", ""rear_rear_chassis_pin"", ""front_bracket"", ""front_bracket_screw""]","[""carried_forward_state""]",carried_forward_state,carried_forward_state,11110111100,[],002377.jpg,
10_assy_0_1,2378,11110111100,0.97,"[[""11110111100"", 0.97]]","[""base"", ""front_chassis"", ""front_chassis_pin"", ""rear_chassis"", ""front_rear_chassis_pin"", ""rear_rear_chassis_pin"", ""front_bracket"", ""front_bracket_screw""]","[""carried_forward_state""]",carried_forward_state,carried_forward_state,11110111100,[],002378.jpg,
10_assy_0_1,2379,11110111100,0.97,"[[""11110111100"", 0.97]]","[""base"", ""front_chassis"", ""front_chassis_pin"", ""rear_chassis"", ""front_rear_chassis_pin"", ""rear_rear_chassis_pin"", ""front_bracket"", ""front_bracket_screw""]","[""carried_forward_state""]",carried_forward_state,carried_forward_state,11110111100,[],002379.jpg,
10_assy_0_1,2380,11110111100,0.97,"[[""11110111100"", 0.97]]","[""base"", ""front_chassis"", ""front_chassis_pin"", ""rear_chassis"", ""front_rear_chassis_pin"", ""rear_rear_chassis_pin"", ""front_bracket"", ""front_bracket_screw""]","[""carried_forward_state""]",carried_forward_state,carried_forward_state,11110111100,[],002380.jpg,
10_assy_0_1,2381,11110111100,0.97,"[[""11110111100"", 0.97]]","[""base"", ""front_chassis"", ""front_chassis_pin"", ""rear_chassis"", ""front_rear_chassis_pin"", ""rear_rear_chassis_pin"", ""front_bracket"", ""front_bracket_screw""]","[""carried_forward_state""]",carried_forward_state,carried_forward_state,11110111100,[],002381.jpg,
10_assy_0_1,2382,11110111100,0.97,"[[""11110111100"", 0.97]]","[""base"", ""front_chassis"", ""front_chassis_pin"", ""rear_chassis"", ""front_rear_chassis_pin"", ""rear_rear_chassis_pin"", ""front_bracket"", ""front_bracket_screw""]","[""carried_forward_state""]",carried_forward_state,carried_forward_state,11110111100,[],002382.jpg,
10_assy_0_1,2383,11110111100,0.97,"[[""11110111100"", 0.97]]","[""base"", ""front_chassis"", ""front_chassis_pin"", ""rear_chassis"", ""front_rear_chassis_pin"", ""rear_rear_chassis_pin"", ""front_bracket"", ""front_bracket_screw""]","[""carried_forward_state""]",carried_forward_state,carried_forward_state,11110111100,[],002383.jpg,
10_assy_0_1,2384,11110111100,0.97,"[[""11110111100"", 0.97]]","[""base"", ""front_chassis"", ""front_chassis_pin"", ""rear_chassis"", ""front_rear_chassis_pin"", ""rear_rear_chassis_pin"", ""front_bracket"", ""front_bracket_screw""]","[""carried_forward_state""]",carried_forward_state,carried_forward_state,11110111100,[],002384.jpg,
10_assy_0_1,2385,11110111100,0.97,"[[""11110111100"", 0.97]]","[""base"", ""front_chassis"", ""front_chassis_pin"", ""rear_chassis"", ""front_rear_chassis_pin"", ""rear_rear_chassis_pin"", ""front_bracket"", ""front_bracket_screw""]","[""carried_forward_state""]",carried_forward_state,carried_forward_state,11110111100,[],002385.jpg,
10_assy_0_1,2386,11110111100,0.97,"[[""11110111100"", 0.97]]","[""base"", ""front_chassis"", ""front_chassis_pin"", ""rear_chassis"", ""front_rear_chassis_pin"", ""rear_rear_chassis_pin"", ""front_bracket"", ""front_bracket_screw""]","[""carried_forward_state""]",carried_forward_state,carried_forward_state,11110111100,[],002386.jpg,
10_assy_0_1,2387,11110111100,0.97,"[[""11110111100"", 0.97]]","[""base"", ""front_chassis"", ""front_chassis_pin"", ""rear_chassis"", ""front_rear_chassis_pin"", ""rear_rear_chassis_pin"", ""front_bracket"", ""front_bracket_screw""]","[""carried_forward_state""]",carried_forward_state,carried_forward_state,11110111100,[],002387.jpg,
10_assy_0_1,2388,11110111100,0.97,"[[""11110111100"", 0.97]]","[""base"", ""front_chassis"", ""front_chassis_pin"", ""rear_chassis"", ""front_rear_chassis_pin"", ""rear_rear_chassis_pin"", ""front_bracket"", ""front_bracket_screw""]","[""carried_forward_state""]",carried_forward_state,carried_forward_state,11110111100,[],002388.jpg,
10_assy_0_1,2389,11110111100,0.97,"[[""11110111100"", 0.97]]","[""base"", ""front_chassis"", ""front_chassis_pin"", ""rear_chassis"", ""front_rear_chassis_pin"", ""rear_rear_chassis_pin"", ""front_bracket"", ""front_bracket_screw""]","[""carried_forward_state""]",carried_forward_state,carried_forward_state,11110111100,[],002389.jpg,
10_assy_0_1,2390,11110111100,0.97,"[[""11110111100"", 0.97]]","[""base"", ""front_chassis"", ""front_chassis_pin"", ""rear_chassis"", ""front_rear_chassis_pin"", ""rear_rear_chassis_pin"", ""front_bracket"", ""front_bracket_screw""]","[""carried_forward_state""]",carried_forward_state,carried_forward_state,11110111100,[],002390.jpg,
10_assy_0_1,2391,11110111100,0.97,"[[""11110111100"", 0.97]]","[""base"", ""front_chassis"", ""front_chassis_pin"", ""rear_chassis"", ""front_rear_chassis_pin"", ""rear_rear_chassis_pin"", ""front_bracket"", ""front_bracket_screw""]","[""carried_forward_state""]",carried_forward_state,carried_forward_state,11110111100,[],002391.jpg,
10_assy_0_1,2392,11110111100,0.97,"[[""11110111100"", 0.97]]","[""base"", ""front_chassis"", ""front_chassis_pin"", ""rear_chassis"", ""front_rear_chassis_pin"", ""rear_rear_chassis_pin"", ""front_bracket"", ""front_bracket_screw""]","[""carried_forward_state""]",carried_forward_state,carried_forward_state,11110111100,[],002392.jpg,
10_assy_0_1,2393,11110111100,0.97,"[[""11110111100"", 0.97]]","[""base"", ""front_chassis"", ""front_chassis_pin"", ""rear_chassis"", ""front_rear_chassis_pin"", ""rear_rear_chassis_pin"", ""front_bracket"", ""front_bracket_screw""]","[""carried_forward_state""]",carried_forward_state,carried_forward_state,11110111100,[],002393.jpg,
10_assy_0_1,2394,11110111100,0.97,"[[""11110111100"", 0.97]]","[""base"", ""front_chassis"", ""front_chassis_pin"", ""rear_chassis"", ""front_rear_chassis_pin"", ""rear_rear_chassis_pin"", ""front_bracket"", ""front_bracket_screw""]","[""carried_forward_state""]",carried_forward_state,carried_forward_state,11110111100,[],002394.jpg,
10_assy_0_1,2395,11110111100,0.97,"[[""11110111100"", 0.97]]","[""base"", ""front_chassis"", ""front_chassis_pin"", ""rear_chassis"", ""front_rear_chassis_pin"", ""rear_rear_chassis_pin"", ""front_bracket"", ""front_bracket_screw""]","[""carried_forward_state""]",carried_forward_state,carried_forward_state,11110111100,[],002395.jpg,
10_assy_0_1,2396,11110111100,0.97,"[[""11110111100"", 0.97]]","[""base"", ""front_chassis"", ""front_chassis_pin"", ""rear_chassis"", ""front_rear_chassis_pin"", ""rear_rear_chassis_pin"", ""front_bracket"", ""front_bracket_screw""]","[""carried_forward_state""]",carried_forward_state,carried_forward_state,11110111100,[],002396.jpg,
10_assy_0_1,2397,11110111100,0.97,"[[""11110111100"", 0.97]]","[""base"", ""front_chassis"", ""front_chassis_pin"", ""rear_chassis"", ""front_rear_chassis_pin"", ""rear_rear_chassis_pin"", ""front_bracket"", ""front_bracket_screw""]","[""carried_forward_state""]",carried_forward_state,carried_forward_state,11110111100,[],002397.jpg,
10_assy_0_1,2398,11110111100,0.97,"[[""11110111100"", 0.97]]","[""base"", ""front_chassis"", ""front_chassis_pin"", ""rear_chassis"", ""front_rear_chassis_pin"", ""rear_rear_chassis_pin"", ""front_bracket"", ""front_bracket_screw""]","[""carried_forward_state""]",carried_forward_state,carried_forward_state,11110111100,[],002398.jpg,
10_assy_0_1,2399,11110111100,0.97,"[[""11110111100"", 0.97]]","[""base"", ""front_chassis"", ""front_chassis_pin"", ""rear_chassis"", ""front_rear_chassis_pin"", ""rear_rear_chassis_pin"", ""front_bracket"", ""front_bracket_screw""]","[""carried_forward_state""]",carried_forward_state,carried_forward_state,11110111100,[],002399.jpg,
10_assy_0_1,2400,11110111100,0.97,"[[""11110111100"", 0.97]]","[""base"", ""front_chassis"", ""front_chassis_pin"", ""rear_chassis"", ""front_rear_chassis_pin"", ""rear_rear_chassis_pin"", ""front_bracket"", ""front_bracket_screw""]","[""carried_forward_state""]",carried_forward_state,carried_forward_state,11110111100,[],002400.jpg,
10_assy_0_1,2401,11110111100,0.97,"[[""11110111100"", 0.97]]","[""base"", ""front_chassis"", ""front_chassis_pin"", ""rear_chassis"", ""front_rear_chassis_pin"", ""rear_rear_chassis_pin"", ""front_bracket"", ""front_bracket_screw""]","[""carried_forward_state""]",carried_forward_state,carried_forward_state,11110111100,[],002401.jpg,
10_assy_0_1,2402,11110111100,0.97,"[[""11110111100"", 0.97]]","[""base"", ""front_chassis"", ""front_chassis_pin"", ""rear_chassis"", ""front_rear_chassis_pin"", ""rear_rear_chassis_pin"", ""front_bracket"", ""front_bracket_screw""]","[""carried_forward_state""]",carried_forward_state,carried_forward_state,11110111100,[],002402.jpg,
10_assy_0_1,2403,11110111100,0.97,"[[""11110111100"", 0.97]]","[""base"", ""front_chassis"", ""front_chassis_pin"", ""rear_chassis"", ""front_rear_chassis_pin"", ""rear_rear_chassis_pin"", ""front_bracket"", ""front_bracket_screw""]","[""carried_forward_state""]",carried_forward_state,carried_forward_state,11110111100,[],002403.jpg,
10_assy_0_1,2404,11110111100,0.97,"[[""11110111100"", 0.97]]","[""base"", ""front_chassis"", ""front_chassis_pin"", ""rear_chassis"", ""front_rear_chassis_pin"", ""rear_rear_chassis_pin"", ""front_bracket"", ""front_bracket_screw""]","[""carried_forward_state""]",carried_forward_state,carried_forward_state,11110111100,[],002404.jpg,
10_assy_0_1,2405,11110111100,0.97,"[[""11110111100"", 0.97]]","[""base"", ""front_chassis"", ""front_chassis_pin"", ""rear_chassis"", ""front_rear_chassis_pin"", ""rear_rear_chassis_pin"", ""front_bracket"", ""front_bracket_screw""]","[""carried_forward_state""]",carried_forward_state,carried_forward_state,11110111100,[],002405.jpg,
10_assy_0_1,2406,11110111100,0.97,"[[""11110111100"", 0.97]]","[""base"", ""front_chassis"", ""front_chassis_pin"", ""rear_chassis"", ""front_rear_chassis_pin"", ""rear_rear_chassis_pin"", ""front_bracket"", ""front_bracket_screw""]","[""carried_forward_state""]",carried_forward_state,carried_forward_state,11110111100,[],002406.jpg,
10_assy_0_1,2407,11110111100,0.97,"[[""11110111100"", 0.97]]","[""base"", ""front_chassis"", ""front_chassis_pin"", ""rear_chassis"", ""front_rear_chassis_pin"", ""rear_rear_chassis_pin"", ""front_bracket"", ""front_bracket_screw""]","[""carried_forward_state""]",carried_forward_state,carried_forward_state,11110111100,[],002407.jpg,
10_assy_0_1,2408,11110111100,0.97,"[[""11110111100"", 0.97]]","[""base"", ""front_chassis"", ""front_chassis_pin"", ""rear_chassis"", ""front_rear_chassis_pin"", ""rear_rear_chassis_pin"", ""front_bracket"", ""front_bracket_screw""]","[""carried_forward_state""]",carried_forward_state,carried_forward_state,11110111100,[],002408.jpg,
10_assy_0_1,2409,11110111100,0.97,"[[""11110111100"", 0.97]]","[""base"", ""front_chassis"", ""front_chassis_pin"", ""rear_chassis"", ""front_rear_chassis_pin"", ""rear_rear_chassis_pin"", ""front_bracket"", ""front_bracket_screw""]","[""carried_forward_state""]",carried_forward_state,carried_forward_state,11110111100,[],002409.jpg,
10_assy_0_1,2410,11110111100,0.97,"[[""11110111100"", 0.97]]","[""base"", ""front_chassis"", ""front_chassis_pin"", ""rear_chassis"", ""front_rear_chassis_pin"", ""rear_rear_chassis_pin"", ""front_bracket"", ""front_bracket_screw""]","[""carried_forward_state""]",carried_forward_state,carried_forward_state,11110111100,[],002410.jpg,
10_assy_0_1,2411,11110111100,0.97,"[[""11110111100"", 0.97]]","[""base"", ""front_chassis"", ""front_chassis_pin"", ""rear_chassis"", ""front_rear_chassis_pin"", ""rear_rear_chassis_pin"", ""front_bracket"", ""front_bracket_screw""]","[""carried_forward_state""]",carried_forward_state,carried_forward_state,11110111100,[],002411.jpg,
10_assy_0_1,2412,11110111100,0.97,"[[""11110111100"", 0.97]]","[""base"", ""front_chassis"", ""front_chassis_pin"", ""rear_chassis"", ""front_rear_chassis_pin"", ""rear_rear_chassis_pin"", ""front_bracket"", ""front_bracket_screw""]","[""carried_forward_state""]",carried_forward_state,carried_forward_state,11110111100,[],002412.jpg,
10_assy_0_1,2413,11110111100,0.97,"[[""11110111100"", 0.97]]","[""base"", ""front_chassis"", ""front_chassis_pin"", ""rear_chassis"", ""front_rear_chassis_pin"", ""rear_rear_chassis_pin"", ""front_bracket"", ""front_bracket_screw""]","[""carried_forward_state""]",carried_forward_state,carried_forward_state,11110111100,[],002413.jpg,
10_assy_0_1,2414,11110111100,0.97,"[[""11110111100"", 0.97]]","[""base"", ""front_chassis"", ""front_chassis_pin"", ""rear_chassis"", ""front_rear_chassis_pin"", ""rear_rear_chassis_pin"", ""front_bracket"", ""front_bracket_screw""]","[""carried_forward_state""]",carried_forward_state,carried_forward_state,11110111100,[],002414.jpg,
10_assy_0_1,2415,11110111100,0.97,"[[""11110111100"", 0.97]]","[""base"", ""front_chassis"", ""front_chassis_pin"", ""rear_chassis"", ""front_rear_chassis_pin"", ""rear_rear_chassis_pin"", ""front_bracket"", ""front_bracket_screw""]","[""carried_forward_state""]",carried_forward_state,carried_forward_state,11110111100,[],002415.jpg,
10_assy_0_1,2416,11110111100,0.97,"[[""11110111100"", 0.97]]","[""base"", ""front_chassis"", ""front_chassis_pin"", ""rear_chassis"", ""front_rear_chassis_pin"", ""rear_rear_chassis_pin"", ""front_bracket"", ""front_bracket_screw""]","[""carried_forward_state""]",carried_forward_state,carried_forward_state,11110111100,[],002416.jpg,
10_assy_0_1,2417,11110111100,0.97,"[[""11110111100"", 0.97]]","[""base"", ""front_chassis"", ""front_chassis_pin"", ""rear_chassis"", ""front_rear_chassis_pin"", ""rear_rear_chassis_pin"", ""front_bracket"", ""front_bracket_screw""]","[""carried_forward_state""]",carried_forward_state,carried_forward_state,11110111100,[],002417.jpg,
10_assy_0_1,2418,11110111100,0.97,"[[""11110111100"", 0.97]]","[""base"", ""front_chassis"", ""front_chassis_pin"", ""rear_chassis"", ""front_rear_chassis_pin"", ""rear_rear_chassis_pin"", ""front_bracket"", ""front_bracket_screw""]","[""carried_forward_state""]",carried_forward_state,carried_forward_state,11110111100,[],002418.jpg,
10_assy_0_1,2419,11110111100,0.97,"[[""11110111100"", 0.97]]","[""base"", ""front_chassis"", ""front_chassis_pin"", ""rear_chassis"", ""front_rear_chassis_pin"", ""rear_rear_chassis_pin"", ""front_bracket"", ""front_bracket_screw""]","[""carried_forward_state""]",carried_forward_state,carried_forward_state,11110111100,[],002419.jpg,
10_assy_0_1,2420,11110111100,0.97,"[[""11110111100"", 0.97]]","[""base"", ""front_chassis"", ""front_chassis_pin"", ""rear_chassis"", ""front_rear_chassis_pin"", ""rear_rear_chassis_pin"", ""front_bracket"", ""front_bracket_screw""]","[""carried_forward_state""]",carried_forward_state,carried_forward_state,11110111100,[],002420.jpg,
10_assy_0_1,2421,11110111100,0.97,"[[""11110111100"", 0.97]]","[""base"", ""front_chassis"", ""front_chassis_pin"", ""rear_chassis"", ""front_rear_chassis_pin"", ""rear_rear_chassis_pin"", ""front_bracket"", ""front_bracket_screw""]","[""carried_forward_state""]",carried_forward_state,carried_forward_state,11110111100,[],002421.jpg,
10_assy_0_1,2422,11110111100,0.97,"[[""11110111100"", 0.97]]","[""base"", ""front_chassis"", ""front_chassis_pin"", ""rear_chassis"", ""front_rear_chassis_pin"", ""rear_rear_chassis_pin"", ""front_bracket"", ""front_bracket_screw""]","[""carried_forward_state""]",carried_forward_state,carried_forward_state,11110111100,[],002422.jpg,
10_assy_0_1,2423,11110111100,0.97,"[[""11110111100"", 0.97]]","[""base"", ""front_chassis"", ""front_chassis_pin"", ""rear_chassis"", ""front_rear_chassis_pin"", ""rear_rear_chassis_pin"", ""front_bracket"", ""front_bracket_screw""]","[""carried_forward_state""]",carried_forward_state,carried_forward_state,11110111100,[],002423.jpg,
10_assy_0_1,2424,11110111100,0.97,"[[""11110111100"", 0.97]]","[""base"", ""front_chassis"", ""front_chassis_pin"", ""rear_chassis"", ""front_rear_chassis_pin"", ""rear_rear_chassis_pin"", ""front_bracket"", ""front_bracket_screw""]","[""carried_forward_state""]",carried_forward_state,carried_forward_state,11110111100,[],002424.jpg,
10_assy_0_1,2425,11110111100,0.97,"[[""11110111100"", 0.97]]","[""base"", ""front_chassis"", ""front_chassis_pin"", ""rear_chassis"", ""front_rear_chassis_pin"", ""rear_rear_chassis_pin"", ""front_bracket"", ""front_bracket_screw""]","[""carried_forward_state""]",carried_forward_state,carried_forward_state,11110111100,[],002425.jpg,
10_assy_0_1,2426,11110111100,0.97,"[[""11110111100"", 0.97]]","[""base"", ""front_chassis"", ""front_chassis_pin"", ""rear_chassis"", ""front_rear_chassis_pin"", ""rear_rear_chassis_pin"", ""front_bracket"", ""front_bracket_screw""]","[""carried_forward_state""]",carried_forward_state,carried_forward_state,11110111100,[],002426.jpg,
10_assy_0_1,2427,11110111100,0.97,"[[""11110111100"", 0.97]]","[""base"", ""front_chassis"", ""front_chassis_pin"", ""rear_chassis"", ""front_rear_chassis_pin"", ""rear_rear_chassis_pin"", ""front_bracket"", ""front_bracket_screw""]","[""carried_forward_state""]",carried_forward_state,carried_forward_state,11110111100,[],002427.jpg,
10_assy_0_1,2428,11110111100,0.97,"[[""11110111100"", 0.97]]","[""base"", ""front_chassis"", ""front_chassis_pin"", ""rear_chassis"", ""front_rear_chassis_pin"", ""rear_rear_chassis_pin"", ""front_bracket"", ""front_bracket_screw""]","[""carried_forward_state""]",carried_forward_state,carried_forward_state,11110111100,[],002428.jpg,
10_assy_0_1,2429,11110111100,0.97,"[[""11110111100"", 0.97]]","[""base"", ""front_chassis"", ""front_chassis_pin"", ""rear_chassis"", ""front_rear_chassis_pin"", ""rear_rear_chassis_pin"", ""front_bracket"", ""front_bracket_screw""]","[""carried_forward_state""]",carried_forward_state,carried_forward_state,11110111100,[],002429.jpg,
10_assy_0_1,2430,11110111100,0.97,"[[""11110111100"", 0.97]]","[""base"", ""front_chassis"", ""front_chassis_pin"", ""rear_chassis"", ""front_rear_chassis_pin"", ""rear_rear_chassis_pin"", ""front_bracket"", ""front_bracket_screw""]","[""carried_forward_state""]",carried_forward_state,carried_forward_state,11110111100,[],002430.jpg,
10_assy_0_1,2431,11110111100,0.97,"[[""11110111100"", 0.97]]","[""base"", ""front_chassis"", ""front_chassis_pin"", ""rear_chassis"", ""front_rear_chassis_pin"", ""rear_rear_chassis_pin"", ""front_bracket"", ""front_bracket_screw""]","[""carried_forward_state""]",carried_forward_state,carried_forward_state,11110111100,[],002431.jpg,
10_assy_0_1,2432,11110111100,0.97,"[[""11110111100"", 0.97]]","[""base"", ""front_chassis"", ""front_chassis_pin"", ""rear_chassis"", ""front_rear_chassis_pin"", ""rear_rear_chassis_pin"", ""front_bracket"", ""front_bracket_screw""]","[""carried_forward_state""]",carried_forward_state,carried_forward_state,11110111100,[],002432.jpg,
10_assy_0_1,2433,11110111100,0.97,"[[""11110111100"", 0.97]]","[""base"", ""front_chassis"", ""front_chassis_pin"", ""rear_chassis"", ""front_rear_chassis_pin"", ""rear_rear_chassis_pin"", ""front_bracket"", ""front_bracket_screw""]","[""carried_forward_state""]",carried_forward_state,carried_forward_state,11110111100,[],002433.jpg,
10_assy_0_1,2434,11110111100,0.97,"[[""11110111100"", 0.97]]","[""base"", ""front_chassis"", ""front_chassis_pin"", ""rear_chassis"", ""front_rear_chassis_pin"", ""rear_rear_chassis_pin"", ""front_bracket"", ""front_bracket_screw""]","[""carried_forward_state""]",carried_forward_state,carried_forward_state,11110111100,[],002434.jpg,
10_assy_0_1,2435,11110111100,0.97,"[[""11110111100"", 0.97]]","[""base"", ""front_chassis"", ""front_chassis_pin"", ""rear_chassis"", ""front_rear_chassis_pin"", ""rear_rear_chassis_pin"", ""front_bracket"", ""front_bracket_screw""]","[""carried_forward_state""]",carried_forward_state,carried_forward_state,11110111100,[],002435.jpg,
10_assy_0_1,2436,11110111100,0.97,"[[""11110111100"", 0.97]]","[""base"", ""front_chassis"", ""front_chassis_pin"", ""rear_chassis"", ""front_rear_chassis_pin"", ""rear_rear_chassis_pin"", ""front_bracket"", ""front_bracket_screw""]","[""carried_forward_state""]",carried_forward_state,carried_forward_state,11110111100,[],002436.jpg,
10_assy_0_1,2437,11110111100,0.97,"[[""11110111100"", 0.97]]","[""base"", ""front_chassis"", ""front_chassis_pin"", ""rear_chassis"", ""front_rear_chassis_pin"", ""rear_rear_chassis_pin"", ""front_bracket"", ""front_bracket_screw""]","[""carried_forward_state""]",carried_forward_state,carried_forward_state,11110111100,[],002437.jpg,
10_assy_0_1,2438,11110111100,0.97,"[[""11110111100"", 0.97]]","[""base"", ""front_chassis"", ""front_chassis_pin"", ""rear_chassis"", ""front_rear_chassis_pin"", ""rear_rear_chassis_pin"", ""front_bracket"", ""front_bracket_screw""]","[""carried_forward_state""]",carried_forward_state,carried_forward_state,11110111100,[],002438.jpg,
10_assy_0_1,2439,11110111100,0.97,"[[""11110111100"", 0.97]]","[""base"", ""front_chassis"", ""front_chassis_pin"", ""rear_chassis"", ""front_rear_chassis_pin"", ""rear_rear_chassis_pin"", ""front_bracket"", ""front_bracket_screw""]","[""carried_forward_state""]",carried_forward_state,carried_forward_state,11110111100,[],002439.jpg,
10_assy_0_1,2440,11110111100,0.97,"[[""11110111100"", 0.97]]","[""base"", ""front_chassis"", ""front_chassis_pin"", ""rear_chassis"", ""front_rear_chassis_pin"", ""rear_rear_chassis_pin"", ""front_bracket"", ""front_bracket_screw""]","[""carried_forward_state""]",carried_forward_state,carried_forward_state,11110111100,[],002440.jpg,
10_assy_0_1,2441,11110111100,0.97,"[[""11110111100"", 0.97]]","[""base"", ""front_chassis"", ""front_chassis_pin"", ""rear_chassis"", ""front_rear_chassis_pin"", ""rear_rear_chassis_pin"", ""front_bracket"", ""front_bracket_screw""]","[""carried_forward_state""]",carried_forward_state,carried_forward_state,11110111100,[],002441.jpg,
10_assy_0_1,2442,11110111100,0.97,"[[""11110111100"", 0.97]]","[""base"", ""front_chassis"", ""front_chassis_pin"", ""rear_chassis"", ""front_rear_chassis_pin"", ""rear_rear_chassis_pin"", ""front_bracket"", ""front_bracket_screw""]","[""carried_forward_state""]",carried_forward_state,carried_forward_state,11110111100,[],002442.jpg,
10_assy_0_1,2443,11110111100,0.97,"[[""11110111100"", 0.97]]","[""base"", ""front_chassis"", ""front_chassis_pin"", ""rear_chassis"", ""front_rear_chassis_pin"", ""rear_rear_chassis_pin"", ""front_bracket"", ""front_bracket_screw""]","[""carried_forward_state""]",carried_forward_state,carried_forward_state,11110111100,[],002443.jpg,
10_assy_0_1,2444,11110111100,0.97,"[[""11110111100"", 0.97]]","[""base"", ""front_chassis"", ""front_chassis_pin"", ""rear_chassis"", ""front_rear_chassis_pin"", ""rear_rear_chassis_pin"", ""front_bracket"", ""front_bracket_screw""]","[""carried_forward_state""]",carried_forward_state,carried_forward_state,11110111100,[],002444.jpg,
10_assy_0_1,2445,11110111100,0.97,"[[""11110111100"", 0.97]]","[""base"", ""front_chassis"", ""front_chassis_pin"", ""rear_chassis"", ""front_rear_chassis_pin"", ""rear_rear_chassis_pin"", ""front_bracket"", ""front_bracket_screw""]","[""carried_forward_state""]",carried_forward_state,carried_forward_state,11110111100,[],002445.jpg,
10_assy_0_1,2446,11110111100,0.97,"[[""11110111100"", 0.97]]","[""base"", ""front_chassis"", ""front_chassis_pin"", ""rear_chassis"", ""front_rear_chassis_pin"", ""rear_rear_chassis_pin"", ""front_bracket"", ""front_bracket_screw""]","[""carried_forward_state""]",carried_forward_state,carried_forward_state,11110111100,[],002446.jpg,
10_assy_0_1,2447,11110111100,0.97,"[[""11110111100"", 0.97]]","[""base"", ""front_chassis"", ""front_chassis_pin"", ""rear_chassis"", ""front_rear_chassis_pin"", ""rear_rear_chassis_pin"", ""front_bracket"", ""front_bracket_screw""]","[""carried_forward_state""]",carried_forward_state,carried_forward_state,11110111100,[],002447.jpg,
10_assy_0_1,2448,11110111100,0.97,"[[""11110111100"", 0.97]]","[""base"", ""front_chassis"", ""front_chassis_pin"", ""rear_chassis"", ""front_rear_chassis_pin"", ""rear_rear_chassis_pin"", ""front_bracket"", ""front_bracket_screw""]","[""carried_forward_state""]",carried_forward_state,carried_forward_state,11110111100,[],002448.jpg,
10_assy_0_1,2449,11110111100,0.97,"[[""11110111100"", 0.97]]","[""base"", ""front_chassis"", ""front_chassis_pin"", ""rear_chassis"", ""front_rear_chassis_pin"", ""rear_rear_chassis_pin"", ""front_bracket"", ""front_bracket_screw""]","[""carried_forward_state""]",carried_forward_state,carried_forward_state,11110111100,[],002449.jpg,
10_assy_0_1,2450,11110111100,0.97,"[[""11110111100"", 0.97]]","[""base"", ""front_chassis"", ""front_chassis_pin"", ""rear_chassis"", ""front_rear_chassis_pin"", ""rear_rear_chassis_pin"", ""front_bracket"", ""front_bracket_screw""]","[""carried_forward_state""]",carried_forward_state,carried_forward_state,11110111100,[],002450.jpg,
10_assy_0_1,2451,11110111100,0.97,"[[""11110111100"", 0.97]]","[""base"", ""front_chassis"", ""front_chassis_pin"", ""rear_chassis"", ""front_rear_chassis_pin"", ""rear_rear_chassis_pin"", ""front_bracket"", ""front_bracket_screw""]","[""carried_forward_state""]",carried_forward_state,carried_forward_state,11110111100,[],002451.jpg,
10_assy_0_1,2452,11110111100,0.97,"[[""11110111100"", 0.97]]","[""base"", ""front_chassis"", ""front_chassis_pin"", ""rear_chassis"", ""front_rear_chassis_pin"", ""rear_rear_chassis_pin"", ""front_bracket"", ""front_bracket_screw""]","[""carried_forward_state""]",carried_forward_state,carried_forward_state,11110111100,[],002452.jpg,
10_assy_0_1,2453,11110111100,0.97,"[[""11110111100"", 0.97]]","[""base"", ""front_chassis"", ""front_chassis_pin"", ""rear_chassis"", ""front_rear_chassis_pin"", ""rear_rear_chassis_pin"", ""front_bracket"", ""front_bracket_screw""]","[""carried_forward_state""]",carried_forward_state,carried_forward_state,11110111100,[],002453.jpg,
10_assy_0_1,2454,11110111100,0.97,"[[""11110111100"", 0.97]]","[""base"", ""front_chassis"", ""front_chassis_pin"", ""rear_chassis"", ""front_rear_chassis_pin"", ""rear_rear_chassis_pin"", ""front_bracket"", ""front_bracket_screw""]","[""carried_forward_state""]",carried_forward_state,carried_forward_state,11110111100,[],002454.jpg,
10_assy_0_1,2455,11110111100,0.97,"[[""11110111100"", 0.97]]","[""base"", ""front_chassis"", ""front_chassis_pin"", ""rear_chassis"", ""front_rear_chassis_pin"", ""rear_rear_chassis_pin"", ""front_bracket"", ""front_bracket_screw""]","[""carried_forward_state""]",carried_forward_state,carried_forward_state,11110111100,[],002455.jpg,
10_assy_0_1,2456,11110111100,0.97,"[[""11110111100"", 0.97]]","[""base"", ""front_chassis"", ""front_chassis_pin"", ""rear_chassis"", ""front_rear_chassis_pin"", ""rear_rear_chassis_pin"", ""front_bracket"", ""front_bracket_screw""]","[""carried_forward_state""]",carried_forward_state,carried_forward_state,11110111100,[],002456.jpg,
10_assy_0_1,2457,11110111100,0.97,"[[""11110111100"", 0.97]]","[""base"", ""front_chassis"", ""front_chassis_pin"", ""rear_chassis"", ""front_rear_chassis_pin"", ""rear_rear_chassis_pin"", ""front_bracket"", ""front_bracket_screw""]","[""carried_forward_state""]",carried_forward_state,carried_forward_state,11110111100,[],002457.jpg,
10_assy_0_1,2458,11110111100,0.97,"[[""11110111100"", 0.97]]","[""base"", ""front_chassis"", ""front_chassis_pin"", ""rear_chassis"", ""front_rear_chassis_pin"", ""rear_rear_chassis_pin"", ""front_bracket"", ""front_bracket_screw""]","[""carried_forward_state""]",carried_forward_state,carried_forward_state,11110111100,[],002458.jpg,
10_assy_0_1,2459,11110111100,0.97,"[[""11110111100"", 0.97]]","[""base"", ""front_chassis"", ""front_chassis_pin"", ""rear_chassis"", ""front_rear_chassis_pin"", ""rear_rear_chassis_pin"", ""front_bracket"", ""front_bracket_screw""]","[""carried_forward_state""]",carried_forward_state,carried_forward_state,11110111100,[],002459.jpg,
10_assy_0_1,2460,11110111100,0.97,"[[""11110111100"", 0.97]]","[""base"", ""front_chassis"", ""front_chassis_pin"", ""rear_chassis"", ""front_rear_chassis_pin"", ""rear_rear_chassis_pin"", ""front_bracket"", ""front_bracket_screw""]","[""carried_forward_state""]",carried_forward_state,carried_forward_state,11110111100,[],002460.jpg,
10_assy_0_1,2461,11110111100,0.97,"[[""11110111100"", 0.97]]","[""base"", ""front_chassis"", ""front_chassis_pin"", ""rear_chassis"", ""front_rear_chassis_pin"", ""rear_rear_chassis_pin"", ""front_bracket"", ""front_bracket_screw""]","[""carried_forward_state""]",carried_forward_state,carried_forward_state,11110111100,[],002461.jpg,
10_assy_0_1,2462,11110111100,0.97,"[[""11110111100"", 0.97]]","[""base"", ""front_chassis"", ""front_chassis_pin"", ""rear_chassis"", ""front_rear_chassis_pin"", ""rear_rear_chassis_pin"", ""front_bracket"", ""front_bracket_screw""]","[""carried_forward_state""]",carried_forward_state,carried_forward_state,11110111100,[],002462.jpg,
10_assy_0_1,2463,11110111100,0.97,"[[""11110111100"", 0.97]]","[""base"", ""front_chassis"", ""front_chassis_pin"", ""rear_chassis"", ""front_rear_chassis_pin"", ""rear_rear_chassis_pin"", ""front_bracket"", ""front_bracket_screw""]","[""carried_forward_state""]",carried_forward_state,carried_forward_state,11110111100,[],002463.jpg,
10_assy_0_1,2464,11110111100,0.97,"[[""11110111100"", 0.97]]","[""base"", ""front_chassis"", ""front_chassis_pin"", ""rear_chassis"", ""front_rear_chassis_pin"", ""rear_rear_chassis_pin"", ""front_bracket"", ""front_bracket_screw""]","[""carried_forward_state""]",carried_forward_state,carried_forward_state,11110111100,[],002464.jpg,
10_assy_0_1,2465,11110111100,0.97,"[[""11110111100"", 0.97]]","[""base"", ""front_chassis"", ""front_chassis_pin"", ""rear_chassis"", ""front_rear_chassis_pin"", ""rear_rear_chassis_pin"", ""front_bracket"", ""front_bracket_screw""]","[""carried_forward_state""]",carried_forward_state,carried_forward_state,11110111100,[],002465.jpg,
10_assy_0_1,2466,11110111100,0.97,"[[""11110111100"", 0.97]]","[""base"", ""front_chassis"", ""front_chassis_pin"", ""rear_chassis"", ""front_rear_chassis_pin"", ""rear_rear_chassis_pin"", ""front_bracket"", ""front_bracket_screw""]","[""carried_forward_state""]",carried_forward_state,carried_forward_state,11110111100,[],002466.jpg,
10_assy_0_1,2467,11110111100,0.97,"[[""11110111100"", 0.97]]","[""base"", ""front_chassis"", ""front_chassis_pin"", ""rear_chassis"", ""front_rear_chassis_pin"", ""rear_rear_chassis_pin"", ""front_bracket"", ""front_bracket_screw""]","[""carried_forward_state""]",carried_forward_state,carried_forward_state,11110111100,[],002467.jpg,
10_assy_0_1,2468,11110111100,0.97,"[[""11110111100"", 0.97]]","[""base"", ""front_chassis"", ""front_chassis_pin"", ""rear_chassis"", ""front_rear_chassis_pin"", ""rear_rear_chassis_pin"", ""front_bracket"", ""front_bracket_screw""]","[""carried_forward_state""]",carried_forward_state,carried_forward_state,11110111100,[],002468.jpg,
10_assy_0_1,2469,11110111100,0.97,"[[""11110111100"", 0.97]]","[""base"", ""front_chassis"", ""front_chassis_pin"", ""rear_chassis"", ""front_rear_chassis_pin"", ""rear_rear_chassis_pin"", ""front_bracket"", ""front_bracket_screw""]","[""carried_forward_state""]",carried_forward_state,carried_forward_state,11110111100,[],002469.jpg,
10_assy_0_1,2470,11110111100,0.97,"[[""11110111100"", 0.97]]","[""base"", ""front_chassis"", ""front_chassis_pin"", ""rear_chassis"", ""front_rear_chassis_pin"", ""rear_rear_chassis_pin"", ""front_bracket"", ""front_bracket_screw""]","[""carried_forward_state""]",carried_forward_state,carried_forward_state,11110111100,[],002470.jpg,
10_assy_0_1,2471,11110111100,0.97,"[[""11110111100"", 0.97]]","[""base"", ""front_chassis"", ""front_chassis_pin"", ""rear_chassis"", ""front_rear_chassis_pin"", ""rear_rear_chassis_pin"", ""front_bracket"", ""front_bracket_screw""]","[""carried_forward_state""]",carried_forward_state,carried_forward_state,11110111100,[],002471.jpg,
10_assy_0_1,2472,11110111100,0.97,"[[""11110111100"", 0.97]]","[""base"", ""front_chassis"", ""front_chassis_pin"", ""rear_chassis"", ""front_rear_chassis_pin"", ""rear_rear_chassis_pin"", ""front_bracket"", ""front_bracket_screw""]","[""carried_forward_state""]",carried_forward_state,carried_forward_state,11110111100,[],002472.jpg,
10_assy_0_1,2473,11110111100,0.97,"[[""11110111100"", 0.97]]","[""base"", ""front_chassis"", ""front_chassis_pin"", ""rear_chassis"", ""front_rear_chassis_pin"", ""rear_rear_chassis_pin"", ""front_bracket"", ""front_bracket_screw""]","[""carried_forward_state""]",carried_forward_state,carried_forward_state,11110111100,[],002473.jpg,
10_assy_0_1,2474,11110111100,0.97,"[[""11110111100"", 0.97]]","[""base"", ""front_chassis"", ""front_chassis_pin"", ""rear_chassis"", ""front_rear_chassis_pin"", ""rear_rear_chassis_pin"", ""front_bracket"", ""front_bracket_screw""]","[""carried_forward_state""]",carried_forward_state,carried_forward_state,11110111100,[],002474.jpg,
10_assy_0_1,2475,11110111100,0.97,"[[""11110111100"", 0.97]]","[""base"", ""front_chassis"", ""front_chassis_pin"", ""rear_chassis"", ""front_rear_chassis_pin"", ""rear_rear_chassis_pin"", ""front_bracket"", ""front_bracket_screw""]","[""carried_forward_state""]",carried_forward_state,carried_forward_state,11110111100,[],002475.jpg,
10_assy_0_1,2476,11110111100,0.97,"[[""11110111100"", 0.97]]","[""base"", ""front_chassis"", ""front_chassis_pin"", ""rear_chassis"", ""front_rear_chassis_pin"", ""rear_rear_chassis_pin"", ""front_bracket"", ""front_bracket_screw""]","[""carried_forward_state""]",carried_forward_state,carried_forward_state,11110111100,[],002476.jpg,
10_assy_0_1,2477,11110111100,0.97,"[[""11110111100"", 0.97]]","[""base"", ""front_chassis"", ""front_chassis_pin"", ""rear_chassis"", ""front_rear_chassis_pin"", ""rear_rear_chassis_pin"", ""front_bracket"", ""front_bracket_screw""]","[""carried_forward_state""]",carried_forward_state,carried_forward_state,11110111100,[],002477.jpg,
10_assy_0_1,2478,11110111100,0.97,"[[""11110111100"", 0.97]]","[""base"", ""front_chassis"", ""front_chassis_pin"", ""rear_chassis"", ""front_rear_chassis_pin"", ""rear_rear_chassis_pin"", ""front_bracket"", ""front_bracket_screw""]","[""carried_forward_state""]",carried_forward_state,carried_forward_state,11110111100,[],002478.jpg,
10_assy_0_1,2479,11110111100,0.97,"[[""11110111100"", 0.97]]","[""base"", ""front_chassis"", ""front_chassis_pin"", ""rear_chassis"", ""front_rear_chassis_pin"", ""rear_rear_chassis_pin"", ""front_bracket"", ""front_bracket_screw""]","[""carried_forward_state""]",carried_forward_state,carried_forward_state,11110111100,[],002479.jpg,
10_assy_0_1,2480,11110111100,0.97,"[[""11110111100"", 0.97]]","[""base"", ""front_chassis"", ""front_chassis_pin"", ""rear_chassis"", ""front_rear_chassis_pin"", ""rear_rear_chassis_pin"", ""front_bracket"", ""front_bracket_screw""]","[""carried_forward_state""]",carried_forward_state,carried_forward_state,11110111100,[],002480.jpg,
10_assy_0_1,2481,11110111100,0.97,"[[""11110111100"", 0.97]]","[""base"", ""front_chassis"", ""front_chassis_pin"", ""rear_chassis"", ""front_rear_chassis_pin"", ""rear_rear_chassis_pin"", ""front_bracket"", ""front_bracket_screw""]","[""carried_forward_state""]",carried_forward_state,carried_forward_state,11110111100,[],002481.jpg,
10_assy_0_1,2482,11110111100,0.97,"[[""11110111100"", 0.97]]","[""base"", ""front_chassis"", ""front_chassis_pin"", ""rear_chassis"", ""front_rear_chassis_pin"", ""rear_rear_chassis_pin"", ""front_bracket"", ""front_bracket_screw""]","[""carried_forward_state""]",carried_forward_state,carried_forward_state,11110111100,[],002482.jpg,
10_assy_0_1,2483,11110111100,0.97,"[[""11110111100"", 0.97]]","[""base"", ""front_chassis"", ""front_chassis_pin"", ""rear_chassis"", ""front_rear_chassis_pin"", ""rear_rear_chassis_pin"", ""front_bracket"", ""front_bracket_screw""]","[""carried_forward_state""]",carried_forward_state,carried_forward_state,11110111100,[],002483.jpg,
10_assy_0_1,2484,11110111100,0.97,"[[""11110111100"", 0.97]]","[""base"", ""front_chassis"", ""front_chassis_pin"", ""rear_chassis"", ""front_rear_chassis_pin"", ""rear_rear_chassis_pin"", ""front_bracket"", ""front_bracket_screw""]","[""carried_forward_state""]",carried_forward_state,carried_forward_state,11110111100,[],002484.jpg,
10_assy_0_1,2485,11110111100,0.97,"[[""11110111100"", 0.97]]","[""base"", ""front_chassis"", ""front_chassis_pin"", ""rear_chassis"", ""front_rear_chassis_pin"", ""rear_rear_chassis_pin"", ""front_bracket"", ""front_bracket_screw""]","[""carried_forward_state""]",carried_forward_state,carried_forward_state,11110111100,[],002485.jpg,
10_assy_0_1,2486,11110111100,0.97,"[[""11110111100"", 0.97]]","[""base"", ""front_chassis"", ""front_chassis_pin"", ""rear_chassis"", ""front_rear_chassis_pin"", ""rear_rear_chassis_pin"", ""front_bracket"", ""front_bracket_screw""]","[""carried_forward_state""]",carried_forward_state,carried_forward_state,11110111100,[],002486.jpg,
10_assy_0_1,2487,11110111100,0.97,"[[""11110111100"", 0.97]]","[""base"", ""front_chassis"", ""front_chassis_pin"", ""rear_chassis"", ""front_rear_chassis_pin"", ""rear_rear_chassis_pin"", ""front_bracket"", ""front_bracket_screw""]","[""carried_forward_state""]",carried_forward_state,carried_forward_state,11110111100,[],002487.jpg,
10_assy_0_1,2488,11110111100,0.97,"[[""11110111100"", 0.97]]","[""base"", ""front_chassis"", ""front_chassis_pin"", ""rear_chassis"", ""front_rear_chassis_pin"", ""rear_rear_chassis_pin"", ""front_bracket"", ""front_bracket_screw""]","[""carried_forward_state""]",carried_forward_state,carried_forward_state,11110111100,[],002488.jpg,
10_assy_0_1,2489,11110111100,0.97,"[[""11110111100"", 0.97]]","[""base"", ""front_chassis"", ""front_chassis_pin"", ""rear_chassis"", ""front_rear_chassis_pin"", ""rear_rear_chassis_pin"", ""front_bracket"", ""front_bracket_screw""]","[""carried_forward_state""]",carried_forward_state,carried_forward_state,11110111100,[],002489.jpg,
10_assy_0_1,2490,11110111100,0.97,"[[""11110111100"", 0.97]]","[""base"", ""front_chassis"", ""front_chassis_pin"", ""rear_chassis"", ""front_rear_chassis_pin"", ""rear_rear_chassis_pin"", ""front_bracket"", ""front_bracket_screw""]","[""carried_forward_state""]",carried_forward_state,carried_forward_state,11110111100,[],002490.jpg,
10_assy_0_1,2491,11110111100,0.97,"[[""11110111100"", 0.97]]","[""base"", ""front_chassis"", ""front_chassis_pin"", ""rear_chassis"", ""front_rear_chassis_pin"", ""rear_rear_chassis_pin"", ""front_bracket"", ""front_bracket_screw""]","[""carried_forward_state""]",carried_forward_state,carried_forward_state,11110111100,[],002491.jpg,
10_assy_0_1,2492,11110111100,0.97,"[[""11110111100"", 0.97]]","[""base"", ""front_chassis"", ""front_chassis_pin"", ""rear_chassis"", ""front_rear_chassis_pin"", ""rear_rear_chassis_pin"", ""front_bracket"", ""front_bracket_screw""]","[""carried_forward_state""]",carried_forward_state,carried_forward_state,11110111100,[],002492.jpg,
10_assy_0_1,2493,11110111100,0.97,"[[""11110111100"", 0.97]]","[""base"", ""front_chassis"", ""front_chassis_pin"", ""rear_chassis"", ""front_rear_chassis_pin"", ""rear_rear_chassis_pin"", ""front_bracket"", ""front_bracket_screw""]","[""carried_forward_state""]",carried_forward_state,carried_forward_state,11110111100,[],002493.jpg,
10_assy_0_1,2494,11110111100,0.97,"[[""11110111100"", 0.97]]","[""base"", ""front_chassis"", ""front_chassis_pin"", ""rear_chassis"", ""front_rear_chassis_pin"", ""rear_rear_chassis_pin"", ""front_bracket"", ""front_bracket_screw""]","[""carried_forward_state""]",carried_forward_state,carried_forward_state,11110111100,[],002494.jpg,
10_assy_0_1,2495,11110111100,0.97,"[[""11110111100"", 0.97]]","[""base"", ""front_chassis"", ""front_chassis_pin"", ""rear_chassis"", ""front_rear_chassis_pin"", ""rear_rear_chassis_pin"", ""front_bracket"", ""front_bracket_screw""]","[""carried_forward_state""]",carried_forward_state,carried_forward_state,11110111100,[],002495.jpg,
10_assy_0_1,2496,11110111100,0.97,"[[""11110111100"", 0.97]]","[""base"", ""front_chassis"", ""front_chassis_pin"", ""rear_chassis"", ""front_rear_chassis_pin"", ""rear_rear_chassis_pin"", ""front_bracket"", ""front_bracket_screw""]","[""carried_forward_state""]",carried_forward_state,carried_forward_state,11110111100,[],002496.jpg,
10_assy_0_1,2497,11110111100,0.97,"[[""11110111100"", 0.97]]","[""base"", ""front_chassis"", ""front_chassis_pin"", ""rear_chassis"", ""front_rear_chassis_pin"", ""rear_rear_chassis_pin"", ""front_bracket"", ""front_bracket_screw""]","[""carried_forward_state""]",carried_forward_state,carried_forward_state,11110111100,[],002497.jpg,
10_assy_0_1,2498,11110111100,0.97,"[[""11110111100"", 0.97]]","[""base"", ""front_chassis"", ""front_chassis_pin"", ""rear_chassis"", ""front_rear_chassis_pin"", ""rear_rear_chassis_pin"", ""front_bracket"", ""front_bracket_screw""]","[""carried_forward_state""]",carried_forward_state,carried_forward_state,11110111100,[],002498.jpg,
10_assy_0_1,2499,11110111100,0.97,"[[""11110111100"", 0.97]]","[""base"", ""front_chassis"", ""front_chassis_pin"", ""rear_chassis"", ""front_rear_chassis_pin"", ""rear_rear_chassis_pin"", ""front_bracket"", ""front_bracket_screw""]","[""carried_forward_state""]",carried_forward_state,carried_forward_state,11110111100,[],002499.jpg,
10_assy_0_1,2500,11110111100,0.97,"[[""11110111100"", 0.97]]","[""base"", ""front_chassis"", ""front_chassis_pin"", ""rear_chassis"", ""front_rear_chassis_pin"", ""rear_rear_chassis_pin"", ""front_bracket"", ""front_bracket_screw""]","[""carried_forward_state""]",carried_forward_state,carried_forward_state,11110111100,[],002500.jpg,
10_assy_0_1,2501,11110111100,0.97,"[[""11110111100"", 0.97]]","[""base"", ""front_chassis"", ""front_chassis_pin"", ""rear_chassis"", ""front_rear_chassis_pin"", ""rear_rear_chassis_pin"", ""front_bracket"", ""front_bracket_screw""]","[""carried_forward_state""]",carried_forward_state,carried_forward_state,11110111100,[],002501.jpg,
10_assy_0_1,2502,11110111100,0.97,"[[""11110111100"", 0.97]]","[""base"", ""front_chassis"", ""front_chassis_pin"", ""rear_chassis"", ""front_rear_chassis_pin"", ""rear_rear_chassis_pin"", ""front_bracket"", ""front_bracket_screw""]","[""carried_forward_state""]",carried_forward_state,carried_forward_state,11110111100,[],002502.jpg,
10_assy_0_1,2503,11110111100,0.97,"[[""11110111100"", 0.97]]","[""base"", ""front_chassis"", ""front_chassis_pin"", ""rear_chassis"", ""front_rear_chassis_pin"", ""rear_rear_chassis_pin"", ""front_bracket"", ""front_bracket_screw""]","[""carried_forward_state""]",carried_forward_state,carried_forward_state,11110111100,[],002503.jpg,
10_assy_0_1,2504,11110111100,0.97,"[[""11110111100"", 0.97]]","[""base"", ""front_chassis"", ""front_chassis_pin"", ""rear_chassis"", ""front_rear_chassis_pin"", ""rear_rear_chassis_pin"", ""front_bracket"", ""front_bracket_screw""]","[""carried_forward_state""]",carried_forward_state,carried_forward_state,11110111100,[],002504.jpg,
10_assy_0_1,2505,11110111100,0.97,"[[""11110111100"", 0.97]]","[""base"", ""front_chassis"", ""front_chassis_pin"", ""rear_chassis"", ""front_rear_chassis_pin"", ""rear_rear_chassis_pin"", ""front_bracket"", ""front_bracket_screw""]","[""carried_forward_state""]",carried_forward_state,carried_forward_state,11110111100,[],002505.jpg,
10_assy_0_1,2506,11110111100,0.97,"[[""11110111100"", 0.97]]","[""base"", ""front_chassis"", ""front_chassis_pin"", ""rear_chassis"", ""front_rear_chassis_pin"", ""rear_rear_chassis_pin"", ""front_bracket"", ""front_bracket_screw""]","[""carried_forward_state""]",carried_forward_state,carried_forward_state,11110111100,[],002506.jpg,
10_assy_0_1,2507,11110111100,0.97,"[[""11110111100"", 0.97]]","[""base"", ""front_chassis"", ""front_chassis_pin"", ""rear_chassis"", ""front_rear_chassis_pin"", ""rear_rear_chassis_pin"", ""front_bracket"", ""front_bracket_screw""]","[""carried_forward_state""]",carried_forward_state,carried_forward_state,11110111100,[],002507.jpg,
10_assy_0_1,2508,11110111100,0.97,"[[""11110111100"", 0.97]]","[""base"", ""front_chassis"", ""front_chassis_pin"", ""rear_chassis"", ""front_rear_chassis_pin"", ""rear_rear_chassis_pin"", ""front_bracket"", ""front_bracket_screw""]","[""carried_forward_state""]",carried_forward_state,carried_forward_state,11110111100,[],002508.jpg,
10_assy_0_1,2509,11110111100,0.97,"[[""11110111100"", 0.97]]","[""base"", ""front_chassis"", ""front_chassis_pin"", ""rear_chassis"", ""front_rear_chassis_pin"", ""rear_rear_chassis_pin"", ""front_bracket"", ""front_bracket_screw""]","[""carried_forward_state""]",carried_forward_state,carried_forward_state,11110111100,[],002509.jpg,
10_assy_0_1,2510,11110111100,0.97,"[[""11110111100"", 0.97]]","[""base"", ""front_chassis"", ""front_chassis_pin"", ""rear_chassis"", ""front_rear_chassis_pin"", ""rear_rear_chassis_pin"", ""front_bracket"", ""front_bracket_screw""]","[""carried_forward_state""]",carried_forward_state,carried_forward_state,11110111100,[],002510.jpg,
10_assy_0_1,2511,11110111100,0.97,"[[""11110111100"", 0.97]]","[""base"", ""front_chassis"", ""front_chassis_pin"", ""rear_chassis"", ""front_rear_chassis_pin"", ""rear_rear_chassis_pin"", ""front_bracket"", ""front_bracket_screw""]","[""carried_forward_state""]",carried_forward_state,carried_forward_state,11110111100,[],002511.jpg,
10_assy_0_1,2512,11110111100,0.97,"[[""11110111100"", 0.97]]","[""base"", ""front_chassis"", ""front_chassis_pin"", ""rear_chassis"", ""front_rear_chassis_pin"", ""rear_rear_chassis_pin"", ""front_bracket"", ""front_bracket_screw""]","[""carried_forward_state""]",carried_forward_state,carried_forward_state,11110111100,[],002512.jpg,
10_assy_0_1,2513,11110111100,0.97,"[[""11110111100"", 0.97]]","[""base"", ""front_chassis"", ""front_chassis_pin"", ""rear_chassis"", ""front_rear_chassis_pin"", ""rear_rear_chassis_pin"", ""front_bracket"", ""front_bracket_screw""]","[""carried_forward_state""]",carried_forward_state,carried_forward_state,11110111100,[],002513.jpg,
10_assy_0_1,2514,11110111100,0.97,"[[""11110111100"", 0.97]]","[""base"", ""front_chassis"", ""front_chassis_pin"", ""rear_chassis"", ""front_rear_chassis_pin"", ""rear_rear_chassis_pin"", ""front_bracket"", ""front_bracket_screw""]","[""carried_forward_state""]",carried_forward_state,carried_forward_state,11110111100,[],002514.jpg,
10_assy_0_1,2515,11110111100,0.97,"[[""11110111100"", 0.97]]","[""base"", ""front_chassis"", ""front_chassis_pin"", ""rear_chassis"", ""front_rear_chassis_pin"", ""rear_rear_chassis_pin"", ""front_bracket"", ""front_bracket_screw""]","[""carried_forward_state""]",carried_forward_state,carried_forward_state,11110111100,[],002515.jpg,
10_assy_0_1,2516,11110111100,0.97,"[[""11110111100"", 0.97]]","[""base"", ""front_chassis"", ""front_chassis_pin"", ""rear_chassis"", ""front_rear_chassis_pin"", ""rear_rear_chassis_pin"", ""front_bracket"", ""front_bracket_screw""]","[""carried_forward_state""]",carried_forward_state,carried_forward_state,11110111100,[],002516.jpg,
10_assy_0_1,2517,11110111100,0.97,"[[""11110111100"", 0.97]]","[""base"", ""front_chassis"", ""front_chassis_pin"", ""rear_chassis"", ""front_rear_chassis_pin"", ""rear_rear_chassis_pin"", ""front_bracket"", ""front_bracket_screw""]","[""carried_forward_state""]",carried_forward_state,carried_forward_state,11110111100,[],002517.jpg,
10_assy_0_1,2518,11110111100,0.97,"[[""11110111100"", 0.97]]","[""base"", ""front_chassis"", ""front_chassis_pin"", ""rear_chassis"", ""front_rear_chassis_pin"", ""rear_rear_chassis_pin"", ""front_bracket"", ""front_bracket_screw""]","[""carried_forward_state""]",carried_forward_state,carried_forward_state,11110111100,[],002518.jpg,
10_assy_0_1,2519,11110111100,0.97,"[[""11110111100"", 0.97]]","[""base"", ""front_chassis"", ""front_chassis_pin"", ""rear_chassis"", ""front_rear_chassis_pin"", ""rear_rear_chassis_pin"", ""front_bracket"", ""front_bracket_screw""]","[""carried_forward_state""]",carried_forward_state,carried_forward_state,11110111100,[],002519.jpg,
10_assy_0_1,2520,11110111100,0.97,"[[""11110111100"", 0.97]]","[""base"", ""front_chassis"", ""front_chassis_pin"", ""rear_chassis"", ""front_rear_chassis_pin"", ""rear_rear_chassis_pin"", ""front_bracket"", ""front_bracket_screw""]","[""carried_forward_state""]",carried_forward_state,carried_forward_state,11110111100,[],002520.jpg,
10_assy_0_1,2521,11110111100,0.97,"[[""11110111100"", 0.97]]","[""base"", ""front_chassis"", ""front_chassis_pin"", ""rear_chassis"", ""front_rear_chassis_pin"", ""rear_rear_chassis_pin"", ""front_bracket"", ""front_bracket_screw""]","[""carried_forward_state""]",carried_forward_state,carried_forward_state,11110111100,[],002521.jpg,
10_assy_0_1,2522,11110111100,0.97,"[[""11110111100"", 0.97]]","[""base"", ""front_chassis"", ""front_chassis_pin"", ""rear_chassis"", ""front_rear_chassis_pin"", ""rear_rear_chassis_pin"", ""front_bracket"", ""front_bracket_screw""]","[""carried_forward_state""]",carried_forward_state,carried_forward_state,11110111100,[],002522.jpg,
10_assy_0_1,2523,11110111100,0.97,"[[""11110111100"", 0.97]]","[""base"", ""front_chassis"", ""front_chassis_pin"", ""rear_chassis"", ""front_rear_chassis_pin"", ""rear_rear_chassis_pin"", ""front_bracket"", ""front_bracket_screw""]","[""carried_forward_state""]",carried_forward_state,carried_forward_state,11110111100,[],002523.jpg,
10_assy_0_1,2524,11110111100,0.97,"[[""11110111100"", 0.97]]","[""base"", ""front_chassis"", ""front_chassis_pin"", ""rear_chassis"", ""front_rear_chassis_pin"", ""rear_rear_chassis_pin"", ""front_bracket"", ""front_bracket_screw""]","[""carried_forward_state""]",carried_forward_state,carried_forward_state,11110111100,[],002524.jpg,
10_assy_0_1,2525,11110111100,0.97,"[[""11110111100"", 0.97]]","[""base"", ""front_chassis"", ""front_chassis_pin"", ""rear_chassis"", ""front_rear_chassis_pin"", ""rear_rear_chassis_pin"", ""front_bracket"", ""front_bracket_screw""]","[""carried_forward_state""]",carried_forward_state,carried_forward_state,11110111100,[],002525.jpg,
10_assy_0_1,2526,11110111100,0.97,"[[""11110111100"", 0.97]]","[""base"", ""front_chassis"", ""front_chassis_pin"", ""rear_chassis"", ""front_rear_chassis_pin"", ""rear_rear_chassis_pin"", ""front_bracket"", ""front_bracket_screw""]","[""carried_forward_state""]",carried_forward_state,carried_forward_state,11110111100,[],002526.jpg,
10_assy_0_1,2527,11110111100,0.97,"[[""11110111100"", 0.97]]","[""base"", ""front_chassis"", ""front_chassis_pin"", ""rear_chassis"", ""front_rear_chassis_pin"", ""rear_rear_chassis_pin"", ""front_bracket"", ""front_bracket_screw""]","[""carried_forward_state""]",carried_forward_state,carried_forward_state,11110111100,[],002527.jpg,
10_assy_0_1,2528,11110111100,0.97,"[[""11110111100"", 0.97]]","[""base"", ""front_chassis"", ""front_chassis_pin"", ""rear_chassis"", ""front_rear_chassis_pin"", ""rear_rear_chassis_pin"", ""front_bracket"", ""front_bracket_screw""]","[""carried_forward_state""]",carried_forward_state,carried_forward_state,11110111100,[],002528.jpg,
10_assy_0_1,2529,11110111100,0.97,"[[""11110111100"", 0.97]]","[""base"", ""front_chassis"", ""front_chassis_pin"", ""rear_chassis"", ""front_rear_chassis_pin"", ""rear_rear_chassis_pin"", ""front_bracket"", ""front_bracket_screw""]","[""carried_forward_state""]",carried_forward_state,carried_forward_state,11110111100,[],002529.jpg,
10_assy_0_1,2530,11110111100,0.97,"[[""11110111100"", 0.97]]","[""base"", ""front_chassis"", ""front_chassis_pin"", ""rear_chassis"", ""front_rear_chassis_pin"", ""rear_rear_chassis_pin"", ""front_bracket"", ""front_bracket_screw""]","[""carried_forward_state""]",carried_forward_state,carried_forward_state,11110111100,[],002530.jpg,
10_assy_0_1,2531,11110111100,0.97,"[[""11110111100"", 0.97]]","[""base"", ""front_chassis"", ""front_chassis_pin"", ""rear_chassis"", ""front_rear_chassis_pin"", ""rear_rear_chassis_pin"", ""front_bracket"", ""front_bracket_screw""]","[""carried_forward_state""]",carried_forward_state,carried_forward_state,11110111100,[],002531.jpg,
10_assy_0_1,2532,11110111100,0.97,"[[""11110111100"", 0.97]]","[""base"", ""front_chassis"", ""front_chassis_pin"", ""rear_chassis"", ""front_rear_chassis_pin"", ""rear_rear_chassis_pin"", ""front_bracket"", ""front_bracket_screw""]","[""carried_forward_state""]",carried_forward_state,carried_forward_state,11110111100,[],002532.jpg,
10_assy_0_1,2533,11110111100,0.97,"[[""11110111100"", 0.97]]","[""base"", ""front_chassis"", ""front_chassis_pin"", ""rear_chassis"", ""front_rear_chassis_pin"", ""rear_rear_chassis_pin"", ""front_bracket"", ""front_bracket_screw""]","[""carried_forward_state""]",carried_forward_state,carried_forward_state,11110111100,[],002533.jpg,
10_assy_0_1,2534,11110111100,0.97,"[[""11110111100"", 0.97]]","[""base"", ""front_chassis"", ""front_chassis_pin"", ""rear_chassis"", ""front_rear_chassis_pin"", ""rear_rear_chassis_pin"", ""front_bracket"", ""front_bracket_screw""]","[""carried_forward_state""]",carried_forward_state,carried_forward_state,11110111100,[],002534.jpg,
10_assy_0_1,2535,11110111100,0.97,"[[""11110111100"", 0.97]]","[""base"", ""front_chassis"", ""front_chassis_pin"", ""rear_chassis"", ""front_rear_chassis_pin"", ""rear_rear_chassis_pin"", ""front_bracket"", ""front_bracket_screw""]","[""carried_forward_state""]",carried_forward_state,carried_forward_state,11110111100,[],002535.jpg,
10_assy_0_1,2536,11110111100,0.97,"[[""11110111100"", 0.97]]","[""base"", ""front_chassis"", ""front_chassis_pin"", ""rear_chassis"", ""front_rear_chassis_pin"", ""rear_rear_chassis_pin"", ""front_bracket"", ""front_bracket_screw""]","[""carried_forward_state""]",carried_forward_state,carried_forward_state,11110111100,[],002536.jpg,
10_assy_0_1,2537,11110111100,0.97,"[[""11110111100"", 0.97]]","[""base"", ""front_chassis"", ""front_chassis_pin"", ""rear_chassis"", ""front_rear_chassis_pin"", ""rear_rear_chassis_pin"", ""front_bracket"", ""front_bracket_screw""]","[""carried_forward_state""]",carried_forward_state,carried_forward_state,11110111100,[],002537.jpg,
10_assy_0_1,2538,11110111100,0.97,"[[""11110111100"", 0.97]]","[""base"", ""front_chassis"", ""front_chassis_pin"", ""rear_chassis"", ""front_rear_chassis_pin"", ""rear_rear_chassis_pin"", ""front_bracket"", ""front_bracket_screw""]","[""carried_forward_state""]",carried_forward_state,carried_forward_state,11110111100,[],002538.jpg,
10_assy_0_1,2539,11110111100,0.97,"[[""11110111100"", 0.97]]","[""base"", ""front_chassis"", ""front_chassis_pin"", ""rear_chassis"", ""front_rear_chassis_pin"", ""rear_rear_chassis_pin"", ""front_bracket"", ""front_bracket_screw""]","[""carried_forward_state""]",carried_forward_state,carried_forward_state,11110111100,[],002539.jpg,
10_assy_0_1,2540,11110111100,0.97,"[[""11110111100"", 0.97]]","[""base"", ""front_chassis"", ""front_chassis_pin"", ""rear_chassis"", ""front_rear_chassis_pin"", ""rear_rear_chassis_pin"", ""front_bracket"", ""front_bracket_screw""]","[""carried_forward_state""]",carried_forward_state,carried_forward_state,11110111100,[],002540.jpg,
10_assy_0_1,2541,11110111100,0.97,"[[""11110111100"", 0.97]]","[""base"", ""front_chassis"", ""front_chassis_pin"", ""rear_chassis"", ""front_rear_chassis_pin"", ""rear_rear_chassis_pin"", ""front_bracket"", ""front_bracket_screw""]","[""carried_forward_state""]",carried_forward_state,carried_forward_state,11110111100,[],002541.jpg,
10_assy_0_1,2542,11110111100,0.97,"[[""11110111100"", 0.97]]","[""base"", ""front_chassis"", ""front_chassis_pin"", ""rear_chassis"", ""front_rear_chassis_pin"", ""rear_rear_chassis_pin"", ""front_bracket"", ""front_bracket_screw""]","[""carried_forward_state""]",carried_forward_state,carried_forward_state,11110111100,[],002542.jpg,
10_assy_0_1,2543,11110111100,0.97,"[[""11110111100"", 0.97]]","[""base"", ""front_chassis"", ""front_chassis_pin"", ""rear_chassis"", ""front_rear_chassis_pin"", ""rear_rear_chassis_pin"", ""front_bracket"", ""front_bracket_screw""]","[""carried_forward_state""]",carried_forward_state,carried_forward_state,11110111100,[],002543.jpg,
10_assy_0_1,2544,11110111100,0.97,"[[""11110111100"", 0.97]]","[""base"", ""front_chassis"", ""front_chassis_pin"", ""rear_chassis"", ""front_rear_chassis_pin"", ""rear_rear_chassis_pin"", ""front_bracket"", ""front_bracket_screw""]","[""carried_forward_state""]",carried_forward_state,carried_forward_state,11110111100,[],002544.jpg,
10_assy_0_1,2545,11110111100,0.97,"[[""11110111100"", 0.97]]","[""base"", ""front_chassis"", ""front_chassis_pin"", ""rear_chassis"", ""front_rear_chassis_pin"", ""rear_rear_chassis_pin"", ""front_bracket"", ""front_bracket_screw""]","[""carried_forward_state""]",carried_forward_state,carried_forward_state,11110111100,[],002545.jpg,
10_assy_0_1,2546,11110111100,0.97,"[[""11110111100"", 0.97]]","[""base"", ""front_chassis"", ""front_chassis_pin"", ""rear_chassis"", ""front_rear_chassis_pin"", ""rear_rear_chassis_pin"", ""front_bracket"", ""front_bracket_screw""]","[""carried_forward_state""]",carried_forward_state,carried_forward_state,11110111100,[],002546.jpg,
10_assy_0_1,2547,11110111100,0.97,"[[""11110111100"", 0.97]]","[""base"", ""front_chassis"", ""front_chassis_pin"", ""rear_chassis"", ""front_rear_chassis_pin"", ""rear_rear_chassis_pin"", ""front_bracket"", ""front_bracket_screw""]","[""carried_forward_state""]",carried_forward_state,carried_forward_state,11110111100,[],002547.jpg,
10_assy_0_1,2548,11110111100,0.97,"[[""11110111100"", 0.97]]","[""base"", ""front_chassis"", ""front_chassis_pin"", ""rear_chassis"", ""front_rear_chassis_pin"", ""rear_rear_chassis_pin"", ""front_bracket"", ""front_bracket_screw""]","[""carried_forward_state""]",carried_forward_state,carried_forward_state,11110111100,[],002548.jpg,
10_assy_0_1,2549,11110111100,0.97,"[[""11110111100"", 0.97]]","[""base"", ""front_chassis"", ""front_chassis_pin"", ""rear_chassis"", ""front_rear_chassis_pin"", ""rear_rear_chassis_pin"", ""front_bracket"", ""front_bracket_screw""]","[""carried_forward_state""]",carried_forward_state,carried_forward_state,11110111100,[],002549.jpg,
10_assy_0_1,2550,11110111100,0.97,"[[""11110111100"", 0.97]]","[""base"", ""front_chassis"", ""front_chassis_pin"", ""rear_chassis"", ""front_rear_chassis_pin"", ""rear_rear_chassis_pin"", ""front_bracket"", ""front_bracket_screw""]","[""carried_forward_state""]",carried_forward_state,carried_forward_state,11110111100,[],002550.jpg,
10_assy_0_1,2551,11110111100,0.97,"[[""11110111100"", 0.97]]","[""base"", ""front_chassis"", ""front_chassis_pin"", ""rear_chassis"", ""front_rear_chassis_pin"", ""rear_rear_chassis_pin"", ""front_bracket"", ""front_bracket_screw""]","[""carried_forward_state""]",carried_forward_state,carried_forward_state,11110111100,[],002551.jpg,
10_assy_0_1,2552,11110111100,0.97,"[[""11110111100"", 0.97]]","[""base"", ""front_chassis"", ""front_chassis_pin"", ""rear_chassis"", ""front_rear_chassis_pin"", ""rear_rear_chassis_pin"", ""front_bracket"", ""front_bracket_screw""]","[""carried_forward_state""]",carried_forward_state,carried_forward_state,11110111100,[],002552.jpg,
10_assy_0_1,2553,11110111100,0.97,"[[""11110111100"", 0.97]]","[""base"", ""front_chassis"", ""front_chassis_pin"", ""rear_chassis"", ""front_rear_chassis_pin"", ""rear_rear_chassis_pin"", ""front_bracket"", ""front_bracket_screw""]","[""carried_forward_state""]",carried_forward_state,carried_forward_state,11110111100,[],002553.jpg,
10_assy_0_1,2554,11110111100,0.97,"[[""11110111100"", 0.97]]","[""base"", ""front_chassis"", ""front_chassis_pin"", ""rear_chassis"", ""front_rear_chassis_pin"", ""rear_rear_chassis_pin"", ""front_bracket"", ""front_bracket_screw""]","[""carried_forward_state""]",carried_forward_state,carried_forward_state,11110111100,[],002554.jpg,
10_assy_0_1,2555,11110111100,0.97,"[[""11110111100"", 0.97]]","[""base"", ""front_chassis"", ""front_chassis_pin"", ""rear_chassis"", ""front_rear_chassis_pin"", ""rear_rear_chassis_pin"", ""front_bracket"", ""front_bracket_screw""]","[""carried_forward_state""]",carried_forward_state,carried_forward_state,11110111100,[],002555.jpg,
10_assy_0_1,2556,11110111100,0.97,"[[""11110111100"", 0.97]]","[""base"", ""front_chassis"", ""front_chassis_pin"", ""rear_chassis"", ""front_rear_chassis_pin"", ""rear_rear_chassis_pin"", ""front_bracket"", ""front_bracket_screw""]","[""carried_forward_state""]",carried_forward_state,carried_forward_state,11110111100,[],002556.jpg,
10_assy_0_1,2557,11110111100,0.97,"[[""11110111100"", 0.97]]","[""base"", ""front_chassis"", ""front_chassis_pin"", ""rear_chassis"", ""front_rear_chassis_pin"", ""rear_rear_chassis_pin"", ""front_bracket"", ""front_bracket_screw""]","[""carried_forward_state""]",carried_forward_state,carried_forward_state,11110111100,[],002557.jpg,
10_assy_0_1,2558,11110111100,0.97,"[[""11110111100"", 0.97]]","[""base"", ""front_chassis"", ""front_chassis_pin"", ""rear_chassis"", ""front_rear_chassis_pin"", ""rear_rear_chassis_pin"", ""front_bracket"", ""front_bracket_screw""]","[""carried_forward_state""]",carried_forward_state,carried_forward_state,11110111100,[],002558.jpg,
10_assy_0_1,2559,11110111100,0.97,"[[""11110111100"", 0.97]]","[""base"", ""front_chassis"", ""front_chassis_pin"", ""rear_chassis"", ""front_rear_chassis_pin"", ""rear_rear_chassis_pin"", ""front_bracket"", ""front_bracket_screw""]","[""carried_forward_state""]",carried_forward_state,carried_forward_state,11110111100,[],002559.jpg,
10_assy_0_1,2560,11110111100,0.97,"[[""11110111100"", 0.97]]","[""base"", ""front_chassis"", ""front_chassis_pin"", ""rear_chassis"", ""front_rear_chassis_pin"", ""rear_rear_chassis_pin"", ""front_bracket"", ""front_bracket_screw""]","[""carried_forward_state""]",carried_forward_state,carried_forward_state,11110111100,[],002560.jpg,
10_assy_0_1,2561,11110111100,0.97,"[[""11110111100"", 0.97]]","[""base"", ""front_chassis"", ""front_chassis_pin"", ""rear_chassis"", ""front_rear_chassis_pin"", ""rear_rear_chassis_pin"", ""front_bracket"", ""front_bracket_screw""]","[""carried_forward_state""]",carried_forward_state,carried_forward_state,11110111100,[],002561.jpg,
10_assy_0_1,2562,11110111100,0.97,"[[""11110111100"", 0.97]]","[""base"", ""front_chassis"", ""front_chassis_pin"", ""rear_chassis"", ""front_rear_chassis_pin"", ""rear_rear_chassis_pin"", ""front_bracket"", ""front_bracket_screw""]","[""carried_forward_state""]",carried_forward_state,carried_forward_state,11110111100,[],002562.jpg,
10_assy_0_1,2563,11110111101,1.0,"[[""11110111101"", 1.0]]","[""base"", ""front_chassis"", ""front_chassis_pin"", ""rear_chassis"", ""front_rear_chassis_pin"", ""rear_rear_chassis_pin"", ""front_bracket"", ""front_bracket_screw"", ""rear_wheel_assy""]","[""observed_label""]",observed_label,observed_label,11110111101,[],002563.jpg,2563
10_assy_0_1,2564,11110111101,1.0,"[[""11110111101"", 1.0]]","[""base"", ""front_chassis"", ""front_chassis_pin"", ""rear_chassis"", ""front_rear_chassis_pin"", ""rear_rear_chassis_pin"", ""front_bracket"", ""front_bracket_screw"", ""rear_wheel_assy""]","[""observed_label""]",observed_label,observed_label,11110111101,[],002564.jpg,2564
10_assy_0_1,2565,11110111101,1.0,"[[""11110111101"", 1.0]]","[""base"", ""front_chassis"", ""front_chassis_pin"", ""rear_chassis"", ""front_rear_chassis_pin"", ""rear_rear_chassis_pin"", ""front_bracket"", ""front_bracket_screw"", ""rear_wheel_assy""]","[""observed_label""]",observed_label,observed_label,11110111101,[],002565.jpg,2565
10_assy_0_1,2566,11110111101,1.0,"[[""11110111101"", 1.0]]","[""base"", ""front_chassis"", ""front_chassis_pin"", ""rear_chassis"", ""front_rear_chassis_pin"", ""rear_rear_chassis_pin"", ""front_bracket"", ""front_bracket_screw"", ""rear_wheel_assy""]","[""observed_label""]",observed_label,observed_label,11110111101,[],002566.jpg,2566
10_assy_0_1,2567,11110111101,1.0,"[[""11110111101"", 1.0]]","[""base"", ""front_chassis"", ""front_chassis_pin"", ""rear_chassis"", ""front_rear_chassis_pin"", ""rear_rear_chassis_pin"", ""front_bracket"", ""front_bracket_screw"", ""rear_wheel_assy""]","[""observed_label""]",observed_label,observed_label,11110111101,[],002567.jpg,2567
10_assy_0_1,2568,11110111101,1.0,"[[""11110111101"", 1.0]]","[""base"", ""front_chassis"", ""front_chassis_pin"", ""rear_chassis"", ""front_rear_chassis_pin"", ""rear_rear_chassis_pin"", ""front_bracket"", ""front_bracket_screw"", ""rear_wheel_assy""]","[""observed_label""]",observed_label,observed_label,11110111101,[],002568.jpg,2568
10_assy_0_1,2569,11110111101,1.0,"[[""11110111101"", 1.0]]","[""base"", ""front_chassis"", ""front_chassis_pin"", ""rear_chassis"", ""front_rear_chassis_pin"", ""rear_rear_chassis_pin"", ""front_bracket"", ""front_bracket_screw"", ""rear_wheel_assy""]","[""observed_label""]",observed_label,observed_label,11110111101,[],002569.jpg,2569
10_assy_0_1,2570,11110111101,1.0,"[[""11110111101"", 1.0]]","[""base"", ""front_chassis"", ""front_chassis_pin"", ""rear_chassis"", ""front_rear_chassis_pin"", ""rear_rear_chassis_pin"", ""front_bracket"", ""front_bracket_screw"", ""rear_wheel_assy""]","[""observed_label""]",observed_label,observed_label,11110111101,[],002570.jpg,2570
10_assy_0_1,2571,11110111101,1.0,"[[""11110111101"", 1.0]]","[""base"", ""front_chassis"", ""front_chassis_pin"", ""rear_chassis"", ""front_rear_chassis_pin"", ""rear_rear_chassis_pin"", ""front_bracket"", ""front_bracket_screw"", ""rear_wheel_assy""]","[""observed_label""]",observed_label,observed_label,11110111101,[],002571.jpg,2571
10_assy_0_1,2572,11110111101,1.0,"[[""11110111101"", 1.0]]","[""base"", ""front_chassis"", ""front_chassis_pin"", ""rear_chassis"", ""front_rear_chassis_pin"", ""rear_rear_chassis_pin"", ""front_bracket"", ""front_bracket_screw"", ""rear_wheel_assy""]","[""observed_label""]",observed_label,observed_label,11110111101,[],002572.jpg,2572
10_assy_0_1,2573,11110111101,1.0,"[[""11110111101"", 1.0]]","[""base"", ""front_chassis"", ""front_chassis_pin"", ""rear_chassis"", ""front_rear_chassis_pin"", ""rear_rear_chassis_pin"", ""front_bracket"", ""front_bracket_screw"", ""rear_wheel_assy""]","[""observed_label""]",observed_label,observed_label,11110111101,[],002573.jpg,2573
10_assy_0_1,2574,11110111101,1.0,"[[""11110111101"", 1.0]]","[""base"", ""front_chassis"", ""front_chassis_pin"", ""rear_chassis"", ""front_rear_chassis_pin"", ""rear_rear_chassis_pin"", ""front_bracket"", ""front_bracket_screw"", ""rear_wheel_assy""]","[""observed_label""]",observed_label,observed_label,11110111101,[],002574.jpg,2574
10_assy_0_1,2575,11110111101,1.0,"[[""11110111101"", 1.0]]","[""base"", ""front_chassis"", ""front_chassis_pin"", ""rear_chassis"", ""front_rear_chassis_pin"", ""rear_rear_chassis_pin"", ""front_bracket"", ""front_bracket_screw"", ""rear_wheel_assy""]","[""observed_label""]",observed_label,observed_label,11110111101,[],002575.jpg,2575
10_assy_0_1,2576,11110111101,1.0,"[[""11110111101"", 1.0]]","[""base"", ""front_chassis"", ""front_chassis_pin"", ""rear_chassis"", ""front_rear_chassis_pin"", ""rear_rear_chassis_pin"", ""front_bracket"", ""front_bracket_screw"", ""rear_wheel_assy""]","[""observed_label""]",observed_label,observed_label,11110111101,[],002576.jpg,2576
10_assy_0_1,2577,11110111101,1.0,"[[""11110111101"", 1.0]]","[""base"", ""front_chassis"", ""front_chassis_pin"", ""rear_chassis"", ""front_rear_chassis_pin"", ""rear_rear_chassis_pin"", ""front_bracket"", ""front_bracket_screw"", ""rear_wheel_assy""]","[""observed_label""]",observed_label,observed_label,11110111101,[],002577.jpg,2577
10_assy_0_1,2578,11110111101,1.0,"[[""11110111101"", 1.0]]","[""base"", ""front_chassis"", ""front_chassis_pin"", ""rear_chassis"", ""front_rear_chassis_pin"", ""rear_rear_chassis_pin"", ""front_bracket"", ""front_bracket_screw"", ""rear_wheel_assy""]","[""observed_label""]",observed_label,observed_label,11110111101,[],002578.jpg,2578
10_assy_0_1,2579,11110111101,1.0,"[[""11110111101"", 1.0]]","[""base"", ""front_chassis"", ""front_chassis_pin"", ""rear_chassis"", ""front_rear_chassis_pin"", ""rear_rear_chassis_pin"", ""front_bracket"", ""front_bracket_screw"", ""rear_wheel_assy""]","[""observed_label""]",observed_label,observed_label,11110111101,[],002579.jpg,2579
10_assy_0_1,2580,11110111101,1.0,"[[""11110111101"", 1.0]]","[""base"", ""front_chassis"", ""front_chassis_pin"", ""rear_chassis"", ""front_rear_chassis_pin"", ""rear_rear_chassis_pin"", ""front_bracket"", ""front_bracket_screw"", ""rear_wheel_assy""]","[""observed_label""]",observed_label,observed_label,11110111101,[],002580.jpg,2580
10_assy_0_1,2581,11110111101,1.0,"[[""11110111101"", 1.0]]","[""base"", ""front_chassis"", ""front_chassis_pin"", ""rear_chassis"", ""front_rear_chassis_pin"", ""rear_rear_chassis_pin"", ""front_bracket"", ""front_bracket_screw"", ""rear_wheel_assy""]","[""observed_label""]",observed_label,observed_label,11110111101,[],002581.jpg,2581
10_assy_0_1,2582,11110111101,1.0,"[[""11110111101"", 1.0]]","[""base"", ""front_chassis"", ""front_chassis_pin"", ""rear_chassis"", ""front_rear_chassis_pin"", ""rear_rear_chassis_pin"", ""front_bracket"", ""front_bracket_screw"", ""rear_wheel_assy""]","[""observed_label""]",observed_label,observed_label,11110111101,[],002582.jpg,2582
10_assy_0_1,2583,11110111101,1.0,"[[""11110111101"", 1.0]]","[""base"", ""front_chassis"", ""front_chassis_pin"", ""rear_chassis"", ""front_rear_chassis_pin"", ""rear_rear_chassis_pin"", ""front_bracket"", ""front_bracket_screw"", ""rear_wheel_assy""]","[""observed_label""]",observed_label,observed_label,11110111101,[],002583.jpg,2583
10_assy_0_1,2584,11110111101,1.0,"[[""11110111101"", 1.0]]","[""base"", ""front_chassis"", ""front_chassis_pin"", ""rear_chassis"", ""front_rear_chassis_pin"", ""rear_rear_chassis_pin"", ""front_bracket"", ""front_bracket_screw"", ""rear_wheel_assy""]","[""observed_label""]",observed_label,observed_label,11110111101,[],002584.jpg,2584
10_assy_0_1,2585,11110111101,1.0,"[[""11110111101"", 1.0]]","[""base"", ""front_chassis"", ""front_chassis_pin"", ""rear_chassis"", ""front_rear_chassis_pin"", ""rear_rear_chassis_pin"", ""front_bracket"", ""front_bracket_screw"", ""rear_wheel_assy""]","[""observed_label""]",observed_label,observed_label,11110111101,[],002585.jpg,2585
